EDICION,TABLA,COLUMNA,NOMBRE_ORIGINAL,ETIQUETA
2012,estudiantes,CNT,CNT,Country code 3-character
2012,estudiantes,SUBNATIO,SUBNATIO,Adjudicated sub-region code 7-digit code (3-digit country code + region ID + stratum ID)
2012,estudiantes,STRATUM,STRATUM,Stratum ID 7-character (cnt + region ID + original stratum ID)
2012,estudiantes,OECD,OECD,OECD country
2012,estudiantes,NC,NC,National Centre 6-digit Code
2012,estudiantes,CNTSCHID,SCHOOLID,School ID 7-digit (region ID + stratum ID + 3-digit school ID)
2012,estudiantes,CNTSTUID,StIDStd,Student ID
2012,estudiantes,ST01Q01,ST01Q01,International Grade
2012,estudiantes,ST02Q01,ST02Q01,National Study Programme
2012,estudiantes,ST03Q01,ST03Q01,Birth - Month
2012,estudiantes,ST03Q02,ST03Q02,Birth -Year
2012,estudiantes,ST04Q01,ST04Q01,Gender
2012,estudiantes,ST05Q01,ST05Q01,Attend <ISCED 0>
2012,estudiantes,ST06Q01,ST06Q01,Age at <ISCED 1>
2012,estudiantes,ST07Q01,ST07Q01,Repeat - <ISCED 1>
2012,estudiantes,ST07Q02,ST07Q02,Repeat - <ISCED 2>
2012,estudiantes,ST07Q03,ST07Q03,Repeat - <ISCED 3>
2012,estudiantes,ST08Q01,ST08Q01,Truancy - Late for School
2012,estudiantes,ST09Q01,ST09Q01,Truancy - Skip whole school day
2012,estudiantes,ST115Q01,ST115Q01,Truancy - Skip classes within school day
2012,estudiantes,ST11Q01,ST11Q01,At Home - Mother
2012,estudiantes,ST11Q02,ST11Q02,At Home - Father
2012,estudiantes,ST11Q03,ST11Q03,At Home - Brothers
2012,estudiantes,ST11Q04,ST11Q04,At Home - Sisters
2012,estudiantes,ST11Q05,ST11Q05,At Home - Grandparents
2012,estudiantes,ST11Q06,ST11Q06,At Home - Others
2012,estudiantes,ST13Q01,ST13Q01,Mother<Highest Schooling>
2012,estudiantes,ST14Q01,ST14Q01,Mother Qualifications - <ISCED level 6>
2012,estudiantes,ST14Q02,ST14Q02,Mother Qualifications - <ISCED level 5A>
2012,estudiantes,ST14Q03,ST14Q03,Mother Qualifications - <ISCED level 5B>
2012,estudiantes,ST14Q04,ST14Q04,Mother Qualifications - <ISCED level 4>
2012,estudiantes,ST15Q01,ST15Q01,Mother Current Job Status
2012,estudiantes,ST17Q01,ST17Q01,Father<Highest Schooling>
2012,estudiantes,ST18Q01,ST18Q01,Father Qualifications - <ISCED level 6>
2012,estudiantes,ST18Q02,ST18Q02,Father Qualifications - <ISCED level 5A>
2012,estudiantes,ST18Q03,ST18Q03,Father Qualifications - <ISCED level 5B>
2012,estudiantes,ST18Q04,ST18Q04,Father Qualifications - <ISCED level 4>
2012,estudiantes,ST19Q01,ST19Q01,Father Current Job Status
2012,estudiantes,ST20Q01,ST20Q01,Country of Birth International - Self
2012,estudiantes,ST20Q02,ST20Q02,Country of Birth International - Mother
2012,estudiantes,ST20Q03,ST20Q03,Country of Birth International - Father
2012,estudiantes,ST21Q01,ST21Q01,Age of arrival in <country of test>
2012,estudiantes,ST25Q01,ST25Q01,International Language at Home
2012,estudiantes,ST26Q01,ST26Q01,Possessions - desk
2012,estudiantes,ST26Q02,ST26Q02,Possessions - own room
2012,estudiantes,ST26Q03,ST26Q03,Possessions - study place
2012,estudiantes,ST26Q04,ST26Q04,Possessions - computer
2012,estudiantes,ST26Q05,ST26Q05,Possessions - software
2012,estudiantes,ST26Q06,ST26Q06,Possessions - Internet
2012,estudiantes,ST26Q07,ST26Q07,Possessions - literature
2012,estudiantes,ST26Q08,ST26Q08,Possessions - poetry
2012,estudiantes,ST26Q09,ST26Q09,Possessions - art
2012,estudiantes,ST26Q10,ST26Q10,Possessions - textbooks
2012,estudiantes,ST26Q11,ST26Q11,Possessions - <technical reference books>
2012,estudiantes,ST26Q12,ST26Q12,Possessions - dictionary
2012,estudiantes,ST26Q13,ST26Q13,Possessions - dishwasher
2012,estudiantes,ST26Q14,ST26Q14,Possessions - <DVD>
2012,estudiantes,ST26Q15,ST26Q15,Possessions - <Country item 1>
2012,estudiantes,ST26Q16,ST26Q16,Possessions - <Country item 2>
2012,estudiantes,ST26Q17,ST26Q17,Possessions - <Country item 3>
2012,estudiantes,ST27Q01,ST27Q01,How many - cellular phones
2012,estudiantes,ST27Q02,ST27Q02,How many - televisions
2012,estudiantes,ST27Q03,ST27Q03,How many - computers
2012,estudiantes,ST27Q04,ST27Q04,How many - cars
2012,estudiantes,ST27Q05,ST27Q05,How many - rooms bath or shower
2012,estudiantes,ST28Q01,ST28Q01,How many books at home
2012,estudiantes,ST29Q01,ST29Q01,Maths Interest - Enjoy Reading
2012,estudiantes,ST29Q02,ST29Q02,Instrumental Motivation - Worthwhile for Work
2012,estudiantes,ST29Q03,ST29Q03,Maths Interest - Look Forward to Lessons
2012,estudiantes,ST29Q04,ST29Q04,Maths Interest - Enjoy Maths
2012,estudiantes,ST29Q05,ST29Q05,Instrumental Motivation - Worthwhile for Career Chances
2012,estudiantes,ST29Q06,ST29Q06,Maths Interest - Interested
2012,estudiantes,ST29Q07,ST29Q07,Instrumental Motivation - Important for Future Study
2012,estudiantes,ST29Q08,ST29Q08,Instrumental Motivation - Helps to Get a Job
2012,estudiantes,ST35Q01,ST35Q01,Subjective Norms - Friends Do Well in Mathematics
2012,estudiantes,ST35Q02,ST35Q02,Subjective Norms - Friends Work Hard on Mathematics
2012,estudiantes,ST35Q03,ST35Q03,Subjective Norms - Friends Enjoy Mathematics Tests
2012,estudiantes,ST35Q04,ST35Q04,Subjective Norms - Parents Believe Studying Mathematics Is Important
2012,estudiantes,ST35Q05,ST35Q05,Subjective Norms - Parents Believe Mathematics Is Important for Career
2012,estudiantes,ST35Q06,ST35Q06,Subjective Norms - Parents Like Mathematics
2012,estudiantes,ST37Q01,ST37Q01,Maths Self-Efficacy - Using a <Train Timetable>
2012,estudiantes,ST37Q02,ST37Q02,Maths Self-Efficacy - Calculating TV Discount
2012,estudiantes,ST37Q03,ST37Q03,Maths Self-Efficacy - Calculating Square Metres of Tiles
2012,estudiantes,ST37Q04,ST37Q04,Maths Self-Efficacy - Understanding Graphs in Newspapers
2012,estudiantes,ST37Q05,ST37Q05,Maths Self-Efficacy - Solving Equation 1
2012,estudiantes,ST37Q06,ST37Q06,Maths Self-Efficacy - Distance to Scale
2012,estudiantes,ST37Q07,ST37Q07,Maths Self-Efficacy - Solving Equation 2
2012,estudiantes,ST37Q08,ST37Q08,Maths Self-Efficacy - Calculate Petrol Consumption Rate
2012,estudiantes,ST42Q01,ST42Q01,Maths Anxiety - Worry That It Will Be Difficult
2012,estudiantes,ST42Q02,ST42Q02,Maths Self-Concept - Not Good at Maths
2012,estudiantes,ST42Q03,ST42Q03,Maths Anxiety - Get Very Tense
2012,estudiantes,ST42Q04,ST42Q04,Maths Self-Concept - Get Good <Grades>
2012,estudiantes,ST42Q05,ST42Q05,Maths Anxiety - Get Very Nervous
2012,estudiantes,ST42Q06,ST42Q06,Maths Self-Concept - Learn Quickly
2012,estudiantes,ST42Q07,ST42Q07,Maths Self-Concept - One of Best Subjects
2012,estudiantes,ST42Q08,ST42Q08,Maths Anxiety - Feel Helpless
2012,estudiantes,ST42Q09,ST42Q09,Maths Self-Concept - Understand Difficult Work
2012,estudiantes,ST42Q10,ST42Q10,Maths Anxiety - Worry About Getting Poor <Grades>
2012,estudiantes,ST43Q01,ST43Q01,Perceived Control - Can Succeed with Enough Effort
2012,estudiantes,ST43Q02,ST43Q02,Perceived Control - Doing Well is Completely Up to Me
2012,estudiantes,ST43Q03,ST43Q03,Perceived Control - Family Demands and Problems
2012,estudiantes,ST43Q04,ST43Q04,Perceived Control - Different Teachers
2012,estudiantes,ST43Q05,ST43Q05,Perceived Control - If I Wanted I Could Perform Well
2012,estudiantes,ST43Q06,ST43Q06,Perceived Control - Perform Poorly Regardless
2012,estudiantes,ST44Q01,ST44Q01,Attributions to Failure - Not Good at Maths Problems
2012,estudiantes,ST44Q03,ST44Q03,Attributions to Failure - Teacher Did Not Explain Well
2012,estudiantes,ST44Q04,ST44Q04,Attributions to Failure - Bad Guesses
2012,estudiantes,ST44Q05,ST44Q05,Attributions to Failure - Material Too Hard
2012,estudiantes,ST44Q07,ST44Q07,Attributions to Failure - Teacher Didnt Get Students Interested
2012,estudiantes,ST44Q08,ST44Q08,Attributions to Failure - Unlucky
2012,estudiantes,ST46Q01,ST46Q01,Maths Work Ethic - Homework Completed in Time
2012,estudiantes,ST46Q02,ST46Q02,Maths Work Ethic - Work Hard on Homework
2012,estudiantes,ST46Q03,ST46Q03,Maths Work Ethic - Prepared for Exams
2012,estudiantes,ST46Q04,ST46Q04,Maths Work Ethic - Study Hard for Quizzes
2012,estudiantes,ST46Q05,ST46Q05,Maths Work Ethic - Study Until I Understand Everything
2012,estudiantes,ST46Q06,ST46Q06,Maths Work Ethic - Pay Attention in Classes
2012,estudiantes,ST46Q07,ST46Q07,Maths Work Ethic - Listen in Classes
2012,estudiantes,ST46Q08,ST46Q08,Maths Work Ethic - Avoid Distractions When Studying
2012,estudiantes,ST46Q09,ST46Q09,Maths Work Ethic - Keep Work Organized
2012,estudiantes,ST48Q01,ST48Q01,Maths Intentions - Mathematics vs. Language Courses After School
2012,estudiantes,ST48Q02,ST48Q02,Maths Intentions - Mathematics vs. Science Related Major in College
2012,estudiantes,ST48Q03,ST48Q03,Maths Intentions - Study Harder in Mathematics vs. Language Classes
2012,estudiantes,ST48Q04,ST48Q04,Maths Intentions - Take Maximum Number of Mathematics vs. Science Classes
2012,estudiantes,ST48Q05,ST48Q05,Maths Intentions - Pursuing a Career That Involves Mathematics vs. Science
2012,estudiantes,ST49Q01,ST49Q01,Maths Behaviour - Talk about Maths with Friends
2012,estudiantes,ST49Q02,ST49Q02,Maths Behaviour - Help Friends with Maths
2012,estudiantes,ST49Q03,ST49Q03,Maths Behaviour - <Extracurricular> Activity
2012,estudiantes,ST49Q04,ST49Q04,Maths Behaviour - Participate in Competitions
2012,estudiantes,ST49Q05,ST49Q05,Maths Behaviour - Study More Than 2 Extra Hours a Day
2012,estudiantes,ST49Q06,ST49Q06,Maths Behaviour - Play Chess
2012,estudiantes,ST49Q07,ST49Q07,Maths Behaviour - Computer programming
2012,estudiantes,ST49Q09,ST49Q09,Maths Behaviour - Participate in Maths Club
2012,estudiantes,ST53Q01,ST53Q01,Learning Strategies - Important Parts vs. Existing Knowledge vs. Learn by Heart
2012,estudiantes,ST53Q02,ST53Q02,Learning Strategies - Improve Understanding vs. New Ways vs. Memory
2012,estudiantes,ST53Q03,ST53Q03,Learning Strategies - Other Subjects vs. Learning Goals vs. Rehearse Problems
2012,estudiantes,ST53Q04,ST53Q04,Learning Strategies - Repeat Examples vs. Everyday Applications vs. More Information
2012,estudiantes,ST55Q01,ST55Q01,Out of school lessons - <test lang>
2012,estudiantes,ST55Q02,ST55Q02,Out of school lessons - <maths>
2012,estudiantes,ST55Q03,ST55Q03,Out of school lessons - <science>
2012,estudiantes,ST55Q04,ST55Q04,Out of school lessons - other
2012,estudiantes,ST57Q01,ST57Q01,Out-of-School Study Time - Homework
2012,estudiantes,ST57Q02,ST57Q02,Out-of-School Study Time - Guided Homework
2012,estudiantes,ST57Q03,ST57Q03,Out-of-School Study Time - Personal Tutor
2012,estudiantes,ST57Q04,ST57Q04,Out-of-School Study Time - Commercial Company
2012,estudiantes,ST57Q05,ST57Q05,Out-of-School Study Time - With Parent
2012,estudiantes,ST57Q06,ST57Q06,Out-of-School Study Time - Computer
2012,estudiantes,ST61Q01,ST61Q01,Experience with Applied Maths Tasks - Use <Train Timetable>
2012,estudiantes,ST61Q02,ST61Q02,Experience with Applied Maths Tasks - Calculate Price including Tax
2012,estudiantes,ST61Q03,ST61Q03,Experience with Applied Maths Tasks - Calculate Square Metres
2012,estudiantes,ST61Q04,ST61Q04,Experience with Applied Maths Tasks - Understand Scientific Tables
2012,estudiantes,ST61Q05,ST61Q05,Experience with Pure Maths Tasks - Solve Equation 1
2012,estudiantes,ST61Q06,ST61Q06,Experience with Applied Maths Tasks - Use a Map to Calculate Distance
2012,estudiantes,ST61Q07,ST61Q07,Experience with Pure Maths Tasks - Solve Equation 2
2012,estudiantes,ST61Q08,ST61Q08,Experience with Applied Maths Tasks - Calculate Power Consumption Rate
2012,estudiantes,ST61Q09,ST61Q09,Experience with Applied Maths Tasks - Solve Equation 3
2012,estudiantes,ST62Q01,ST62Q01,Familiarity with Maths Concepts - Exponential Function
2012,estudiantes,ST62Q02,ST62Q02,Familiarity with Maths Concepts - Divisor
2012,estudiantes,ST62Q03,ST62Q03,Familiarity with Maths Concepts - Quadratic Function
2012,estudiantes,ST62Q04,ST62Q04,Overclaiming - Proper Number
2012,estudiantes,ST62Q06,ST62Q06,Familiarity with Maths Concepts - Linear Equation
2012,estudiantes,ST62Q07,ST62Q07,Familiarity with Maths Concepts - Vectors
2012,estudiantes,ST62Q08,ST62Q08,Familiarity with Maths Concepts - Complex Number
2012,estudiantes,ST62Q09,ST62Q09,Familiarity with Maths Concepts - Rational Number
2012,estudiantes,ST62Q10,ST62Q10,Familiarity with Maths Concepts - Radicals
2012,estudiantes,ST62Q11,ST62Q11,Overclaiming - Subjunctive Scaling
2012,estudiantes,ST62Q12,ST62Q12,Familiarity with Maths Concepts - Polygon
2012,estudiantes,ST62Q13,ST62Q13,Overclaiming - Declarative Fraction
2012,estudiantes,ST62Q15,ST62Q15,Familiarity with Maths Concepts - Congruent Figure
2012,estudiantes,ST62Q16,ST62Q16,Familiarity with Maths Concepts - Cosine
2012,estudiantes,ST62Q17,ST62Q17,Familiarity with Maths Concepts - Arithmetic Mean
2012,estudiantes,ST62Q19,ST62Q19,Familiarity with Maths Concepts - Probability
2012,estudiantes,ST69Q01,ST69Q01,Min in <class period> - <test lang>
2012,estudiantes,ST69Q02,ST69Q02,Min in <class period> - <Maths>
2012,estudiantes,ST69Q03,ST69Q03,Min in <class period> - <Science>
2012,estudiantes,ST70Q01,ST70Q01,No of <class period> p/wk - <test lang>
2012,estudiantes,ST70Q02,ST70Q02,No of <class period> p/wk - <Maths>
2012,estudiantes,ST70Q03,ST70Q03,No of <class period> p/wk - <Science>
2012,estudiantes,ST71Q01,ST71Q01,No of ALL <class period> a week
2012,estudiantes,ST72Q01,ST72Q01,Class Size - No of Students in <Test Language> Class
2012,estudiantes,ST73Q01,ST73Q01,OTL - Algebraic Word Problem in Maths Lesson
2012,estudiantes,ST73Q02,ST73Q02,OTL - Algebraic Word Problem in Tests
2012,estudiantes,ST74Q01,ST74Q01,OTL - Procedural Task in Maths Lesson
2012,estudiantes,ST74Q02,ST74Q02,OTL - Procedural Task in Tests
2012,estudiantes,ST75Q01,ST75Q01,OTL - Pure Maths Reasoning in Maths Lesson
2012,estudiantes,ST75Q02,ST75Q02,OTL - Pure Maths Reasoning in Tests
2012,estudiantes,ST76Q01,ST76Q01,OTL - Applied Maths Reasoning in Maths Lesson
2012,estudiantes,ST76Q02,ST76Q02,OTL - Applied Maths Reasoning in Tests
2012,estudiantes,ST77Q01,ST77Q01,Maths Teaching - Teacher shows interest
2012,estudiantes,ST77Q02,ST77Q02,Maths Teaching - Extra help
2012,estudiantes,ST77Q04,ST77Q04,Maths Teaching - Teacher helps
2012,estudiantes,ST77Q05,ST77Q05,Maths Teaching - Teacher continues
2012,estudiantes,ST77Q06,ST77Q06,Maths Teaching - Express opinions
2012,estudiantes,ST79Q01,ST79Q01,Teacher-Directed Instruction - Sets Clear Goals
2012,estudiantes,ST79Q02,ST79Q02,Teacher-Directed Instruction - Encourages Thinking and Reasoning
2012,estudiantes,ST79Q03,ST79Q03,Student Orientation - Differentiates Between Students When Giving Tasks
2012,estudiantes,ST79Q04,ST79Q04,Student Orientation - Assigns Complex Projects
2012,estudiantes,ST79Q05,ST79Q05,Formative Assessment - Gives Feedback
2012,estudiantes,ST79Q06,ST79Q06,Teacher-Directed Instruction - Checks Understanding
2012,estudiantes,ST79Q07,ST79Q07,Student Orientation - Has Students Work in Small Groups
2012,estudiantes,ST79Q08,ST79Q08,Teacher-Directed Instruction - Summarizes Previous Lessons
2012,estudiantes,ST79Q10,ST79Q10,Student Orientation - Plans Classroom Activities
2012,estudiantes,ST79Q11,ST79Q11,Formative Assessment - Gives Feedback on Strengths and Weaknesses
2012,estudiantes,ST79Q12,ST79Q12,Formative Assessment - Informs about Expectations
2012,estudiantes,ST79Q15,ST79Q15,Teacher-Directed Instruction - Informs about Learning Goals
2012,estudiantes,ST79Q17,ST79Q17,Formative Assessment - Tells How to Get Better
2012,estudiantes,ST80Q01,ST80Q01,Cognitive Activation - Teacher Encourages to Reflect Problems
2012,estudiantes,ST80Q04,ST80Q04,Cognitive Activation - Gives Problems that Require to Think
2012,estudiantes,ST80Q05,ST80Q05,Cognitive Activation - Asks to Use Own Procedures
2012,estudiantes,ST80Q06,ST80Q06,Cognitive Activation - Presents Problems with No Obvious Solutions
2012,estudiantes,ST80Q07,ST80Q07,Cognitive Activation - Presents Problems in Different Contexts
2012,estudiantes,ST80Q08,ST80Q08,Cognitive Activation - Helps Learn from Mistakes
2012,estudiantes,ST80Q09,ST80Q09,Cognitive Activation - Asks for Explanations
2012,estudiantes,ST80Q10,ST80Q10,Cognitive Activation - Apply What We Learned
2012,estudiantes,ST80Q11,ST80Q11,Cognitive Activation - Problems with Multiple Solutions
2012,estudiantes,ST81Q01,ST81Q01,Disciplinary Climate - Students Don’t Listen
2012,estudiantes,ST81Q02,ST81Q02,Disciplinary Climate - Noise and Disorder
2012,estudiantes,ST81Q03,ST81Q03,Disciplinary Climate - Teacher Has to Wait Until its Quiet
2012,estudiantes,ST81Q04,ST81Q04,Disciplinary Climate - Students Don’t Work Well
2012,estudiantes,ST81Q05,ST81Q05,Disciplinary Climate - Students Start Working Late
2012,estudiantes,ST82Q01,ST82Q01,Vignette Teacher Support - Homework Every Other Day/Back in Time
2012,estudiantes,ST82Q02,ST82Q02,Vignette Teacher Support - Homework Once a Week/Back in Time
2012,estudiantes,ST82Q03,ST82Q03,Vignette Teacher Support - Homework Once a Week/Not Back in Time
2012,estudiantes,ST83Q01,ST83Q01,Teacher Support - Lets Us Know We Have to Work Hard
2012,estudiantes,ST83Q02,ST83Q02,Teacher Support - Provides Extra Help When Needed
2012,estudiantes,ST83Q03,ST83Q03,Teacher Support - Helps Students with Learning
2012,estudiantes,ST83Q04,ST83Q04,Teacher Support - Gives Opportunity to Express Opinions
2012,estudiantes,ST84Q01,ST84Q01,Vignette Classroom Management - Students Frequently Interrupt/Teacher Arrives Early
2012,estudiantes,ST84Q02,ST84Q02,Vignette Classroom Management - Students Are Calm/Teacher Arrives on Time
2012,estudiantes,ST84Q03,ST84Q03,Vignette Classroom Management - Students Frequently Interrupt/Teacher Arrives Late
2012,estudiantes,ST85Q01,ST85Q01,Classroom Management - Students Listen
2012,estudiantes,ST85Q02,ST85Q02,Classroom Management - Teacher Keeps Class Orderly
2012,estudiantes,ST85Q03,ST85Q03,Classroom Management - Teacher Starts On Time
2012,estudiantes,ST85Q04,ST85Q04,Classroom Management - Wait Long to <Quiet Down>
2012,estudiantes,ST86Q01,ST86Q01,Student-Teacher Relations - Get Along with Teachers
2012,estudiantes,ST86Q02,ST86Q02,Student-Teacher Relations - Teachers Are Interested
2012,estudiantes,ST86Q03,ST86Q03,Student-Teacher Relations - Teachers Listen to Students
2012,estudiantes,ST86Q04,ST86Q04,Student-Teacher Relations - Teachers Help Students
2012,estudiantes,ST86Q05,ST86Q05,Student-Teacher Relations - Teachers Treat Students Fair
2012,estudiantes,ST87Q01,ST87Q01,Sense of Belonging - Feel Like Outsider
2012,estudiantes,ST87Q02,ST87Q02,Sense of Belonging - Make Friends Easily
2012,estudiantes,ST87Q03,ST87Q03,Sense of Belonging - Belong at School
2012,estudiantes,ST87Q04,ST87Q04,Sense of Belonging - Feel Awkward at School
2012,estudiantes,ST87Q05,ST87Q05,Sense of Belonging - Liked by Other Students
2012,estudiantes,ST87Q06,ST87Q06,Sense of Belonging - Feel Lonely at School
2012,estudiantes,ST87Q07,ST87Q07,Sense of Belonging - Feel Happy at School
2012,estudiantes,ST87Q08,ST87Q08,Sense of Belonging - Things Are Ideal at School
2012,estudiantes,ST87Q09,ST87Q09,Sense of Belonging - Satisfied at School
2012,estudiantes,ST88Q01,ST88Q01,Attitude towards School - Does Little to Prepare Me for Life
2012,estudiantes,ST88Q02,ST88Q02,Attitude towards School - Waste of Time
2012,estudiantes,ST88Q03,ST88Q03,Attitude towards School - Gave Me Confidence
2012,estudiantes,ST88Q04,ST88Q04,Attitude towards School - Useful for Job
2012,estudiantes,ST89Q02,ST89Q02,Attitude toward School - Helps to Get a Job
2012,estudiantes,ST89Q03,ST89Q03,Attitude toward School - Prepare for College
2012,estudiantes,ST89Q04,ST89Q04,Attitude toward School - Enjoy Good Grades
2012,estudiantes,ST89Q05,ST89Q05,Attitude toward School - Trying Hard is Important
2012,estudiantes,ST91Q01,ST91Q01,Perceived Control - Can Succeed with Enough Effort
2012,estudiantes,ST91Q02,ST91Q02,Perceived Control - My Choice Whether I Will Be Good
2012,estudiantes,ST91Q03,ST91Q03,Perceived Control - Problems Prevent from Putting Effort into School
2012,estudiantes,ST91Q04,ST91Q04,Perceived Control - Different Teachers Would Make Me Try Harder
2012,estudiantes,ST91Q05,ST91Q05,Perceived Control - Could Perform Well if I Wanted
2012,estudiantes,ST91Q06,ST91Q06,Perceived Control - Perform Poor Regardless
2012,estudiantes,ST93Q01,ST93Q01,Perseverance - Give up easily
2012,estudiantes,ST93Q03,ST93Q03,Perseverance - Put off difficult problems
2012,estudiantes,ST93Q04,ST93Q04,Perseverance - Remain interested
2012,estudiantes,ST93Q06,ST93Q06,Perseverance - Continue to perfection
2012,estudiantes,ST93Q07,ST93Q07,Perseverance - Exceed expectations
2012,estudiantes,ST94Q05,ST94Q05,Openness for Problem Solving - Can Handle a Lot of Information
2012,estudiantes,ST94Q06,ST94Q06,Openness for Problem Solving - Quick to Understand
2012,estudiantes,ST94Q09,ST94Q09,Openness for Problem Solving - Seek Explanations
2012,estudiantes,ST94Q10,ST94Q10,Openness for Problem Solving - Can Link Facts
2012,estudiantes,ST94Q14,ST94Q14,Openness for Problem Solving - Like to Solve Complex Problems
2012,estudiantes,ST96Q01,ST96Q01,Problem Text Message - Press every button
2012,estudiantes,ST96Q02,ST96Q02,Problem Text Message - Trace steps
2012,estudiantes,ST96Q03,ST96Q03,Problem Text Message - Manual
2012,estudiantes,ST96Q05,ST96Q05,Problem Text Message - Ask a friend
2012,estudiantes,ST101Q01,ST101Q01,Problem Route Selection - Read brochure
2012,estudiantes,ST101Q02,ST101Q02,Problem Route Selection - Study map
2012,estudiantes,ST101Q03,ST101Q03,Problem Route Selection - Leave it to brother
2012,estudiantes,ST101Q05,ST101Q05,Problem Route Selection - Just drive
2012,estudiantes,ST104Q01,ST104Q01,Problem Ticket Machine - Similarities
2012,estudiantes,ST104Q04,ST104Q04,Problem Ticket Machine - Try buttons
2012,estudiantes,ST104Q05,ST104Q05,Problem Ticket Machine - Ask for help
2012,estudiantes,ST104Q06,ST104Q06,Problem Ticket Machine - Find ticket office
2012,estudiantes,IC01Q01,IC01Q01,At Home - Desktop Computer
2012,estudiantes,IC01Q02,IC01Q02,At Home - Portable laptop
2012,estudiantes,IC01Q03,IC01Q03,At Home - Tablet computer
2012,estudiantes,IC01Q04,IC01Q04,At Home - Internet connection
2012,estudiantes,IC01Q05,IC01Q05,At Home - Video games console
2012,estudiantes,IC01Q06,IC01Q06,At Home - Cell phone w/o Internet
2012,estudiantes,IC01Q07,IC01Q07,At Home - Cell phone with Internet
2012,estudiantes,IC01Q08,IC01Q08,At Home - Mp3/Mp4 player
2012,estudiantes,IC01Q09,IC01Q09,At Home - Printer
2012,estudiantes,IC01Q10,IC01Q10,At Home - USB (memory) stick
2012,estudiantes,IC01Q11,IC01Q11,At Home - Ebook reader
2012,estudiantes,IC02Q01,IC02Q01,At school - Desktop Computer
2012,estudiantes,IC02Q02,IC02Q02,At school - Portable laptop
2012,estudiantes,IC02Q03,IC02Q03,At school - Tablet computer
2012,estudiantes,IC02Q04,IC02Q04,At school - Internet connection
2012,estudiantes,IC02Q05,IC02Q05,At school - Printer
2012,estudiantes,IC02Q06,IC02Q06,At school - USB (memory) stick
2012,estudiantes,IC02Q07,IC02Q07,At school - Ebook reader
2012,estudiantes,IC03Q01,IC03Q01,First use of computers
2012,estudiantes,IC04Q01,IC04Q01,First access to Internet
2012,estudiantes,IC05Q01,IC05Q01,Internet at School
2012,estudiantes,IC06Q01,IC06Q01,Internet out-of-school - Weekday
2012,estudiantes,IC07Q01,IC07Q01,Internet out-of-school - Weekend
2012,estudiantes,IC08Q01,IC08Q01,Out-of-school 8 - One player games.
2012,estudiantes,IC08Q02,IC08Q02,Out-of-school 8 - ColLabourative games.
2012,estudiantes,IC08Q03,IC08Q03,Out-of-school 8 - Use email
2012,estudiantes,IC08Q04,IC08Q04,Out-of-school 8 - Chat on line
2012,estudiantes,IC08Q05,IC08Q05,Out-of-school 8 - Social networks
2012,estudiantes,IC08Q06,IC08Q06,Out-of-school 8 - Browse the Internet for fun
2012,estudiantes,IC08Q07,IC08Q07,Out-of-school 8 - Read news
2012,estudiantes,IC08Q08,IC08Q08,Out-of-school 8 - Obtain practical information from the Internet
2012,estudiantes,IC08Q09,IC08Q09,Out-of-school 8 - Download music
2012,estudiantes,IC08Q11,IC08Q11,Out-of-school 8 - Upload content
2012,estudiantes,IC09Q01,IC09Q01,Out-of-school 9 - Internet for school
2012,estudiantes,IC09Q02,IC09Q02,Out-of-school 9 - Email students
2012,estudiantes,IC09Q03,IC09Q03,Out-of-school 9 - Email teachers
2012,estudiantes,IC09Q04,IC09Q04,Out-of-school 9 - Download from School
2012,estudiantes,IC09Q05,IC09Q05,Out-of-school 9 - Announcements
2012,estudiantes,IC09Q06,IC09Q06,Out-of-school 9 - Homework
2012,estudiantes,IC09Q07,IC09Q07,Out-of-school 9 - Share school material
2012,estudiantes,IC10Q01,IC10Q01,At School - Chat on line
2012,estudiantes,IC10Q02,IC10Q02,At School - Email
2012,estudiantes,IC10Q03,IC10Q03,At School - Browse for schoolwork
2012,estudiantes,IC10Q04,IC10Q04,At School - Download from website
2012,estudiantes,IC10Q05,IC10Q05,At School - Post on website
2012,estudiantes,IC10Q06,IC10Q06,At School - Simulations
2012,estudiantes,IC10Q07,IC10Q07,At School - Practice and drilling
2012,estudiantes,IC10Q08,IC10Q08,At School - Homework
2012,estudiantes,IC10Q09,IC10Q09,At School - Group work
2012,estudiantes,IC11Q01,IC11Q01,Maths lessons - Draw graph
2012,estudiantes,IC11Q02,IC11Q02,Maths lessons - Calculation with numbers
2012,estudiantes,IC11Q03,IC11Q03,Maths lessons - Geometric figures
2012,estudiantes,IC11Q04,IC11Q04,Maths lessons - Spreadsheet
2012,estudiantes,IC11Q05,IC11Q05,Maths lessons - Algebra
2012,estudiantes,IC11Q06,IC11Q06,Maths lessons - Histograms
2012,estudiantes,IC11Q07,IC11Q07,Maths lessons - Change in graphs
2012,estudiantes,IC22Q01,IC22Q01,Attitudes - Useful for schoolwork
2012,estudiantes,IC22Q02,IC22Q02,Attitudes - Homework more fun
2012,estudiantes,IC22Q04,IC22Q04,Attitudes - Source of information
2012,estudiantes,IC22Q06,IC22Q06,Attitudes - Troublesome
2012,estudiantes,IC22Q07,IC22Q07,Attitudes - Not suitable for schoolwork
2012,estudiantes,IC22Q08,IC22Q08,Attitudes - Too unreliable
2012,estudiantes,EC01Q01,EC01Q01,Miss 2 months of <ISCED 1>
2012,estudiantes,EC02Q01,EC02Q01,Miss 2 months of <ISCED 2>
2012,estudiantes,EC03Q01,EC03Q01,Future Orientation - Internship
2012,estudiantes,EC03Q02,EC03Q02,Future Orientation - Work-site visits
2012,estudiantes,EC03Q03,EC03Q03,Future Orientation - Job fair
2012,estudiantes,EC03Q04,EC03Q04,Future Orientation - Career advisor at school
2012,estudiantes,EC03Q05,EC03Q05,Future Orientation - Career advisor outside school
2012,estudiantes,EC03Q06,EC03Q06,Future Orientation - Questionnaire
2012,estudiantes,EC03Q07,EC03Q07,Future Orientation - Internet search
2012,estudiantes,EC03Q08,EC03Q08,Future Orientation - Tour<ISCED 3-5> institution
2012,estudiantes,EC03Q09,EC03Q09,Future Orientation - web search <ISCED 3-5> prog
2012,estudiantes,EC03Q10,EC03Q10,Future Orientation - <country specific item>
2012,estudiantes,EC04Q01A,EC04Q01A,"Acquired skills - Find job info - Yes, at school"
2012,estudiantes,EC04Q01B,EC04Q01B,"Acquired skills - Find job info - Yes, out of school"
2012,estudiantes,EC04Q01C,EC04Q01C,"Acquired skills - Find job info - No, never"
2012,estudiantes,EC04Q02A,EC04Q02A,"Acquired skills - Search for job - Yes, at school"
2012,estudiantes,EC04Q02B,EC04Q02B,"Acquired skills - Search for job - Yes, out of school"
2012,estudiantes,EC04Q02C,EC04Q02C,"Acquired skills - Search for job - No, never"
2012,estudiantes,EC04Q03A,EC04Q03A,"Acquired skills - Write resume - Yes, at school"
2012,estudiantes,EC04Q03B,EC04Q03B,"Acquired skills - Write resume - Yes, out of school"
2012,estudiantes,EC04Q03C,EC04Q03C,"Acquired skills - Write resume - No, never"
2012,estudiantes,EC04Q04A,EC04Q04A,"Acquired skills - Job interview - Yes, at school"
2012,estudiantes,EC04Q04B,EC04Q04B,"Acquired skills - Job interview - Yes, out of school"
2012,estudiantes,EC04Q04C,EC04Q04C,"Acquired skills - Job interview - No, never"
2012,estudiantes,EC04Q05A,EC04Q05A,"Acquired skills - ISCED 3-5 programs - Yes, at school"
2012,estudiantes,EC04Q05B,EC04Q05B,"Acquired skills - ISCED 3-5 programs - Yes, out of school"
2012,estudiantes,EC04Q05C,EC04Q05C,"Acquired skills - ISCED 3-5 programs - No, never"
2012,estudiantes,EC04Q06A,EC04Q06A,"Acquired skills - Student financing - Yes, at school"
2012,estudiantes,EC04Q06B,EC04Q06B,"Acquired skills - Student financing - Yes, out of school"
2012,estudiantes,EC04Q06C,EC04Q06C,"Acquired skills - Student financing - No, never"
2012,estudiantes,EC05Q01,EC05Q01,First language learned
2012,estudiantes,EC06Q01,EC06Q01,Age started learning <test language>
2012,estudiantes,EC07Q01,EC07Q01,Language spoken - Mother
2012,estudiantes,EC07Q02,EC07Q02,Language spoken - Father
2012,estudiantes,EC07Q03,EC07Q03,Language spoken - Siblings
2012,estudiantes,EC07Q04,EC07Q04,Language spoken - Best friend
2012,estudiantes,EC07Q05,EC07Q05,Language spoken - Schoolmates
2012,estudiantes,EC08Q01,EC08Q01,Activities language - Reading
2012,estudiantes,EC08Q02,EC08Q02,Activities language - Watching TV
2012,estudiantes,EC08Q03,EC08Q03,Activities language - Internet surfing
2012,estudiantes,EC08Q04,EC08Q04,Activities language - Writing emails
2012,estudiantes,EC09Q03,EC09Q03,Types of support <test language> - remedial lessons
2012,estudiantes,EC10Q01,EC10Q01,Amount of support <test language>
2012,estudiantes,EC11Q02,EC11Q02,Attend lessons <heritage language> - focused
2012,estudiantes,EC11Q03,EC11Q03,Attend lessons <heritage language> - school subjects
2012,estudiantes,EC12Q01,EC12Q01,Instruction in <heritage language>
2012,estudiantes,ST22Q01,ST22Q01,Acculturation - Mother Immigrant (Filter)
2012,estudiantes,ST23Q01,ST23Q01,Acculturation - Enjoy <Host Culture> Friends
2012,estudiantes,ST23Q02,ST23Q02,Acculturation - Enjoy <Heritage Culture> Friends
2012,estudiantes,ST23Q03,ST23Q03,Acculturation - Enjoy <Host Culture> Celebrations
2012,estudiantes,ST23Q04,ST23Q04,Acculturation - Enjoy <Heritage Culture> Celebrations
2012,estudiantes,ST23Q05,ST23Q05,Acculturation - Spend Time with <Host Culture> Friends
2012,estudiantes,ST23Q06,ST23Q06,Acculturation - Spend Time with <Heritage Culture> Friends
2012,estudiantes,ST23Q07,ST23Q07,Acculturation - Participate in <Host Culture> Celebrations
2012,estudiantes,ST23Q08,ST23Q08,Acculturation - Participate in <Heritage Culture> Celebrations
2012,estudiantes,ST24Q01,ST24Q01,Acculturation - Perceived Host-Heritage Cultural Differences - Values
2012,estudiantes,ST24Q02,ST24Q02,Acculturation - Perceived Host-Heritage Cultural Differences - Mother Treatment
2012,estudiantes,ST24Q03,ST24Q03,Acculturation - Perceived Host-Heritage Cultural Differences - Teacher Treatment
2012,estudiantes,CLCUSE1,CLCUSE1,Calculator Use
2012,estudiantes,CLCUSE301,CLCUSE301,Effort-real 1
2012,estudiantes,CLCUSE302,CLCUSE302,Effort-real 2
2012,estudiantes,Deffort,Deffort,Difference in Effort
2012,estudiantes,QuestID,QuestID,Student Questionnaire Form
2012,estudiantes,Bookid,Bookid,Booklet ID
2012,estudiantes,EASY,EASY,Standard or simplified set of booklets
2012,estudiantes,AGE,AGE,Age of student
2012,estudiantes,GRADE,GRADE,Grade compared to modal grade in country
2012,estudiantes,progn,progn,Unique national study programme code
2012,estudiantes,ANXMAT,ANXMAT,Mathematics Anxiety
2012,estudiantes,ATSCHL,ATSCHL,Attitude towards School: Learning Outcomes
2012,estudiantes,ATTLNACT,ATTLNACT,Attitude towards School: Learning Activities
2012,estudiantes,BELONG,BELONG,Sense of Belonging to School
2012,estudiantes,BFMJ2,BFMJ2,Father SQ ISEI
2012,estudiantes,BMMJ1,BMMJ1,Mother SQ ISEI
2012,estudiantes,CLSMAN,CLSMAN,Mathematics Teacher's Classroom Management
2012,estudiantes,COBN_F,COBN_F,Country of Birth National Categories- Father
2012,estudiantes,COBN_M,COBN_M,Country of Birth National Categories- Mother
2012,estudiantes,COBN_S,COBN_S,Country of Birth National Categories- Self
2012,estudiantes,COGACT,COGACT,Cognitive Activation in Mathematics Lessons
2012,estudiantes,CULTDIST,CULTDIST,Cultural Distance between Host and Heritage Culture
2012,estudiantes,CULTPOSS,CULTPOS,Cultural Possessions
2012,estudiantes,DISCLIMA,DISCLIMA,Disciplinary Climate
2012,estudiantes,ENTUSE,ENTUSE,ICT Entertainment Use
2012,estudiantes,ESCS,ESCS,"Index of economic, social and cultural status"
2012,estudiantes,EXAPPLM,EXAPPLM,Experience with Applied Mathematics Tasks at School
2012,estudiantes,EXPUREM,EXPUREM,Experience with Pure Mathematics Tasks at School
2012,estudiantes,FAILMAT,FAILMAT,Attributions to Failure in Mathematics
2012,estudiantes,FAMCON,FAMCON,Familiarity with Mathematical Concepts
2012,estudiantes,FAMCONC,FAMCONC,Familiarity with Mathematical Concepts (Signal Detection  Adjusted)
2012,estudiantes,FAMSTRUC,FAMSTRUC,Family Structure
2012,estudiantes,fisced,fisced,Educational level of father (ISCED)
2012,estudiantes,HEDRES,HEDRES,Home educational resources
2012,estudiantes,HERITCUL,HERITCUL,Acculturation: Heritage Culture Oriented  Strategies
2012,estudiantes,hisced,hisced,Highest educational level of parents
2012,estudiantes,HISEI,hisei,Highest parental occupational status
2012,estudiantes,HOMEPOS,HOMEPOS,Home Possessions
2012,estudiantes,HOMSCH,HOMSCH,ICT Use at Home for School-related Tasks
2012,estudiantes,HOSTCUL,HOSTCUL,Acculturation: Host Culture Oriented Strategies
2012,estudiantes,ICTATTNEG,ICTATTNEG,Attitudes Towards Computers: Limitations of the Computer as a Tool for School Learning
2012,estudiantes,ICTATTPOS,ICTATTPOS,Attitudes Towards Computers: Computer as a Tool for School Learning
2012,estudiantes,ICTHOME,ICTHOME,ICT Availability at Home
2012,estudiantes,ICTSCH,ICTSCH,ICT Availability at School
2012,estudiantes,IMMIG,IMMIG,Immigration status
2012,estudiantes,INFOCAR,INFOCAR,Information about Careers
2012,estudiantes,INFOJOB1,INFOJOB1,Information about the Labour Market provided by the School
2012,estudiantes,INFOJOB2,INFOJOB2,Information about the Labour Market provided outside of School
2012,estudiantes,INSTMOT,INSTMOT,Instrumental Motivation for Mathematics
2012,estudiantes,INTMAT,INTMAT,Mathematics Interest
2012,estudiantes,iscedd,iscedd,ISCED designation
2012,estudiantes,iscedl,iscedl,ISCED level
2012,estudiantes,iscedo,iscedo,ISCED orientation
2012,estudiantes,LANGCOMM,LANGCOMM,Preference for Heritage Language in Conversations with Family and Friends
2012,estudiantes,LANGN,LANGN,Language at home (3-digit code)
2012,estudiantes,LANGRPPD,LANGRPPD,Preference for Heritage Language in Language Reception and Production
2012,estudiantes,LMINS,LMINS,Learning time (minutes per week)  - <test language>
2012,estudiantes,MATBEH,MATBEH,Mathematics Behaviour
2012,estudiantes,MATHEFF,MATHEFF,Mathematics Self-Efficacy
2012,estudiantes,MATINTFC,MATINTFC,Mathematics Intentions
2012,estudiantes,MATWKETH,MATWKETH,Mathematics Work Ethic
2012,estudiantes,misced,misced,Educational level of mother (ISCED)
2012,estudiantes,MMINS,MMINS,Learning time (minutes per week)- <Mathematics>
2012,estudiantes,MTSUP,MTSUP,Mathematics Teacher's Support
2012,estudiantes,OCOD1,OCOD1,ISCO-08 Occupation code - Mother
2012,estudiantes,OCOD2,OCOD2,ISCO-08 Occupation code - Father
2012,estudiantes,OPENPS,OPENPS,Openness for Problem Solving
2012,estudiantes,OUTHOURS,OUTHOURS,Out-of-School Study Time
2012,estudiantes,PAREDINT,PARED,Highest parental education in years
2012,estudiantes,PERSEV,PERSEV,Perseverance
2012,estudiantes,REPEAT,REPEAT,Grade Repetition
2012,estudiantes,SCMAT,SCMAT,Mathematics Self-Concept
2012,estudiantes,SMINS,SMINS,Learning time (minutes per week) - <Science>
2012,estudiantes,STUDREL,STUDREL,Teacher Student Relations
2012,estudiantes,SUBNORM,SUBNORM,Subjective Norms in Mathematics
2012,estudiantes,TCHBEHFA,TCHBEHFA,Teacher Behaviour: Formative Assessment
2012,estudiantes,TCHBEHSO,TCHBEHSO,Teacher Behaviour: Student Orientation
2012,estudiantes,TCHBEHTD,TCHBEHTD,Teacher Behaviour: Teacher-directed Instruction
2012,estudiantes,TEACHSUP,TEACHSUP,Teacher Support
2012,estudiantes,TestLANG,TestLANG,Language of the test
2012,estudiantes,TIMEINT,TIMEINT,Time of computer use (mins)
2012,estudiantes,USEMATH,USEMATH,Use of ICT in Mathematic Lessons
2012,estudiantes,USESCH,USESCH,Use of ICT at School
2012,estudiantes,WEALTH,WEALTH,Wealth
2012,estudiantes,ANCATSCHL,ANCATSCHL,Attitude towards School: Learning Outcomes (Anchored)
2012,estudiantes,ANCATTLNACT,ANCATTLNACT,Attitude towards School: Learning Activities (Anchored)
2012,estudiantes,ANCBELONG,ANCBELONG,Sense of Belonging to School (Anchored)
2012,estudiantes,ANCCLSMAN,ANCCLSMAN,Mathematics Teacher's Classroom Management (Anchored)
2012,estudiantes,ANCCOGACT,ANCCOGACT,Cognitive Activation in Mathematics Lessons (Anchored)
2012,estudiantes,ANCINSTMOT,ANCINSTMOT,Instrumental Motivation for Mathematics (Anchored)
2012,estudiantes,ANCINTMAT,ANCINTMAT,Mathematics Interest (Anchored)
2012,estudiantes,ANCMATWKETH,ANCMATWKETH,Mathematics Work Ethic (Anchored)
2012,estudiantes,ANCMTSUP,ANCMTSUP,Mathematics Teacher's Support (Anchored)
2012,estudiantes,ANCSCMAT,ANCSCMAT,Mathematics Self-Concept (Anchored)
2012,estudiantes,ANCSTUDREL,ANCSTUDREL,Teacher Student Relations (Anchored)
2012,estudiantes,ANCSUBNORM,ANCSUBNORM,Subjective Norms in Mathematics (Anchored)
2012,estudiantes,PV1MATH,PV1MATH,Plausible value 1 in mathematics
2012,estudiantes,PV2MATH,PV2MATH,Plausible value 2 in mathematics
2012,estudiantes,PV3MATH,PV3MATH,Plausible value 3 in mathematics
2012,estudiantes,PV4MATH,PV4MATH,Plausible value 4 in mathematics
2012,estudiantes,PV5MATH,PV5MATH,Plausible value 5 in mathematics
2012,estudiantes,PV1MACC,PV1MACC,Plausible value 1 in content subscale of Maths - Change and Relationships
2012,estudiantes,PV2MACC,PV2MACC,Plausible value 2 in content subscale of Maths - Change and Relationships
2012,estudiantes,PV3MACC,PV3MACC,Plausible value 3 in content subscale of Maths - Change and Relationships
2012,estudiantes,PV4MACC,PV4MACC,Plausible value 4 in content subscale of Maths - Change and Relationships
2012,estudiantes,PV5MACC,PV5MACC,Plausible value 5 in content subscale of Maths - Change and Relationships
2012,estudiantes,PV1MACQ,PV1MACQ,Plausible value 1 in content subscale of Maths - Quantity
2012,estudiantes,PV2MACQ,PV2MACQ,Plausible value 2 in content subscale of Maths - Quantity
2012,estudiantes,PV3MACQ,PV3MACQ,Plausible value 3 in content subscale of Maths - Quantity
2012,estudiantes,PV4MACQ,PV4MACQ,Plausible value 4 in content subscale of Maths - Quantity
2012,estudiantes,PV5MACQ,PV5MACQ,Plausible value 5 in content subscale of Maths - Quantity
2012,estudiantes,PV1MACS,PV1MACS,Plausible value 1 in content subscale of Maths - Space and Shape
2012,estudiantes,PV2MACS,PV2MACS,Plausible value 2 in content subscale of Maths - Space and Shape
2012,estudiantes,PV3MACS,PV3MACS,Plausible value 3 in content subscale of Maths - Space and Shape
2012,estudiantes,PV4MACS,PV4MACS,Plausible value 4 in content subscale of Maths - Space and Shape
2012,estudiantes,PV5MACS,PV5MACS,Plausible value 5 in content subscale of Maths - Space and Shape
2012,estudiantes,PV1MACU,PV1MACU,Plausible value 1 in content subscale of Maths - Uncertainty and Data
2012,estudiantes,PV2MACU,PV2MACU,Plausible value 2 in content subscale of Maths - Uncertainty and Data
2012,estudiantes,PV3MACU,PV3MACU,Plausible value 3 in content subscale of Maths - Uncertainty and Data
2012,estudiantes,PV4MACU,PV4MACU,Plausible value 4 in content subscale of Maths - Uncertainty and Data
2012,estudiantes,PV5MACU,PV5MACU,Plausible value 5 in content subscale of Maths - Uncertainty and Data
2012,estudiantes,PV1MAPE,PV1MAPE,Plausible value 1 in process subscale of Maths - Employ
2012,estudiantes,PV2MAPE,PV2MAPE,Plausible value 2 in process subscale of Maths - Employ
2012,estudiantes,PV3MAPE,PV3MAPE,Plausible value 3 in process subscale of Maths - Employ
2012,estudiantes,PV4MAPE,PV4MAPE,Plausible value 4 in process subscale of Maths - Employ
2012,estudiantes,PV5MAPE,PV5MAPE,Plausible value 5 in process subscale of Maths - Employ
2012,estudiantes,PV1MAPF,PV1MAPF,Plausible value 1 in process subscale of Maths - Formulate
2012,estudiantes,PV2MAPF,PV2MAPF,Plausible value 2 in process subscale of Maths - Formulate
2012,estudiantes,PV3MAPF,PV3MAPF,Plausible value 3 in process subscale of Maths - Formulate
2012,estudiantes,PV4MAPF,PV4MAPF,Plausible value 4 in process subscale of Maths - Formulate
2012,estudiantes,PV5MAPF,PV5MAPF,Plausible value 5 in process subscale of Maths - Formulate
2012,estudiantes,PV1MAPI,PV1MAPI,Plausible value 1 in process subscale of Maths - Interpret
2012,estudiantes,PV2MAPI,PV2MAPI,Plausible value 2 in process subscale of Maths - Interpret
2012,estudiantes,PV3MAPI,PV3MAPI,Plausible value 3 in process subscale of Maths - Interpret
2012,estudiantes,PV4MAPI,PV4MAPI,Plausible value 4 in process subscale of Maths - Interpret
2012,estudiantes,PV5MAPI,PV5MAPI,Plausible value 5 in process subscale of Maths - Interpret
2012,estudiantes,PV1READ,PV1READ,Plausible value 1 in reading
2012,estudiantes,PV2READ,PV2READ,Plausible value 2 in reading
2012,estudiantes,PV3READ,PV3READ,Plausible value 3 in reading
2012,estudiantes,PV4READ,PV4READ,Plausible value 4 in reading
2012,estudiantes,PV5READ,PV5READ,Plausible value 5 in reading
2012,estudiantes,PV1SCIE,PV1SCIE,Plausible value 1 in science
2012,estudiantes,PV2SCIE,PV2SCIE,Plausible value 2 in science
2012,estudiantes,PV3SCIE,PV3SCIE,Plausible value 3 in science
2012,estudiantes,PV4SCIE,PV4SCIE,Plausible value 4 in science
2012,estudiantes,PV5SCIE,PV5SCIE,Plausible value 5 in science
2012,estudiantes,W_FSTUWT,W_FSTUWT,FINAL STUDENT WEIGHT
2012,estudiantes,W_FSTR1,W_FSTR1,FINAL STUDENT REPLICATE BRR-FAY WEIGHT1
2012,estudiantes,W_FSTR2,W_FSTR2,FINAL STUDENT REPLICATE BRR-FAY WEIGHT2
2012,estudiantes,W_FSTR3,W_FSTR3,FINAL STUDENT REPLICATE BRR-FAY WEIGHT3
2012,estudiantes,W_FSTR4,W_FSTR4,FINAL STUDENT REPLICATE BRR-FAY WEIGHT4
2012,estudiantes,W_FSTR5,W_FSTR5,FINAL STUDENT REPLICATE BRR-FAY WEIGHT5
2012,estudiantes,W_FSTR6,W_FSTR6,FINAL STUDENT REPLICATE BRR-FAY WEIGHT6
2012,estudiantes,W_FSTR7,W_FSTR7,FINAL STUDENT REPLICATE BRR-FAY WEIGHT7
2012,estudiantes,W_FSTR8,W_FSTR8,FINAL STUDENT REPLICATE BRR-FAY WEIGHT8
2012,estudiantes,W_FSTR9,W_FSTR9,FINAL STUDENT REPLICATE BRR-FAY WEIGHT9
2012,estudiantes,W_FSTR10,W_FSTR10,FINAL STUDENT REPLICATE BRR-FAY WEIGHT10
2012,estudiantes,W_FSTR11,W_FSTR11,FINAL STUDENT REPLICATE BRR-FAY WEIGHT11
2012,estudiantes,W_FSTR12,W_FSTR12,FINAL STUDENT REPLICATE BRR-FAY WEIGHT12
2012,estudiantes,W_FSTR13,W_FSTR13,FINAL STUDENT REPLICATE BRR-FAY WEIGHT13
2012,estudiantes,W_FSTR14,W_FSTR14,FINAL STUDENT REPLICATE BRR-FAY WEIGHT14
2012,estudiantes,W_FSTR15,W_FSTR15,FINAL STUDENT REPLICATE BRR-FAY WEIGHT15
2012,estudiantes,W_FSTR16,W_FSTR16,FINAL STUDENT REPLICATE BRR-FAY WEIGHT16
2012,estudiantes,W_FSTR17,W_FSTR17,FINAL STUDENT REPLICATE BRR-FAY WEIGHT17
2012,estudiantes,W_FSTR18,W_FSTR18,FINAL STUDENT REPLICATE BRR-FAY WEIGHT18
2012,estudiantes,W_FSTR19,W_FSTR19,FINAL STUDENT REPLICATE BRR-FAY WEIGHT19
2012,estudiantes,W_FSTR20,W_FSTR20,FINAL STUDENT REPLICATE BRR-FAY WEIGHT20
2012,estudiantes,W_FSTR21,W_FSTR21,FINAL STUDENT REPLICATE BRR-FAY WEIGHT21
2012,estudiantes,W_FSTR22,W_FSTR22,FINAL STUDENT REPLICATE BRR-FAY WEIGHT22
2012,estudiantes,W_FSTR23,W_FSTR23,FINAL STUDENT REPLICATE BRR-FAY WEIGHT23
2012,estudiantes,W_FSTR24,W_FSTR24,FINAL STUDENT REPLICATE BRR-FAY WEIGHT24
2012,estudiantes,W_FSTR25,W_FSTR25,FINAL STUDENT REPLICATE BRR-FAY WEIGHT25
2012,estudiantes,W_FSTR26,W_FSTR26,FINAL STUDENT REPLICATE BRR-FAY WEIGHT26
2012,estudiantes,W_FSTR27,W_FSTR27,FINAL STUDENT REPLICATE BRR-FAY WEIGHT27
2012,estudiantes,W_FSTR28,W_FSTR28,FINAL STUDENT REPLICATE BRR-FAY WEIGHT28
2012,estudiantes,W_FSTR29,W_FSTR29,FINAL STUDENT REPLICATE BRR-FAY WEIGHT29
2012,estudiantes,W_FSTR30,W_FSTR30,FINAL STUDENT REPLICATE BRR-FAY WEIGHT30
2012,estudiantes,W_FSTR31,W_FSTR31,FINAL STUDENT REPLICATE BRR-FAY WEIGHT31
2012,estudiantes,W_FSTR32,W_FSTR32,FINAL STUDENT REPLICATE BRR-FAY WEIGHT32
2012,estudiantes,W_FSTR33,W_FSTR33,FINAL STUDENT REPLICATE BRR-FAY WEIGHT33
2012,estudiantes,W_FSTR34,W_FSTR34,FINAL STUDENT REPLICATE BRR-FAY WEIGHT34
2012,estudiantes,W_FSTR35,W_FSTR35,FINAL STUDENT REPLICATE BRR-FAY WEIGHT35
2012,estudiantes,W_FSTR36,W_FSTR36,FINAL STUDENT REPLICATE BRR-FAY WEIGHT36
2012,estudiantes,W_FSTR37,W_FSTR37,FINAL STUDENT REPLICATE BRR-FAY WEIGHT37
2012,estudiantes,W_FSTR38,W_FSTR38,FINAL STUDENT REPLICATE BRR-FAY WEIGHT38
2012,estudiantes,W_FSTR39,W_FSTR39,FINAL STUDENT REPLICATE BRR-FAY WEIGHT39
2012,estudiantes,W_FSTR40,W_FSTR40,FINAL STUDENT REPLICATE BRR-FAY WEIGHT40
2012,estudiantes,W_FSTR41,W_FSTR41,FINAL STUDENT REPLICATE BRR-FAY WEIGHT41
2012,estudiantes,W_FSTR42,W_FSTR42,FINAL STUDENT REPLICATE BRR-FAY WEIGHT42
2012,estudiantes,W_FSTR43,W_FSTR43,FINAL STUDENT REPLICATE BRR-FAY WEIGHT43
2012,estudiantes,W_FSTR44,W_FSTR44,FINAL STUDENT REPLICATE BRR-FAY WEIGHT44
2012,estudiantes,W_FSTR45,W_FSTR45,FINAL STUDENT REPLICATE BRR-FAY WEIGHT45
2012,estudiantes,W_FSTR46,W_FSTR46,FINAL STUDENT REPLICATE BRR-FAY WEIGHT46
2012,estudiantes,W_FSTR47,W_FSTR47,FINAL STUDENT REPLICATE BRR-FAY WEIGHT47
2012,estudiantes,W_FSTR48,W_FSTR48,FINAL STUDENT REPLICATE BRR-FAY WEIGHT48
2012,estudiantes,W_FSTR49,W_FSTR49,FINAL STUDENT REPLICATE BRR-FAY WEIGHT49
2012,estudiantes,W_FSTR50,W_FSTR50,FINAL STUDENT REPLICATE BRR-FAY WEIGHT50
2012,estudiantes,W_FSTR51,W_FSTR51,FINAL STUDENT REPLICATE BRR-FAY WEIGHT51
2012,estudiantes,W_FSTR52,W_FSTR52,FINAL STUDENT REPLICATE BRR-FAY WEIGHT52
2012,estudiantes,W_FSTR53,W_FSTR53,FINAL STUDENT REPLICATE BRR-FAY WEIGHT53
2012,estudiantes,W_FSTR54,W_FSTR54,FINAL STUDENT REPLICATE BRR-FAY WEIGHT54
2012,estudiantes,W_FSTR55,W_FSTR55,FINAL STUDENT REPLICATE BRR-FAY WEIGHT55
2012,estudiantes,W_FSTR56,W_FSTR56,FINAL STUDENT REPLICATE BRR-FAY WEIGHT56
2012,estudiantes,W_FSTR57,W_FSTR57,FINAL STUDENT REPLICATE BRR-FAY WEIGHT57
2012,estudiantes,W_FSTR58,W_FSTR58,FINAL STUDENT REPLICATE BRR-FAY WEIGHT58
2012,estudiantes,W_FSTR59,W_FSTR59,FINAL STUDENT REPLICATE BRR-FAY WEIGHT59
2012,estudiantes,W_FSTR60,W_FSTR60,FINAL STUDENT REPLICATE BRR-FAY WEIGHT60
2012,estudiantes,W_FSTR61,W_FSTR61,FINAL STUDENT REPLICATE BRR-FAY WEIGHT61
2012,estudiantes,W_FSTR62,W_FSTR62,FINAL STUDENT REPLICATE BRR-FAY WEIGHT62
2012,estudiantes,W_FSTR63,W_FSTR63,FINAL STUDENT REPLICATE BRR-FAY WEIGHT63
2012,estudiantes,W_FSTR64,W_FSTR64,FINAL STUDENT REPLICATE BRR-FAY WEIGHT64
2012,estudiantes,W_FSTR65,W_FSTR65,FINAL STUDENT REPLICATE BRR-FAY WEIGHT65
2012,estudiantes,W_FSTR66,W_FSTR66,FINAL STUDENT REPLICATE BRR-FAY WEIGHT66
2012,estudiantes,W_FSTR67,W_FSTR67,FINAL STUDENT REPLICATE BRR-FAY WEIGHT67
2012,estudiantes,W_FSTR68,W_FSTR68,FINAL STUDENT REPLICATE BRR-FAY WEIGHT68
2012,estudiantes,W_FSTR69,W_FSTR69,FINAL STUDENT REPLICATE BRR-FAY WEIGHT69
2012,estudiantes,W_FSTR70,W_FSTR70,FINAL STUDENT REPLICATE BRR-FAY WEIGHT70
2012,estudiantes,W_FSTR71,W_FSTR71,FINAL STUDENT REPLICATE BRR-FAY WEIGHT71
2012,estudiantes,W_FSTR72,W_FSTR72,FINAL STUDENT REPLICATE BRR-FAY WEIGHT72
2012,estudiantes,W_FSTR73,W_FSTR73,FINAL STUDENT REPLICATE BRR-FAY WEIGHT73
2012,estudiantes,W_FSTR74,W_FSTR74,FINAL STUDENT REPLICATE BRR-FAY WEIGHT74
2012,estudiantes,W_FSTR75,W_FSTR75,FINAL STUDENT REPLICATE BRR-FAY WEIGHT75
2012,estudiantes,W_FSTR76,W_FSTR76,FINAL STUDENT REPLICATE BRR-FAY WEIGHT76
2012,estudiantes,W_FSTR77,W_FSTR77,FINAL STUDENT REPLICATE BRR-FAY WEIGHT77
2012,estudiantes,W_FSTR78,W_FSTR78,FINAL STUDENT REPLICATE BRR-FAY WEIGHT78
2012,estudiantes,W_FSTR79,W_FSTR79,FINAL STUDENT REPLICATE BRR-FAY WEIGHT79
2012,estudiantes,W_FSTR80,W_FSTR80,FINAL STUDENT REPLICATE BRR-FAY WEIGHT80
2012,estudiantes,WVARSTRR,WVARSTRR,RANDOMIZED FINAL VARIANCE STRATUM (1-80)
2012,estudiantes,VAR_UNIT,VAR_UNIT,RANDOMLY ASSIGNED VARIANCE UNIT
2012,estudiantes,senwgt_STU,senwgt_STU,Senate weight - sum of weight within the country is 1000
2012,estudiantes,VER_STU,VER_STU,Date of the database creation
2012,estudiantes,EDICION,,Añadida por el pipeline: año de la edición
2012,colegios,CNT,CNT,Country code 3-character
2012,colegios,SUBNATIO,SUBNATIO,Adjudicated sub-region code 7-digit code (3-digit country code + region ID + stratum ID)
2012,colegios,STRATUM,STRATUM,Stratum ID 7-character (cnt + region ID + original stratum ID)
2012,colegios,OECD,OECD,OECD country
2012,colegios,NC,NC,National Centre 6-digit Code
2012,colegios,CNTSCHID,SCHOOLID,School ID 7-digit (region ID + stratum ID + 3-digit school ID)
2012,colegios,SC01Q01,SC01Q01,Public or private
2012,colegios,SC02Q01,SC02Q01,Funding - Government
2012,colegios,SC02Q02,SC02Q02,Funding - Student fees
2012,colegios,SC02Q03,SC02Q03,Funding - Benefactors
2012,colegios,SC02Q04,SC02Q04,Funding - Other
2012,colegios,SC03Q01,SC03Q01,School Location
2012,colegios,SC04Q01,SC04Q01,Competition between schools
2012,colegios,SC05Q01,SC05Q01,Class size in <test language>
2012,colegios,SC07Q01,SC07Q01,Enrolment - Number of boys
2012,colegios,SC07Q02,SC07Q02,Enrolment - Number of girls
2012,colegios,SC09Q11,SC09Q11,No. of teachers - Total Full Time
2012,colegios,SC09Q12,SC09Q12,No. of teachers - Total Part time
2012,colegios,SC09Q21,SC09Q21,No. of teachers - Certified Full Time
2012,colegios,SC09Q22,SC09Q22,No. of teachers - Certified Part Time
2012,colegios,SC09Q31,SC09Q31,No. of teachers - <ISCED5A> Qualified Full Time
2012,colegios,SC09Q32,SC09Q32,No. of teachers - <ISCED5A> Qualified Part Time
2012,colegios,SC10Q11,SC10Q11,No. of maths teachers - Total Full Time
2012,colegios,SC10Q12,SC10Q12,No. of maths teachers - Total Part time
2012,colegios,SC10Q61,SC10Q61,No. of maths teachers - <ISCED5A> Qual Full Time
2012,colegios,SC10Q62,SC10Q62,No. of maths teachers - <ISCED5A> Qual Part Time
2012,colegios,SC10Q21,SC10Q21,No. of maths teachers - <ISCED5A> Qual Maths Major Full Time
2012,colegios,SC10Q22,SC10Q22,No. of maths teachers - <ISCED5A> Qual Maths Major Part Time
2012,colegios,SC10Q41,SC10Q41,No. of maths teachers - <ISCED5A> Qual Pedagogy Full Time
2012,colegios,SC10Q42,SC10Q42,No. of maths teachers - <ISCED5A> Qual Pedagogy Part Time
2012,colegios,SC10Q51,SC10Q51,No. of maths teachers - <ISCED5B> Qual Full Time
2012,colegios,SC10Q52,SC10Q52,No. of maths teachers - <ISCED5B> Qual Part Time
2012,colegios,SC11Q01,SC11Q01,Student Computers - Total number of students in the <national modal grade for 15-year-olds>
2012,colegios,SC11Q02,SC11Q02,Student Computers - Computers for Education
2012,colegios,SC11Q03,SC11Q03,Student Computers - Computers with Internet
2012,colegios,SC13Q01,SC13Q01,Internet schoolwork - Lessons
2012,colegios,SC13Q02,SC13Q02,Internet schoolwork - Homework
2012,colegios,SC13Q03,SC13Q03,Internet schoolwork - Assignments
2012,colegios,SC14Q01,SC14Q01,Shortage - Science teachers
2012,colegios,SC14Q02,SC14Q02,Shortage - Maths teachers
2012,colegios,SC14Q03,SC14Q03,Shortage - <Test language> teachers
2012,colegios,SC14Q04,SC14Q04,Shortage - Other teachers
2012,colegios,SC14Q05,SC14Q05,Shortage - Science lab equipment
2012,colegios,SC14Q06,SC14Q06,Shortage - Instructional materials
2012,colegios,SC14Q07,SC14Q07,Shortage - Computers for instruction
2012,colegios,SC14Q08,SC14Q08,Shortage - Internet connectivity
2012,colegios,SC14Q09,SC14Q09,Shortage - Computer software
2012,colegios,SC14Q10,SC14Q10,Shortage - Library materials
2012,colegios,SC14Q11,SC14Q11,Shortage - Buildings and grounds
2012,colegios,SC14Q12,SC14Q12,Shortage - Heating/cooling and lighting
2012,colegios,SC14Q13,SC14Q13,Shortage - Instructional space
2012,colegios,SC15Q01,SC15Q01,Ability grouping - Similar content/different difficulty
2012,colegios,SC15Q02,SC15Q02,Ability grouping - Different content/different difficulty
2012,colegios,SC15Q03,SC15Q03,Ability grouping - Grouped by ability
2012,colegios,SC15Q04,SC15Q04,Ability grouping - Not grouped by ability
2012,colegios,SC16Q01,SC16Q01,Activities - Band
2012,colegios,SC16Q02,SC16Q02,Activities - School play
2012,colegios,SC16Q03,SC16Q03,Activities - Yearbook or newspaper
2012,colegios,SC16Q04,SC16Q04,Activities - Volunteering
2012,colegios,SC16Q05,SC16Q05,Activities - Mathematics club
2012,colegios,SC16Q06,SC16Q06,Activities - Mathematics competitions
2012,colegios,SC16Q07,SC16Q07,Activities - Chess club
2012,colegios,SC16Q08,SC16Q08,Activities - Computer or ICT club
2012,colegios,SC16Q09,SC16Q09,Activities - Art club
2012,colegios,SC16Q10,SC16Q10,Activities - Sporting team
2012,colegios,SC16Q11,SC16Q11,Activities - <country specific item>
2012,colegios,SC18Q01,SC18Q01,Assessments  -  Child's Progress
2012,colegios,SC18Q02,SC18Q02,Assessments  -  Student Promotion
2012,colegios,SC18Q03,SC18Q03,Assessments  -  Instruction
2012,colegios,SC18Q04,SC18Q04,Assessments  -  National Performance
2012,colegios,SC18Q05,SC18Q05,Assessments  -  School's Progress
2012,colegios,SC18Q06,SC18Q06,Assessments  -  Teachers
2012,colegios,SC18Q07,SC18Q07,Assessments  -  Curriculum
2012,colegios,SC18Q08,SC18Q08,Assessments  -  Other Schools
2012,colegios,SC19Q01,SC19Q01,Achievement - Posted Publicly
2012,colegios,SC19Q02,SC19Q02,Achievement - Tracked by Authority
2012,colegios,SC20Q01,SC20Q01,Additional maths lessons
2012,colegios,SC21Q05,SC21Q05,Purpose of additional maths lessons
2012,colegios,SC22Q01,SC22Q01,Learning Hindrance - Students truancy
2012,colegios,SC22Q02,SC22Q02,Learning Hindrance - Skipping classes
2012,colegios,SC22Q03,SC22Q03,Learning Hindrance - Students being late
2012,colegios,SC22Q04,SC22Q04,Learning Hindrance - Students skipping events
2012,colegios,SC22Q05,SC22Q05,Learning Hindrance - Students lacking respect
2012,colegios,SC22Q06,SC22Q06,Learning Hindrance - Students Disruption
2012,colegios,SC22Q07,SC22Q07,Learning Hindrance - Students drug use
2012,colegios,SC22Q08,SC22Q08,Learning Hindrance - Students being bullied
2012,colegios,SC22Q09,SC22Q09,Learning Hindrance - Students not encouraged
2012,colegios,SC22Q10,SC22Q10,Learning Hindrance - Poor student-teacher relations
2012,colegios,SC22Q11,SC22Q11,Learning Hindrance - Heterogeneous classes
2012,colegios,SC22Q12,SC22Q12,Learning Hindrance - Diverse ethnic backgrounds
2012,colegios,SC22Q13,SC22Q13,Learning Hindrance - Teachers low expectations
2012,colegios,SC22Q14,SC22Q14,Learning Hindrance - Students needs not met
2012,colegios,SC22Q15,SC22Q15,Learning Hindrance - Teacher absenteeism
2012,colegios,SC22Q16,SC22Q16,Learning Hindrance - Staff resisting change
2012,colegios,SC22Q17,SC22Q17,Learning Hindrance - Teachers too strict
2012,colegios,SC22Q18,SC22Q18,Learning Hindrance - Teachers being late
2012,colegios,SC22Q19,SC22Q19,Learning Hindrance - Teachers being unprepared
2012,colegios,SC23Q01,SC23Q01,Students leaving without certificate
2012,colegios,SC24Q01,SC24Q01,Parental achievement pressure
2012,colegios,SC25Q01,SC25Q01,Parent Participation - Behaviour discussion parent initiative
2012,colegios,SC25Q02,SC25Q02,Parent Participation - Behaviour discussion teacher initiative
2012,colegios,SC25Q03,SC25Q03,Parent Participation - Progress discussion parent initiative
2012,colegios,SC25Q04,SC25Q04,Parent Participation - Progress discussion teacher initiative
2012,colegios,SC25Q05,SC25Q05,Parent Participation - Assistance building and grounds
2012,colegios,SC25Q06,SC25Q06,Parent Participation - Extra-curricular volunteering
2012,colegios,SC25Q07,SC25Q07,Parent Participation - Library volunteering
2012,colegios,SC25Q08,SC25Q08,Parent Participation - Teacher assistance
2012,colegios,SC25Q09,SC25Q09,Parent Participation - Guest speaking
2012,colegios,SC25Q10,SC25Q10,Parent Participation - School government
2012,colegios,SC25Q11,SC25Q11,Parent Participation - Fundraising
2012,colegios,SC25Q12,SC25Q12,Parent Pariticpation - <Canteen>
2012,colegios,SC26Q01,SC26Q01,Teacher morale - High Morale
2012,colegios,SC26Q02,SC26Q02,Teacher morale - Enthusiasm
2012,colegios,SC26Q03,SC26Q03,Teacher morale - Pride
2012,colegios,SC26Q04,SC26Q04,Teacher morale - Value achievement
2012,colegios,SC27Q01,SC27Q01,Teacher intentions - Trying new methods
2012,colegios,SC27Q02,SC27Q02,Teacher intentions - Stay with well-known methods
2012,colegios,SC28Q01,SC28Q01,Teacher intentions - Maximise achievement
2012,colegios,SC28Q02,SC28Q02,Teacher intentions - Adapt standards
2012,colegios,SC29Q01,SC29Q01,Teacher intentions - Social development
2012,colegios,SC29Q02,SC29Q02,Teacher intentions - Development of maths skills
2012,colegios,SC30Q01,SC30Q01,Teacher Monitoring - Student Achievement tests
2012,colegios,SC30Q02,SC30Q02,Teacher Monitoring - Teacher peer review
2012,colegios,SC30Q03,SC30Q03,Teacher Monitoring - Principal or senior staff
2012,colegios,SC30Q04,SC30Q04,Teacher Monitoring - External observers
2012,colegios,SC31Q01,SC31Q01,Teacher Appraisal - Salary change
2012,colegios,SC31Q02,SC31Q02,Teacher Appraisal - Financial bonus
2012,colegios,SC31Q03,SC31Q03,Teacher Appraisal - Professional development
2012,colegios,SC31Q04,SC31Q04,Teacher Appraisal - Career advancement
2012,colegios,SC31Q05,SC31Q05,Teacher Appraisal - Public recognition
2012,colegios,SC31Q06,SC31Q06,Teacher Appraisal - Work responsibilities
2012,colegios,SC31Q07,SC31Q07,Teacher Appraisal - School development
2012,colegios,SC32Q01,SC32Q01,Admission  -  Academic record
2012,colegios,SC32Q03,SC32Q03,Admission  -  Feeder schools
2012,colegios,SC32Q04,SC32Q04,Admission  -  Parents endorsement
2012,colegios,SC32Q05,SC32Q05,Admission  -  Special Programme
2012,colegios,SC32Q06,SC32Q06,Admission  -  Family members
2012,colegios,SC32Q07,SC32Q07,Admission  -  Residence
2012,colegios,SC32Q08,SC32Q08,Admission  -  Other
2012,colegios,SC33Q01A,SC33Q01A,Responsibility - Hiring teachers - Principals
2012,colegios,SC33Q01B,SC33Q01B,Responsibility - Hiring teachers - Teachers
2012,colegios,SC33Q01C,SC33Q01C,Responsibility - Hiring teachers - <School governing board>
2012,colegios,SC33Q01D,SC33Q01D,Responsibility - Hiring teachers - <Regional or local education authority>
2012,colegios,SC33Q01E,SC33Q01E,Responsibility - Hiring teachers - National education authority
2012,colegios,SC33Q02A,SC33Q02A,Responsibility - Firing teachers - Principals
2012,colegios,SC33Q02B,SC33Q02B,Responsibility - Firing teachers - Teachers
2012,colegios,SC33Q02C,SC33Q02C,Responsibility - Firing teachers - <School governing board>
2012,colegios,SC33Q02D,SC33Q02D,Responsibility - Firing teachers - <Regional or local education authority>
2012,colegios,SC33Q02E,SC33Q02E,Responsibility - Firing teachers - National education authority
2012,colegios,SC33Q03A,SC33Q03A,Responsibility - Teacher start salaries - Principals
2012,colegios,SC33Q03B,SC33Q03B,Responsibility - Teacher start salaries - Teachers
2012,colegios,SC33Q03C,SC33Q03C,Responsibility - Teacher start salaries - <School governing board>
2012,colegios,SC33Q03D,SC33Q03D,Responsibility - Teacher start salaries - <Regional or local education authority>
2012,colegios,SC33Q03E,SC33Q03E,Responsibility - Teacher start salaries - National education authority
2012,colegios,SC33Q04A,SC33Q04A,Responsibility - Salary increase - Principals
2012,colegios,SC33Q04B,SC33Q04B,Responsibility - Salary increase - Teachers
2012,colegios,SC33Q04C,SC33Q04C,Responsibility - Salary increase - <School governing board>
2012,colegios,SC33Q04D,SC33Q04D,Responsibility - Salary increase - <Regional or local education authority>
2012,colegios,SC33Q04E,SC33Q04E,Responsibility - Salary increase - National education authority
2012,colegios,SC33Q05A,SC33Q05A,Responsibility - Budget formulation - Principals
2012,colegios,SC33Q05B,SC33Q05B,Responsibility - Budget formulation - Teachers
2012,colegios,SC33Q05C,SC33Q05C,Responsibility - Budget formulation - <School governing board>
2012,colegios,SC33Q05D,SC33Q05D,Responsibility - Budget formulation - <Regional or local education authority>
2012,colegios,SC33Q05E,SC33Q05E,Responsibility - Budget formulation - National education authority
2012,colegios,SC33Q06A,SC33Q06A,Responsibility - Budget allocation - Principals
2012,colegios,SC33Q06B,SC33Q06B,Responsibility - Budget allocation - Teachers
2012,colegios,SC33Q06C,SC33Q06C,Responsibility - Budget allocation - <School governing board>
2012,colegios,SC33Q06D,SC33Q06D,Responsibility - Budget allocation - <Regional or local education authority>
2012,colegios,SC33Q06E,SC33Q06E,Responsibility - Budget allocation - National education authority
2012,colegios,SC33Q07A,SC33Q07A,Responsibility - Disciplinary policies - Principals
2012,colegios,SC33Q07B,SC33Q07B,Responsibility - Disciplinary policies - Teachers
2012,colegios,SC33Q07C,SC33Q07C,Responsibility - Disciplinary policies - <School governing board>
2012,colegios,SC33Q07D,SC33Q07D,Responsibility - Disciplinary policies - <Regional or local education authority>
2012,colegios,SC33Q07E,SC33Q07E,Responsibility - Disciplinary policies - National education authority
2012,colegios,SC33Q08A,SC33Q08A,Responsibility - Assessment policies - Principals
2012,colegios,SC33Q08B,SC33Q08B,Responsibility - Assessment policies - Teachers
2012,colegios,SC33Q08C,SC33Q08C,Responsibility - Assessment policies - <School governing board>
2012,colegios,SC33Q08D,SC33Q08D,Responsibility - Assessment policies - <Regional or local education authority>
2012,colegios,SC33Q08E,SC33Q08E,Responsibility - Assessment policies - National education authority
2012,colegios,SC33Q09A,SC33Q09A,Responsibility - Student admittance - Principals
2012,colegios,SC33Q09B,SC33Q09B,Responsibility - Student admittance - Teachers
2012,colegios,SC33Q09C,SC33Q09C,Responsibility - Student admittance - <School governing board>
2012,colegios,SC33Q09D,SC33Q09D,Responsibility - Student admittance - <Regional or local education authority>
2012,colegios,SC33Q09E,SC33Q09E,Responsibility - Student admittance - National education authority
2012,colegios,SC33Q10A,SC33Q10A,Responsibility - Textbook selection - Principals
2012,colegios,SC33Q10B,SC33Q10B,Responsibility - Textbook selection - Teachers
2012,colegios,SC33Q10C,SC33Q10C,Responsibility - Textbook selection - <School governing board>
2012,colegios,SC33Q10D,SC33Q10D,Responsibility - Textbook selection - <Regional or local education authority>
2012,colegios,SC33Q10E,SC33Q10E,Responsibility - Textbook selection - National education authority
2012,colegios,SC33Q11A,SC33Q11A,Responsibility - Course content - Principals
2012,colegios,SC33Q11B,SC33Q11B,Responsibility - Course content - Teachers
2012,colegios,SC33Q11C,SC33Q11C,Responsibility - Course content - <School governing board>
2012,colegios,SC33Q11D,SC33Q11D,Responsibility - Course content - <Regional or local education authority>
2012,colegios,SC33Q11E,SC33Q11E,Responsibility - Course content - National education authority
2012,colegios,SC33Q12A,SC33Q12A,Responsibility - Courses offered - Principals
2012,colegios,SC33Q12B,SC33Q12B,Responsibility - Courses offered - Teachers
2012,colegios,SC33Q12C,SC33Q12C,Responsibility - Courses offered - <School governing board>
2012,colegios,SC33Q12D,SC33Q12D,Responsibility - Courses offered - <Regional or local education authority>
2012,colegios,SC33Q12E,SC33Q12E,Responsibility - Courses offered - National education authority
2012,colegios,SC34Q01,SC34Q01,School Leadership - Enhance reputation
2012,colegios,SC34Q02,SC34Q02,School Leadership - Student results
2012,colegios,SC34Q03,SC34Q03,School Leadership - Development activities
2012,colegios,SC34Q04,SC34Q04,School Leadership - Educational goals
2012,colegios,SC34Q05,SC34Q05,School Leadership - Educational research
2012,colegios,SC34Q06,SC34Q06,School Leadership - Praise teacher learning
2012,colegios,SC34Q07,SC34Q07,School Leadership - Discuss problems
2012,colegios,SC34Q08,SC34Q08,School Leadership - Importance of social capacities
2012,colegios,SC34Q09,SC34Q09,School Leadership - Disruptive behaviour
2012,colegios,SC34Q10,SC34Q10,School Leadership - Staff decision making
2012,colegios,SC34Q11,SC34Q11,School Leadership - Improvement culture
2012,colegios,SC34Q12,SC34Q12,School Leadership - Reviewing management
2012,colegios,SC34Q13,SC34Q13,School Leadership - Joint problem solving
2012,colegios,SC34Q14,SC34Q14,School Leadership - Goal discussion
2012,colegios,SC34Q15,SC34Q15,School Leadership - Goal-oriented curriculum
2012,colegios,SC34Q16,SC34Q16,School Leadership - Curricular strengths
2012,colegios,SC34Q17,SC34Q17,School Leadership - Inservice activities
2012,colegios,SC34Q18,SC34Q18,School Leadership - Sharing ideas or information
2012,colegios,SC34Q19,SC34Q19,School Leadership - Informal observations
2012,colegios,SC34Q20,SC34Q20,School Leadership - Review student work
2012,colegios,SC34Q22,SC34Q22,School Leadership - Evaluate staff
2012,colegios,SC35Q01,SC35Q01,Maths Professional Development  - All staff
2012,colegios,SC35Q02,SC35Q02,Maths Professional Development  - Maths teachers
2012,colegios,SC39Q01,SC39Q01,Quality Assurance - Specification of profile
2012,colegios,SC39Q02,SC39Q02,Quality Assurance - Specification of standards
2012,colegios,SC39Q03,SC39Q03,Quality Assurance - Data recording
2012,colegios,SC39Q05,SC39Q05,Quality Assurance - Internal evaluation
2012,colegios,SC39Q06,SC39Q06,Quality Assurance - External evaluation
2012,colegios,SC39Q07,SC39Q07,Quality Assurance - Student feed-back
2012,colegios,SC39Q08,SC39Q08,Quality Assurance - Teacher mentoring
2012,colegios,SC39Q09,SC39Q09,Quality Assurance - Expert consultation
2012,colegios,SC39Q10,SC39Q10,Quality Assurance - Standardised maths policy
2012,colegios,SC40Q01,SC40Q01,Maths Policy - Computer use
2012,colegios,SC40Q02,SC40Q02,Maths Policy - Textbook
2012,colegios,SC40Q03,SC40Q03,Maths Policy - Standardised curriculum
2012,colegios,SC44Q01,SC44Q01,Student Transfer  -  Low achievement
2012,colegios,SC44Q02,SC44Q02,Student Transfer  -  High achievement
2012,colegios,SC44Q03,SC44Q03,Student Transfer  -  Behavioural problems
2012,colegios,SC44Q04,SC44Q04,Student Transfer  -  Special learning needs
2012,colegios,SC44Q05,SC44Q05,Student Transfer  -  Parents request
2012,colegios,SC44Q06,SC44Q06,Transfer  -  other reasons
2012,colegios,SC47Q01,SC47Q01,Availability of FE
2012,colegios,SC45Q01,SC45Q01,Compulsory FE
2012,colegios,SC46Q01,SC46Q01,Teaching FE - Separate subject
2012,colegios,SC46Q02,SC46Q02,Teaching FE - Cross-curricular subject
2012,colegios,SC46Q03,SC46Q03,Teaching FE - Part of <business or economics> course
2012,colegios,SC46Q05,SC46Q05,Teaching FE - Part of mathematics
2012,colegios,SC46Q04,SC46Q04,Teaching FE - Part of humanities subjects
2012,colegios,SC46Q06,SC46Q06,Teaching FE - Extra-curricular activity
2012,colegios,SC46Q09,SC46Q09,Teaching FE - Class teacher lessons
2012,colegios,SC52Q01,SC52Q01,Teaching FE – Teachers
2012,colegios,SC46Q07,SC46Q07,Teaching FE - Private sector
2012,colegios,SC46Q08,SC46Q08,Teaching FE - Public sector
2012,colegios,SC52Q02,SC52Q02,Teaching FE – NGO
2012,colegios,SC51Q01,SC51Q01,FE Professional development – FE Staff
2012,colegios,SC51Q02,SC51Q02,FE Professional development – Non FE Staff
2012,colegios,ABGMATH,ABGMATH,Ability grouping for mathematics classes
2012,colegios,ASSESS,ASSESS,Use of assessment
2012,colegios,CLSIZE,CLSIZE,Class size
2012,colegios,COMPWEB,COMPWEB,Ratio of computers connected to WEB and number of computers
2012,colegios,CREACTIV,CREACTIV,Extracurricular creative activities at school
2012,colegios,LEADCOM,LEADCOM,Framing and communicating the school’s goals and curricular development
2012,colegios,LEADINST,LEADINST,Instructional Leadership
2012,colegios,LEADPD,LEADPD,Promoting instructional improvements and professional development
2012,colegios,LEADTCH,LEADTCH,Teacher participation in leadership
2012,colegios,MACTIV,MACTIV,Mathematics Extracurricular activities at school
2012,colegios,MATHEXC,MATHEXC,Mathematics extension course types offered
2012,colegios,PCGIRLS,PCGIRLS,Proportion of girls at school
2012,colegios,PROPCERT,PROPCERT,Proportion of certified teachers
2012,colegios,PROPMA5A,PROPMA5A,Proportion of maths teachers with ISCED 5A (maths major)
2012,colegios,PROPMATH,PROPMATH,Proportion of maths teachers
2012,colegios,PROPQUAL,PROPQUAL,Proportion of teachers with ISCED 5A
2012,colegios,RATCMP15,RATCMP15,Ratio of computers for education and number of students in the <national modal grade for 15-year-olds>
2012,colegios,RESPCUR,RESPCUR,Index of school responsibility for curriculum and assessment
2012,colegios,RESPRES,RESPRES,Index of school responsibility for resource allocation
2012,colegios,SCHAUTON,SCHAUTON,School Autonomy
2012,colegios,SCHLTYPE,SCHLTYPE,School Ownership
2012,colegios,SCHSEL,SCHSEL,School selectivity/student admission policies
2012,colegios,SCHSIZE,SCHSIZE,Total school enrolment
2012,colegios,SCMATBUI,SCMATBUI,Quality of physical infrastructure
2012,colegios,SCMATEDU,SCMATEDU,Quality of school educational resources
2012,colegios,SMRATIO,SMRATIO,Maths Teacher-student ratio
2012,colegios,STRATIO,STRATIO,Student-Teacher ratio
2012,colegios,STUDCLIM,STUDCLIM,Student-Related Factors Affecting School Climate
2012,colegios,TCFOCST,TCFOCST,Teacher focus
2012,colegios,TCHPARTI,TCHPARTI,Teacher participation/autonomy
2012,colegios,TCMORALE,TCMORALE,Teacher Morale
2012,colegios,TCSHORT,TCSHORT,Shortage of teaching  Staff
2012,colegios,TEACCLIM,TEACCLIM,Teacher related factors affecting school climate
2012,colegios,W_SCHGRNRABWT,W_FSCHWT,GRADE NONRESPONSE ADJUSTED SCHOOL BASE WEIGHT
2012,colegios,SENWGT_SCQ,SENWGT_SCQ,Senate weight - sum of weight within the country is 1000
2012,colegios,VER_SCQ,VER_SCQ,Date of the database creation
2012,colegios,EDICION,,Añadida por el pipeline: año de la edición
2012,estudiantes,DOMINIO_PRINCIPAL,,Añadida por el pipeline: dominio focal del ciclo
2012,estudiantes,ESCS_TREND,,"Añadida por el pipeline: ESCS reescalado por la OCDE (escs_trend.csv), comparable con 2022"
2012,estudiantes,HISEI_TREND,,"Añadida por el pipeline: HISEI reescalado por la OCDE (escs_trend.csv), comparable con 2022"
2012,estudiantes,HOMEPOS_TREND,,"Añadida por el pipeline: HOMEPOS reescalado por la OCDE (escs_trend.csv), comparable con 2022"
2012,estudiantes,PAREDINT_TREND,,"Añadida por el pipeline: PAREDINT reescalado por la OCDE (escs_trend.csv), comparable con 2022"
2012,estudiantes,SENWT,,"Añadida por el pipeline: peso senado (W_FSTUWT reescalado, cada país suma 5000)"
2015,estudiantes,CNTRYID,CNTRYID,Country Identifier
2015,estudiantes,CNT,CNT,Country code 3-character
2015,estudiantes,CNTSCHID,CNTSCHID,Intl. School ID
2015,estudiantes,CNTSTUID,CNTSTUID,Intl. Student ID
2015,estudiantes,CYC,CYC,PISA Assessment Cycle (2 digits + 2 character Assessment type - MS\FT)
2015,estudiantes,NatCen,NatCen,National Centre 6-digit Code
2015,estudiantes,Region,Region,Region
2015,estudiantes,STRATUM,STRATUM,Stratum ID 7-character (cnt + region ID + original stratum ID)
2015,estudiantes,SUBNATIO,SUBNATIO,Adjudicated sub-region code 7-digit code (3-digit country code + region ID + stratum ID)
2015,estudiantes,OECD,OECD,OECD country
2015,estudiantes,ADMINMODE,ADMINMODE,Mode of Respondent
2015,estudiantes,Option_CPS,Option_CPS,Collaborative Problem Solving Option
2015,estudiantes,Option_FL,Option_FL,Financial Literacy Option
2015,estudiantes,Option_ICTQ,Option_ICTQ,ICT Literacy Questionnaire Option
2015,estudiantes,Option_ECQ,Option_ECQ,Educational Career Questionnaire Option
2015,estudiantes,Option_PQ,Option_PQ,Parent Questionnaire Option
2015,estudiantes,Option_TQ,Option_TQ,Teacher Questionnaire Option
2015,estudiantes,Option_UH,Option_UH,Une Heure Option
2015,estudiantes,Option_Read,Option_Read,Reading Option
2015,estudiantes,Option_Math,Option_Math,Math Option
2015,estudiantes,LANGTEST_QQQ,LANGTEST_QQQ,Language of Questionnaire
2015,estudiantes,LANGTEST_COG,LANGTEST_COG,Language of Assessment
2015,estudiantes,LANGTEST_PAQ,LANGTEST_PAQ,Language of Questionnaire\Assessment (PAQ)
2015,estudiantes,CBASCI,CBASCI,Science Cluster Combination Random Number (S)
2015,estudiantes,BOOKID,BOOKID,Form Identifier
2015,estudiantes,ST001D01T,ST001D01T,Student International Grade (Derived)
2015,estudiantes,ST003D02T,ST003D02T,Student (Standardized) Birth - Month
2015,estudiantes,ST003D03T,ST003D03T,Student (Standardized) Birth -Year
2015,estudiantes,ST004D01T,ST004D01T,Student (Standardized) Gender
2015,estudiantes,ST005Q01TA,ST005Q01TA,What is the <highest level of schooling> completed by your mother?
2015,estudiantes,ST006Q01TA,ST006Q01TA,Does your mother have this qualification? <ISCED level 6>
2015,estudiantes,ST006Q02TA,ST006Q02TA,Does your mother have this qualification? <ISCED level 5A>
2015,estudiantes,ST006Q03TA,ST006Q03TA,Does your mother have this qualification? <ISCED level 5B>
2015,estudiantes,ST006Q04TA,ST006Q04TA,Does your mother have this qualification? <ISCED level 4>
2015,estudiantes,ST007Q01TA,ST007Q01TA,What is the <highest level of schooling> completed by your father?
2015,estudiantes,ST008Q01TA,ST008Q01TA,Does your father have this qualification? <ISCED level 6>
2015,estudiantes,ST008Q02TA,ST008Q02TA,Does your father have this qualification? <ISCED level 5A>
2015,estudiantes,ST008Q03TA,ST008Q03TA,Does your father have this qualification? <ISCED level 5B>
2015,estudiantes,ST008Q04TA,ST008Q04TA,Does your father have this qualification? <ISCED level 4>
2015,estudiantes,ST011Q01TA,ST011Q01TA,In your home: A desk to study at
2015,estudiantes,ST011Q02TA,ST011Q02TA,In your home: A room of your own
2015,estudiantes,ST011Q03TA,ST011Q03TA,In your home: A quiet place to study
2015,estudiantes,ST011Q04TA,ST011Q04TA,In your home: A computer you can use for school work
2015,estudiantes,ST011Q05TA,ST011Q05TA,In your home: Educational software
2015,estudiantes,ST011Q06TA,ST011Q06TA,In your home: A link to the Internet
2015,estudiantes,ST011Q07TA,ST011Q07TA,In your home: Classic literature (e.g. <Shakespeare>)
2015,estudiantes,ST011Q08TA,ST011Q08TA,In your home: Books of poetry
2015,estudiantes,ST011Q09TA,ST011Q09TA,In your home: Works of art (e.g. paintings)
2015,estudiantes,ST011Q10TA,ST011Q10TA,In your home: Books to help with your school work
2015,estudiantes,ST011Q11TA,ST011Q11TA,In your home: <Technical reference books>
2015,estudiantes,ST011Q12TA,ST011Q12TA,In your home: A dictionary
2015,estudiantes,ST011Q16NA,ST011Q16NA,"In your home: Books on art, music, or design"
2015,estudiantes,ST011D17TA,ST011D17TA,In your home: <Country-specific wealth item 1>
2015,estudiantes,ST011D18TA,ST011D18TA,In your home: <Country-specific wealth item 2>
2015,estudiantes,ST011D19TA,ST011D19TA,In your home: <Country-specific wealth item 3>
2015,estudiantes,ST012Q01TA,ST012Q01TA,How many in your home: Televisions
2015,estudiantes,ST012Q02TA,ST012Q02TA,How many in your home: Cars
2015,estudiantes,ST012Q03TA,ST012Q03TA,How many in your home: Rooms with a bath or shower
2015,estudiantes,ST012Q05NA,ST012Q05NA,How many in your home: <Cell phones> with Internet access (e.g. smartphones)
2015,estudiantes,ST012Q06NA,ST012Q06NA,"How many in your home: Computers (desktop computer, portable laptop, or notebook)"
2015,estudiantes,ST012Q07NA,ST012Q07NA,"How many in your home: <Tablet computers> (e.g. <iPad®>, <BlackBerry® PlayBookTM>)"
2015,estudiantes,ST012Q08NA,ST012Q08NA,"How many in your home: E-book readers (e.g. <KindleTM>, <Kobo>, <Bookeen>)"
2015,estudiantes,ST012Q09NA,ST012Q09NA,"How many in your home: Musical instruments (e.g. guitar, piano)"
2015,estudiantes,ST013Q01TA,ST013Q01TA,How many books are there in your home?
2015,estudiantes,ST123Q01NA,ST123Q01NA,<this academic year>: My parents are interested in my school activities.
2015,estudiantes,ST123Q02NA,ST123Q02NA,<this academic year>: My parents support my educational efforts and achievements.
2015,estudiantes,ST123Q03NA,ST123Q03NA,<this academic year>: My parents support me when I am facing difficulties at school.
2015,estudiantes,ST123Q04NA,ST123Q04NA,<this academic year>: My parents encourage me to be confident.
2015,estudiantes,ST019AQ01T,ST019AQ01T,Country of Birth International - Self
2015,estudiantes,ST019BQ01T,ST019BQ01T,Country of Birth International - Mother
2015,estudiantes,ST019CQ01T,ST019CQ01T,Country of Birth International - Father
2015,estudiantes,ST021Q01TA,ST021Q01TA,How old were you when you arrived in <country of test>?
2015,estudiantes,ST022Q01TA,ST022Q01TA,International Language at Home
2015,estudiantes,ST124Q01TA,ST124Q01TA,Did you attend <ISCED 0>?
2015,estudiantes,ST125Q01NA,ST125Q01NA,How old were you when you started <ISCED 0>? Years
2015,estudiantes,ST126Q01TA,ST126Q01TA,How old were you when you started <ISCED 1>? Years
2015,estudiantes,ST127Q01TA,ST127Q01TA,Have you ever repeated a <grade>? At <ISCED 1>
2015,estudiantes,ST127Q02TA,ST127Q02TA,Have you ever repeated a <grade>? At <ISCED 2>
2015,estudiantes,ST127Q03TA,ST127Q03TA,Have you ever repeated a <grade>? At <ISCED 3>
2015,estudiantes,ST111Q01TA,ST111Q01TA,Which of the following do you expect to complete?
2015,estudiantes,ST118Q01NA,ST118Q01NA,To what extent do you disagree or agree about yourself? I often worry that it will be difficult for me taking a test.
2015,estudiantes,ST118Q02NA,ST118Q02NA,To what extent do you disagree or agree about yourself? I worry that I will get poor <grades> at school.
2015,estudiantes,ST118Q03NA,ST118Q03NA,To what extent do you disagree or agree about yourself? Even if I am well-prepared for a test I feel very anxious.
2015,estudiantes,ST118Q04NA,ST118Q04NA,I get very tense when I study for a test.
2015,estudiantes,ST118Q05NA,ST118Q05NA,I get nervous when I don't know how to solve a task at school.
2015,estudiantes,ST119Q01NA,ST119Q01NA,I want top grades in most or all of my courses.
2015,estudiantes,ST119Q02NA,ST119Q02NA,I want to be able to select from among the best opportunities available when I graduate.
2015,estudiantes,ST119Q03NA,ST119Q03NA,"I want to be the best, whatever I do."
2015,estudiantes,ST119Q04NA,ST119Q04NA,I see myself as an ambitious person.
2015,estudiantes,ST119Q05NA,ST119Q05NA,I want to be one of the best students in my class.
2015,estudiantes,ST121Q01NA,ST121Q01NA,<NAME 1> is motivated? Gives up easily when confronted with a problem and is often not prepared
2015,estudiantes,ST121Q02NA,ST121Q02NA,<NAME 2> is motivated? Mostly remains interested in the tasks she starts and sometimes does more than expected
2015,estudiantes,ST121Q03NA,ST121Q03NA,<NAME 3> is motivated? Wants to get top grades at school and continues working on tasks until perfect.
2015,estudiantes,ST082Q01NA,ST082Q01NA,To what extent do you disagree or agree about yourself? I prefer working as part of a team to working alone.
2015,estudiantes,ST082Q02NA,ST082Q02NA,To what extent do you disagree or agree about yourself? I am a good listener.
2015,estudiantes,ST082Q03NA,ST082Q03NA,To what extent do you disagree or agree about yourself? I enjoy seeing my classmates be successful.
2015,estudiantes,ST082Q08NA,ST082Q08NA,To what extent do you disagree or agree about yourself? I take into account what others are interested in.
2015,estudiantes,ST082Q09NA,ST082Q09NA,To what extent do you disagree or agree about yourself? I find that teams make better decisions than individuals.
2015,estudiantes,ST082Q12NA,ST082Q12NA,To what extent do you disagree or agree about yourself? I enjoy considering different perspectives.
2015,estudiantes,ST082Q13NA,ST082Q13NA,To what extent do you disagree or agree about yourself? I find that teamwork raises my own efficiency.
2015,estudiantes,ST082Q14NA,ST082Q14NA,To what extent do you disagree or agree about yourself? I enjoy cooperating with peers.
2015,estudiantes,ST034Q01TA,ST034Q01TA,I feel like an outsider (or left out of things) at school.
2015,estudiantes,ST034Q02TA,ST034Q02TA,I make friends easily at school.
2015,estudiantes,ST034Q03TA,ST034Q03TA,I feel like I belong at school.
2015,estudiantes,ST034Q04TA,ST034Q04TA,I feel awkward and out of place in my school.
2015,estudiantes,ST034Q05TA,ST034Q05TA,Other students seem to like me.
2015,estudiantes,ST034Q06TA,ST034Q06TA,I feel lonely at school.
2015,estudiantes,ST039Q01NA,ST039Q01NA,Teachers called on me less often than they called on other students.
2015,estudiantes,ST039Q02NA,ST039Q02NA,Teachers graded me harder than they graded other students.
2015,estudiantes,ST039Q03NA,ST039Q03NA,Teachers gave me the impression that they think I am less smart than I really am.
2015,estudiantes,ST039Q04NA,ST039Q04NA,Teachers disciplined me more harshly than other students.
2015,estudiantes,ST039Q05NA,ST039Q05NA,Teachers ridiculed me in front of others.
2015,estudiantes,ST039Q06NA,ST039Q06NA,Teachers said something insulting to me in front of others.
2015,estudiantes,ST059Q01TA,ST059Q01TA,Number of <class periods> required per week in <test language>
2015,estudiantes,ST059Q02TA,ST059Q02TA,Number of <class periods> required per week in mathematics
2015,estudiantes,ST059Q03TA,ST059Q03TA,Number of <class periods> required per week in <science>
2015,estudiantes,ST060Q01NA,ST060Q01NA,"In a normal, full week at school, how many <class periods> are you required to attend in total?"
2015,estudiantes,ST061Q01NA,ST061Q01NA,"How many minutes, on average, are there in a <class period>?"
2015,estudiantes,ST062Q01TA,ST062Q01TA,"In the last two full weeks of school, how often: I <skipped> a whole school day"
2015,estudiantes,ST062Q02TA,ST062Q02TA,"In the last two full weeks of school, how often: I <skipped> some classes"
2015,estudiantes,ST062Q03TA,ST062Q03TA,"In the last two full weeks of school, how often: I arrived late for school"
2015,estudiantes,ST071Q01NA,ST071Q01NA,"This school year, approximately how many hours per week do you spend learning in addition? <School Science>"
2015,estudiantes,ST071Q02NA,ST071Q02NA,"This school year, approximately how many hours per week do you spend learning in addition? Mathematics"
2015,estudiantes,ST071Q03NA,ST071Q03NA,"This school year, approximately how many hours per week do you spend learning in addition? <Test language>"
2015,estudiantes,ST071Q04NA,ST071Q04NA,"This school year, approximately how many hours per week do you spend learning in addition? <Foreign language>"
2015,estudiantes,ST071Q05NA,ST071Q05NA,"This school year, approximately how many hours per week do you spend learning in addition? Other"
2015,estudiantes,ST031Q01NA,ST031Q01NA,"On avg, how many days do you attend physical education classes each week?"
2015,estudiantes,ST032Q01NA,ST032Q01NA,Moderate physical activities for a total of at least 60 minutes per day
2015,estudiantes,ST032Q02NA,ST032Q02NA,Vigorous physical activities for at least 20 minutes per day that made you sweat and breathe hard
2015,estudiantes,ST063Q01NA,ST063Q01NA,Which <school science> course did you attend? Physics: This year
2015,estudiantes,ST063Q01NB,ST063Q01NB,Which <school science> course did you attend? Physics: Last year
2015,estudiantes,ST063Q02NA,ST063Q02NA,Which <school science> course did you attend? Chemistry: This year
2015,estudiantes,ST063Q02NB,ST063Q02NB,Which <school science> course did you attend? Chemistry: Last year
2015,estudiantes,ST063Q03NA,ST063Q03NA,Which <school science> course did you attend? Biology: This year
2015,estudiantes,ST063Q03NB,ST063Q03NB,Which <school science> course did you attend? Biology: Last year
2015,estudiantes,ST063Q04NA,ST063Q04NA,Which <school science> course did you attend? <Earth and space>: This year
2015,estudiantes,ST063Q04NB,ST063Q04NB,Which <school science> course did you attend? <Earth and space>: Last year
2015,estudiantes,ST063Q05NA,ST063Q05NA,Which <school science> course did you attend? Applied sciences and technology: This year
2015,estudiantes,ST063Q05NB,ST063Q05NB,Which <school science> course did you attend? Applied sciences and technology: Last year
2015,estudiantes,ST063Q06NA,ST063Q06NA,"Which <school science> course did you attend? <General, integrated, or comprehen science> course: This year"
2015,estudiantes,ST063Q06NB,ST063Q06NB,"Which <school science> course did you attend? <General, integrated, or comprehen science> course: Last year"
2015,estudiantes,ST064Q01NA,ST064Q01NA,<school science> courses? I can choose the <school science> course(s) I study.
2015,estudiantes,ST064Q02NA,ST064Q02NA,<school science> courses? I can choose the level of difficulty.
2015,estudiantes,ST064Q03NA,ST064Q03NA,<school science> courses? I can choose the number of <school science> courses or <class periods>.
2015,estudiantes,ST097Q01TA,ST097Q01TA,How often does this happen in your <school science> lessons? Students don't listen to what the teacher says.
2015,estudiantes,ST097Q02TA,ST097Q02TA,How often does this happen in your <school science> lessons? There is noise and disorder.
2015,estudiantes,ST097Q03TA,ST097Q03TA,How often does this happen in your <school science> lessons? The teacher waits long for students to quiet down.
2015,estudiantes,ST097Q04TA,ST097Q04TA,How often does this happen in your <school science> lessons? Students cannot work well.
2015,estudiantes,ST097Q05TA,ST097Q05TA,How often does this happen in your <school science> lessons? Students don't start working for a long time after.
2015,estudiantes,ST098Q01TA,ST098Q01TA,When learning <school science>? Students are given opportunities to explain their ideas.
2015,estudiantes,ST098Q02TA,ST098Q02TA,When learning <school science>? Students spend time in the laboratory doing practical experiments.
2015,estudiantes,ST098Q03NA,ST098Q03NA,When learning <school science>? Students are required to argue about science questions.
2015,estudiantes,ST098Q05TA,ST098Q05TA,When learning <school science>? Students are asked to draw conclusions from an experiment they have conducted.
2015,estudiantes,ST098Q06TA,ST098Q06TA,When learning <school science>? The teacher explains <school science> idea can be applied
2015,estudiantes,ST098Q07TA,ST098Q07TA,When learning <school science>? Students are allowed to design their own experiments.
2015,estudiantes,ST098Q08NA,ST098Q08NA,When learning <school science>? There is a class debate about investigations.
2015,estudiantes,ST098Q09TA,ST098Q09TA,When learning <school science>? The teacher clearly explains relevance  <broad science> concepts to our lives.
2015,estudiantes,ST098Q10NA,ST098Q10NA,When learning <school science>? Students are asked to do an investigation to test ideas.
2015,estudiantes,ST100Q01TA,ST100Q01TA,How often does this happen in your <school science> lessons? The teacher shows  interest every students learning.
2015,estudiantes,ST100Q02TA,ST100Q02TA,How often does this happen in your <school science> lessons? The teacher gives extra help.
2015,estudiantes,ST100Q03TA,ST100Q03TA,How often does this happen in your <school science> lessons? The teacher helps students with their learning.
2015,estudiantes,ST100Q04TA,ST100Q04TA,How often does this happen in your <school science>? The teacher continues teaching\students understand.
2015,estudiantes,ST100Q05TA,ST100Q05TA,How often does this happen in your <school science>? Teacher gives an opportunity to express opinions.
2015,estudiantes,ST103Q01NA,ST103Q01NA,How often does this happen in <school science>? The teacher explains scientific ideas.
2015,estudiantes,ST103Q03NA,ST103Q03NA,How often does this happen in <school science>? A whole class discussion takes place with the teacher.
2015,estudiantes,ST103Q08NA,ST103Q08NA,How often does this happen in <school science>? The teacher discusses our questions.
2015,estudiantes,ST103Q11NA,ST103Q11NA,How often does this happen in <school science>? The teacher demonstrates an idea.
2015,estudiantes,ST104Q01NA,ST104Q01NA,How often does this happen in <school science>? The teacher tells me how I am performing in this course.
2015,estudiantes,ST104Q02NA,ST104Q02NA,How often does this happen in <school science>? The teacher gives me feedback on my strengths <school science> subjec
2015,estudiantes,ST104Q03NA,ST104Q03NA,How often does this happen in <school science>? The teacher tells me in which areas I can still improve.
2015,estudiantes,ST104Q04NA,ST104Q04NA,How often does this happen in <school science>? The teacher tells me how I can improve my performance.
2015,estudiantes,ST104Q05NA,ST104Q05NA,How often does this happen in <school science>? The teacher advises me on how to reach my learning goals.
2015,estudiantes,ST107Q01NA,ST107Q01NA,How often does this happen in <school science>? The teacher adapts the lesson to my class needs and knowledge.
2015,estudiantes,ST107Q02NA,ST107Q02NA,How often does this happen in <school science>? The teacher provides individual help when a student has difficulties
2015,estudiantes,ST107Q03NA,ST107Q03NA,How often does this happen in <school science>? The teacher changes the structure of the lesson on a topic
2015,estudiantes,ST092Q01TA,ST092Q01TA,How informed are you about this environmental issue? The increase of greenhouse gases in the atmosphere
2015,estudiantes,ST092Q02TA,ST092Q02TA,How informed are you about this environmental issue? The use of genetically modified organisms (<GMO>)
2015,estudiantes,ST092Q04TA,ST092Q04TA,How informed are you about this environmental issue? Nuclear waste
2015,estudiantes,ST092Q05TA,ST092Q05TA,How informed are you about this environmental issue? The consequences of clearing forests\other land use
2015,estudiantes,ST092Q06NA,ST092Q06NA,How informed are you about this environmental issue? Air pollution
2015,estudiantes,ST092Q08NA,ST092Q08NA,How informed are you about this environmental issue? Extinction of plants and animals
2015,estudiantes,ST092Q09NA,ST092Q09NA,How informed are you about this environmental issue? Water shortage
2015,estudiantes,ST093Q01TA,ST093Q01TA,This issue will improve or get worse over next 20 years? Air pollution (student)
2015,estudiantes,ST093Q03TA,ST093Q03TA,This issue will improve or get worse over next 20 years? Extinction of plants and animals (student)
2015,estudiantes,ST093Q04TA,ST093Q04TA,This issue will improve or get worse over next 20 years? Clearing of forests for other land use (student)
2015,estudiantes,ST093Q05TA,ST093Q05TA,This issue will improve or get worse over next 20 years? Water shortages (student)
2015,estudiantes,ST093Q06TA,ST093Q06TA,This issue will improve or get worse over next 20 years? Nuclear waste (student)
2015,estudiantes,ST093Q07NA,ST093Q07NA,This issue will improve or get worse over next 20 years? The increase of greenhouse gases in the atmosphere
2015,estudiantes,ST093Q08NA,ST093Q08NA,This issue will improve or get worse over next 20 years? The use of genetically modified organisms (<GMO>)
2015,estudiantes,ST094Q01NA,ST094Q01NA,Disagree or agree with the statements? I have fun when I am learning <broad science>
2015,estudiantes,ST094Q02NA,ST094Q02NA,Disagree or agree with the statements? I like reading about <broad science> topics.
2015,estudiantes,ST094Q03NA,ST094Q03NA,Disagree or agree with the statements? I am happy working on <broad science> topics.
2015,estudiantes,ST094Q04NA,ST094Q04NA,Disagree or agree with the statements? I enjoy acquiring new knowledge in <broad science>.
2015,estudiantes,ST094Q05NA,ST094Q05NA,Disagree or agree with the statements? I am interested in learning about <broad science>.
2015,estudiantes,ST095Q04NA,ST095Q04NA,"To what extent are you interested in: Biosphere (e.g. ecosystem services, sustainability)"
2015,estudiantes,ST095Q07NA,ST095Q07NA,"To what extent are you interested in: Motion and forces (e.g. velocity, friction, magnetic and gravi forces)"
2015,estudiantes,ST095Q08NA,ST095Q08NA,"To what extent are you interested in: Energy and its transformation (e.g. conservation, chemical reactions)"
2015,estudiantes,ST095Q13NA,ST095Q13NA,To what extent are you interested in: <broad science> topics? The Universe and its history
2015,estudiantes,ST095Q15NA,ST095Q15NA,To what extent are you interested in: <broad science> topics? How science can help us prevent disease
2015,estudiantes,ST113Q01TA,ST113Q01TA,Making an effort in my <school science> subject(s) is worth it because this will help me in the work I want to do lat
2015,estudiantes,ST113Q02TA,ST113Q02TA,What I learn in my <school science> subject(s) is important for me because I need this for what I want to do later on
2015,estudiantes,ST113Q03TA,ST113Q03TA,Studying my <school science> subject(s) is worthwhile for me because what I learn will improve my career prospects.
2015,estudiantes,ST113Q04TA,ST113Q04TA,Many things I learn in my <school science> subject(s) will help me to get a job.
2015,estudiantes,ST129Q01TA,ST129Q01TA,Recognise the science question that underlies a newspaper report on a health issue.
2015,estudiantes,ST129Q02TA,ST129Q02TA,Explain why earthquakes occur more frequently in some areas than in others.
2015,estudiantes,ST129Q03TA,ST129Q03TA,Describe the role of antibiotics in the treatment of disease.
2015,estudiantes,ST129Q04TA,ST129Q04TA,Identify the science question associated with the disposal of garbage.
2015,estudiantes,ST129Q05TA,ST129Q05TA,Predict how changes to an environment will affect the survival of certain species.
2015,estudiantes,ST129Q06TA,ST129Q06TA,Interpret the scientific information provided on the labelling of food items.
2015,estudiantes,ST129Q07TA,ST129Q07TA,Discuss how new evidence can lead you to change your understanding about the possibility of life on Mars.
2015,estudiantes,ST129Q08TA,ST129Q08TA,Identify the better of two explanations for the formation of acid rain.
2015,estudiantes,ST131Q01NA,ST131Q01NA,A good way to know if something is true is to do an experiment.
2015,estudiantes,ST131Q03NA,ST131Q03NA,How much do you disagree or agree with the statements below? Ideas in <broad science> sometimes change.
2015,estudiantes,ST131Q04NA,ST131Q04NA,Good answers are based on evidence from many different experiments.
2015,estudiantes,ST131Q06NA,ST131Q06NA,It is good to try experiments more than once to make sure of your findings.
2015,estudiantes,ST131Q08NA,ST131Q08NA,Sometimes <broad science> scientists change their minds about what is true
2015,estudiantes,ST131Q11NA,ST131Q11NA,The ideas in <broad science> science books sometimes change.
2015,estudiantes,ST146Q01TA,ST146Q01TA,How often do you do these things? Watch TV programmes about <broad science>
2015,estudiantes,ST146Q02TA,ST146Q02TA,How often do you do these things? Borrow or buy books on <broad science> topics
2015,estudiantes,ST146Q03TA,ST146Q03TA,How often do you do these things? Visit web sites about <broad science> topics
2015,estudiantes,ST146Q04TA,ST146Q04TA,How often do you do these things? Read <broad science> magazines or science articles in newspapers
2015,estudiantes,ST146Q05TA,ST146Q05TA,How often do you do these things? Attend a <science club>
2015,estudiantes,ST146Q06NA,ST146Q06NA,How often do you do these things? Simulate natural phenomena in computer programs\virtual labs
2015,estudiantes,ST146Q07NA,ST146Q07NA,How often do you do these things? Simulate technical processes in computer programs\virtual labs
2015,estudiantes,ST146Q08NA,ST146Q08NA,How often do you do these things? Visit web sites of ecology organisations
2015,estudiantes,ST146Q09NA,ST146Q09NA,How often do you do these things? Follow news via blogs and microblogging
2015,estudiantes,ST076Q01NA,ST076Q01NA,Before going to school did you: Eat breakfast
2015,estudiantes,ST076Q02NA,ST076Q02NA,Before going to school did you: Study for school or homework
2015,estudiantes,ST076Q03NA,ST076Q03NA,Before going to school did you: Watch TV\<DVD>\Video
2015,estudiantes,ST076Q04NA,ST076Q04NA,Before going to school did you: Read a book\newspaper\magazine
2015,estudiantes,ST076Q05NA,ST076Q05NA,"Before going to school did you: Internet\Chat\Social networks (e.g. <Facebook>, <country-specific social network>)"
2015,estudiantes,ST076Q06NA,ST076Q06NA,Before going to school did you: Play video-games
2015,estudiantes,ST076Q07NA,ST076Q07NA,Before going to school did you: Meet friends or talk to friends on the phone
2015,estudiantes,ST076Q08NA,ST076Q08NA,Before going to school did you: Talk to your parents
2015,estudiantes,ST076Q09NA,ST076Q09NA,Before going to school did you: Work in the household or take care
2015,estudiantes,ST076Q10NA,ST076Q10NA,Before going to school did you: Work for pay
2015,estudiantes,ST076Q11NA,ST076Q11NA,Before going to school did you: Exercise or practice a sport
2015,estudiantes,ST078Q01NA,ST078Q01NA,After leaving school did you: Eat dinner
2015,estudiantes,ST078Q02NA,ST078Q02NA,After leaving school did you: Study\school\hmk
2015,estudiantes,ST078Q03NA,ST078Q03NA,After leaving school did you: Watch TV\<DVD>\Video
2015,estudiantes,ST078Q04NA,ST078Q04NA,After leaving school did you: Read a book\newspaper\magazine
2015,estudiantes,ST078Q05NA,ST078Q05NA,After leaving school did you: Internet\Chat\Social net (e.g. <Facebook>)
2015,estudiantes,ST078Q06NA,ST078Q06NA,After leaving school did you: Play video-games
2015,estudiantes,ST078Q07NA,ST078Q07NA,After leaving school did you: Meet friends or talk to friends on the phone
2015,estudiantes,ST078Q08NA,ST078Q08NA,After leaving school did you: Talk to your parents
2015,estudiantes,ST078Q09NA,ST078Q09NA,After leaving school did you: Work in the household or take care of other family members
2015,estudiantes,ST078Q10NA,ST078Q10NA,After leaving school did you: Work for pay
2015,estudiantes,ST078Q11NA,ST078Q11NA,After leaving school did you: Exercise or practice a sport
2015,estudiantes,ST065Class,ST065Class,Student coded science class (from ST065Q01NA)
2015,estudiantes,IC001Q01TA,IC001Q01TA,Available for you to use at home: Desktop computer
2015,estudiantes,IC001Q02TA,IC001Q02TA,"Available for you to use at home: Portable laptop, or notebook"
2015,estudiantes,IC001Q03TA,IC001Q03TA,"Available for you to use at home: <Tablet computer> (e.g. <iPad®>, <BlackBerry® PlayBook>)"
2015,estudiantes,IC001Q04TA,IC001Q04TA,Available for you to use at home: Internet connection
2015,estudiantes,IC001Q05TA,IC001Q05TA,"Available for you to use at home: <Video games console>, e.g. <Sony® PlayStation®>"
2015,estudiantes,IC001Q06TA,IC001Q06TA,Available for you to use at home: <Cell phone> (without Internet access)
2015,estudiantes,IC001Q07TA,IC001Q07TA,Available for you to use at home: <Cell phone> (with Internet access)
2015,estudiantes,IC001Q08TA,IC001Q08TA,"Available for you to use at home: Portable music player (Mp3\Mp4 player, iPod® or similar)"
2015,estudiantes,IC001Q09TA,IC001Q09TA,Available for you to use at home: Printer
2015,estudiantes,IC001Q10TA,IC001Q10TA,Available for you to use at home: USB (memory) stick
2015,estudiantes,IC001Q11TA,IC001Q11TA,"Available for you to use at home: <ebook reader>, e.g. <Amazon® Kindle>"
2015,estudiantes,IC009Q01TA,IC009Q01TA,Digitial devices available at school: Desktop computer
2015,estudiantes,IC009Q02TA,IC009Q02TA,Digitial devices available at school: Portable laptop or notebook
2015,estudiantes,IC009Q03TA,IC009Q03TA,"Digitial devices available at school: <Tablet computer> (e.g. <iPad®>, <BlackBerry® PlayBook>)"
2015,estudiantes,IC009Q05NA,IC009Q05NA,Digitial devices available at school: Internet connected school computers
2015,estudiantes,IC009Q06NA,IC009Q06NA,Digitial devices available at school: Internet connection via wireless network
2015,estudiantes,IC009Q07NA,IC009Q07NA,"Digitial devices available at school: Storage space for school-related data, e.g. a folder for own documents"
2015,estudiantes,IC009Q08TA,IC009Q08TA,Digitial devices available at school: USB (memory) stick
2015,estudiantes,IC009Q09TA,IC009Q09TA,"Digitial devices available at school: <ebook reader>, e.g. <Amazon® Kindle>"
2015,estudiantes,IC009Q10NA,IC009Q10NA,"Digitial devices available at school: Data projector, e.g. for slide presentations"
2015,estudiantes,IC009Q11NA,IC009Q11NA,"Digitial devices available at school: Interactive Whiteboard, e.g. <Smartboard®>"
2015,estudiantes,IC002Q01NA,IC002Q01NA,How old were you when you first used a digital device?
2015,estudiantes,IC003Q01TA,IC003Q01TA,How old were you when you first used a computer?
2015,estudiantes,IC004Q01TA,IC004Q01TA,How old were you when you first accessed the Internet?
2015,estudiantes,IC005Q01TA,IC005Q01TA,"During a typical weekday, for how long do you use the Internet at school?"
2015,estudiantes,IC006Q01TA,IC006Q01TA,"During a typical weekday, for how long do you use the Internet outside of school?"
2015,estudiantes,IC007Q01TA,IC007Q01TA,"On a typical weekend day, for how long do you use the Internet outside of school?"
2015,estudiantes,IC008Q01TA,IC008Q01TA,Use digital devices outside school for playing one-player games.
2015,estudiantes,IC008Q02TA,IC008Q02TA,Use digital devices outside school for playing collaborative online games.
2015,estudiantes,IC008Q03TA,IC008Q03TA,Use digital devices outside school for using email.
2015,estudiantes,IC008Q04TA,IC008Q04TA,Use digital devices outside school for <Chatting online> (e.g. <MSN®>).
2015,estudiantes,IC008Q05TA,IC008Q05TA,"Use digital devices outside school for social networks (e.g. <Facebook>, <MySpace>)."
2015,estudiantes,IC008Q07NA,IC008Q07NA,"Use digital devices outside school for online games\Social Networks (e.g. <Farmville®>, <The Sims Social>)."
2015,estudiantes,IC008Q08TA,IC008Q08TA,"Use digital devices outside school for browsing the Internet for fun videos, e.g. <YouTube>)."
2015,estudiantes,IC008Q09TA,IC008Q09TA,Use digital devices outside school for reading news on the Internet (e.g. current affairs).
2015,estudiantes,IC008Q10TA,IC008Q10TA,Use digital devices outside school for obtaining practical information from the Internet
2015,estudiantes,IC008Q11TA,IC008Q11TA,"Use digital devices outside school for downloading music, films, games or software from the Internet."
2015,estudiantes,IC008Q12TA,IC008Q12TA,Use digital devices outside school for uploading your own created contents for sharing
2015,estudiantes,IC008Q13NA,IC008Q13NA,Use digital devices outside school for downloading new apps on a mobile device.
2015,estudiantes,IC010Q01TA,IC010Q01TA,Frequency of use outside of school: Browsing the Internet for schoolwork (e.g. for preparing an essay or presentation
2015,estudiantes,IC010Q02NA,IC010Q02NA,"Frequency of use outside of school: Browsing the Internet to follow up lessons, e.g. for finding explanations."
2015,estudiantes,IC010Q03TA,IC010Q03TA,Frequency of use outside of school: Using email for communication with other students about schoolwork.
2015,estudiantes,IC010Q04TA,IC010Q04TA,Frequency of use outside of school: Using email for communication with teacher\submit of homework or other schoolwork
2015,estudiantes,IC010Q05NA,IC010Q05NA,Frequency of use outside of school: Using Social Networks for communication with other students about schoolwork.
2015,estudiantes,IC010Q06NA,IC010Q06NA,Frequency of use outside of school: Using Social Networks for communication with teachers.
2015,estudiantes,IC010Q07TA,IC010Q07TA,Frequency of use outside of school: Download\upload\browsing from school website (e.g. time table or course materials
2015,estudiantes,IC010Q08TA,IC010Q08TA,"Frequency of use outside of school: Checking the schools website for announcements, e.g. absence of teachers."
2015,estudiantes,IC010Q09NA,IC010Q09NA,Frequency of use outside of school: Doing homework on a computer.
2015,estudiantes,IC010Q10NA,IC010Q10NA,Frequency of use outside of school: Doing homework on a mobile device.
2015,estudiantes,IC010Q11NA,IC010Q11NA,Frequency of use outside of school: Downloading learning apps on a mobile device.
2015,estudiantes,IC010Q12NA,IC010Q12NA,Frequency of use outside of school: Downloading science learning apps on a mobile device.
2015,estudiantes,IC011Q01TA,IC011Q01TA,Frequency of use at school: <Chatting on line> at school.
2015,estudiantes,IC011Q02TA,IC011Q02TA,Frequency of use at school: Using email at school.
2015,estudiantes,IC011Q03TA,IC011Q03TA,Frequency of use at school: Browsing the Internet for schoolwork.
2015,estudiantes,IC011Q04TA,IC011Q04TA,Frequency of use at school: Download\upload\browse schools web (e.g. <intranet>).
2015,estudiantes,IC011Q05TA,IC011Q05TA,Frequency of use at school: Posting my work on the schools website.
2015,estudiantes,IC011Q06TA,IC011Q06TA,Frequency of use at school: Playing simulations at school.
2015,estudiantes,IC011Q07TA,IC011Q07TA,"Frequency of use at school: Practicing and drilling, foreign language learning or math."
2015,estudiantes,IC011Q08TA,IC011Q08TA,Frequency of use at school: Doing homework on a school computer.
2015,estudiantes,IC011Q09TA,IC011Q09TA,Frequency of use at school: Using school computers for group work and communication with other students.
2015,estudiantes,IC013Q01NA,IC013Q01NA,I forget about time when I'm using digital devices.
2015,estudiantes,IC013Q04NA,IC013Q04NA,"The Internet is a great resource for obtaining information I am interested in (e.g. news, sports, dictionary)."
2015,estudiantes,IC013Q05NA,IC013Q05NA,It is very useful to have Social Networks on the Internet.
2015,estudiantes,IC013Q11NA,IC013Q11NA,I am really excited discovering new digital devices or applications.
2015,estudiantes,IC013Q12NA,IC013Q12NA,I really feel bad if no Internet connection is possible.
2015,estudiantes,IC013Q13NA,IC013Q13NA,I like using digital devices.
2015,estudiantes,IC014Q03NA,IC014Q03NA,I feel comfortable using digital devices that I am less familiar with.
2015,estudiantes,IC014Q04NA,IC014Q04NA,"If my friends and relatives want to buy new digital devices or applications, I can give them advice."
2015,estudiantes,IC014Q06NA,IC014Q06NA,I feel comfortable using my digital devices at home.
2015,estudiantes,IC014Q08NA,IC014Q08NA,"When I come across problems with digital devices, I think I can solve them."
2015,estudiantes,IC014Q09NA,IC014Q09NA,"If my friends and relatives have a problem with digital devices, I can help them."
2015,estudiantes,IC015Q02NA,IC015Q02NA,"If I need new software, I install it by myself."
2015,estudiantes,IC015Q03NA,IC015Q03NA,I read information about digital devices to be independent.
2015,estudiantes,IC015Q05NA,IC015Q05NA,I use digital devices as I want to use them.
2015,estudiantes,IC015Q07NA,IC015Q07NA,If I have a problem with digital devices I start to solve it on my own.
2015,estudiantes,IC015Q09NA,IC015Q09NA,"If I need a new application, I choose it by myself."
2015,estudiantes,IC016Q01NA,IC016Q01NA,"To learn something new about digital devices, I like to talk about them with my friends."
2015,estudiantes,IC016Q02NA,IC016Q02NA,I like to exchange solutions to problems with digital devices with others on the Internet.
2015,estudiantes,IC016Q04NA,IC016Q04NA,I like to meet friends and play computer and video games with them.
2015,estudiantes,IC016Q05NA,IC016Q05NA,I like to share information about digital devices with my friends.
2015,estudiantes,IC016Q07NA,IC016Q07NA,I learn a lot about digital media by discussing with my friends and relatives.
2015,estudiantes,EC001Q01NA,EC001Q01NA,Approx how many hrs\week attend add. instruct in the follow. domains? <School science> or <broad science>
2015,estudiantes,EC001Q02NA,EC001Q02NA,Approx how many hrs\week attend add. instruct in the follow. domains? Mathematics
2015,estudiantes,EC001Q03NA,EC001Q03NA,Approx how many hrs\week attend add. instruct in the follow. domains? <Test language>
2015,estudiantes,EC001Q04NA,EC001Q04NA,Approx how many hrs\week attend add. instruct in the follow. domains? <Foreign languages>
2015,estudiantes,EC001Q05NA,EC001Q05NA,Approx how many hrs\week attend add. instruct in the follow. domains? Social sciences
2015,estudiantes,EC001Q06NA,EC001Q06NA,Approx how many hrs\week attend add. instruct in the follow. domains? Music
2015,estudiantes,EC001Q07NA,EC001Q07NA,Approx how many hrs\week attend add. instruct in the follow. domains? Sports
2015,estudiantes,EC001Q08NA,EC001Q08NA,Approx how many hrs\week attend add. instruct in the follow. domains? Performing arts
2015,estudiantes,EC001Q09NA,EC001Q09NA,Approx how many hrs\week attend add. instruct in the follow. domains? Visual arts
2015,estudiantes,EC001Q10NA,EC001Q10NA,Approx how many hrs\week attend add. instruct in the follow. domains? Other
2015,estudiantes,EC003Q01NA,EC003Q01NA,Which <school science> subjects are covered? Physics
2015,estudiantes,EC003Q02NA,EC003Q02NA,Which <school science> subjects are covered? Chemistry
2015,estudiantes,EC003Q03NA,EC003Q03NA,Which <school science> subjects are covered? Biology
2015,estudiantes,EC003Q04NA,EC003Q04NA,Which <school science> subjects are covered? <Earth and space>
2015,estudiantes,EC003Q05NA,EC003Q05NA,Which <school science> subjects are covered? Applied science and technology (e.g. <country-specific example>)
2015,estudiantes,EC003Q06NA,EC003Q06NA,Which <school science> subjects are covered? <General or integrated science> (e.g. <country-specific example>)
2015,estudiantes,EC004Q01NA,EC004Q01NA,Add science inst. cover? Content covered in regular school courses
2015,estudiantes,EC004Q02NA,EC004Q02NA,Add science inst. cover? New or additional content not covered in regular school courses
2015,estudiantes,EC005Q01NA,EC005Q01NA,Sci. instruct. participate? One-on-one tutoring with a person
2015,estudiantes,EC005Q02NA,EC005Q02NA,Sci. instruct. participate? Internet tutoring with a person (including e.g. <Skype>)
2015,estudiantes,EC005Q03NA,EC005Q03NA,Sci. instruct. participate? Internet or computer tutoring with a programme or application
2015,estudiantes,EC005Q04NA,EC005Q04NA,Sci. instruct. participate? Live instruction by a person
2015,estudiantes,EC005Q05NA,EC005Q05NA,Sci. instruct. participate? Video-recorded instruction by a person
2015,estudiantes,EC005Q06NA,EC005Q06NA,Sci. instruct. participate? Small group study or practice (2 to 7 students)
2015,estudiantes,EC005Q07NA,EC005Q07NA,Sci. instruct. participate? Large group study or practice (8 or more students)
2015,estudiantes,EC005Q08NA,EC005Q08NA,Sci. instruct. participate? Other additional science instruction
2015,estudiantes,EC007Q01NA,EC007Q01NA,Where do you attend this additional science instruction? In my regular school building
2015,estudiantes,EC007Q02NA,EC007Q02NA,"Where do you attend this additional science instruction? At some other place, i.e., not in my reg school building"
2015,estudiantes,EC008Q01NA,EC008Q01NA,The teacher is one of my regular teachers in this years school courses. (science)
2015,estudiantes,EC008Q02NA,EC008Q02NA,The teacher regularly teaches students my age in school but is not my teacher in any of my regular courses. (science)
2015,estudiantes,EC008Q03NA,EC008Q03NA,The teacher mainly works for a business or organisation specialised in additional instruction. (science)
2015,estudiantes,EC008Q04NA,EC008Q04NA,The teacher is not specialised teaching personnel (e.g. a student). (science)
2015,estudiantes,EC009Q03NA,EC009Q03NA,Compare your <school science> lessons at school\your add sci inst. My teacher does a lot to help
2015,estudiantes,EC009Q07NA,EC009Q07NA,Compare your <school science> lessons at school\your add sci inst. My teacher is pleased when I
2015,estudiantes,EC009Q10NA,EC009Q10NA,Compare your <school science> lessons at school\your add sci inst. My teacher gives hints
2015,estudiantes,EC009Q12NA,EC009Q12NA,Compare your <school science> lessons at school\your add sci inst. My teacher helps me\find ways
2015,estudiantes,EC009Q13NA,EC009Q13NA,Compare your <school science> lessons at school\your add sci inst. Once we identify why
2015,estudiantes,EC009Q14NA,EC009Q14NA,Compare your <school science> lessons at school\your add sci inst. My teacher adapts the content
2015,estudiantes,EC010Q04NA,EC010Q04NA,Compare <school science> lessons in school\add sci instruct. It takes long time until I have gathered all the materia
2015,estudiantes,EC010Q06NA,EC010Q06NA,Compare <school science> lessons in school\add sci instruct. I talk about things that don't have anything to do with
2015,estudiantes,EC010Q07NA,EC010Q07NA,"Compare <school science> lessons in school\add sci instruct. At the end of a lesson, my teacher summarises learning"
2015,estudiantes,EC010Q08NA,EC010Q08NA,Compare <school science> lessons in school\add sci instruct. My teacher points out the most important aspects\topic.
2015,estudiantes,EC010Q09NA,EC010Q09NA,Compare <school science> lessons in school\add sci instruct. I am often bored.
2015,estudiantes,EC010Q10NA,EC010Q10NA,Compare <school science> lessons in school\add sci instruct. It takes very long until I am ready to get started.
2015,estudiantes,EC010Q11NA,EC010Q11NA,Compare <school science> lessons in school\add sci instruct. I should learn in a cert actvty.
2015,estudiantes,EC010Q12NA,EC010Q12NA,Compare <school science> lessons in school\add sci instruct. My teacher points out the broader context of a learning
2015,estudiantes,EC011Q01NA,EC011Q01NA,Compare <school science> lessons in school\add sci instruct. I get along well with my teachers.
2015,estudiantes,EC011Q02NA,EC011Q02NA,Compare <school science> lessons in school\add sci instruct. My teachers are interested in my well-being.
2015,estudiantes,EC011Q03NA,EC011Q03NA,Compare <school science> lessons in school\add sci instruct. My teachers really listen to what I have to say.
2015,estudiantes,EC011Q04NA,EC011Q04NA,"Compare <school science> lessons in school\add sci instruct. If I need extra help, I will receive it from teachers."
2015,estudiantes,EC011Q05NA,EC011Q05NA,Compare <school science> lessons in school\add sci instruct. My teachers treat me fairly.
2015,estudiantes,EC012Q01NA,EC012Q01NA,Why do you attend additional science instruction in this school year? I want to learn more.
2015,estudiantes,EC012Q02NA,EC012Q02NA,Why do you attend additional science instruction in this school year? I want to prepare for exams.
2015,estudiantes,EC012Q03NA,EC012Q03NA,Why do you attend additional science instruction in this school year? I was attracted by the tutoring advertisement.
2015,estudiantes,EC012Q04NA,EC012Q04NA,Why do you attend additional science instruction in this school year? My parents wanted me to attend.
2015,estudiantes,EC012Q05NA,EC012Q05NA,Why do you attend additional science instruction in this school year? Many of my friends are doing it.
2015,estudiantes,EC012Q06NA,EC012Q06NA,Why do you attend additional science instruction in this school year? My teachers recommend it.
2015,estudiantes,EC012Q07NA,EC012Q07NA,Why do you attend additional science instruction in this school year? I want to improve my grades.
2015,estudiantes,EC012Q08NA,EC012Q08NA,Why do you attend additional science instruction in this school year? I need to improve my grades.
2015,estudiantes,EC012Q09NA,EC012Q09NA,Why do you attend additional science instruction in this school year? It is gratifying to study.
2015,estudiantes,EC012Q10NA,EC012Q10NA,Why do you attend additional science instruction in this school year? It looks good on a résumé.
2015,estudiantes,EC012Q11NA,EC012Q11NA,Why do you attend additional science instruction in this school year? It is necessary for a job.
2015,estudiantes,EC012Q12NA,EC012Q12NA,Why do you attend additional science instruction in this school year? Other reason.
2015,estudiantes,EC013Q01NA,EC013Q01NA,Why don't you attend additional science in this school year? I don't need any additional science instruction.
2015,estudiantes,EC013Q02NA,EC013Q02NA,Why don't you attend additional science in this school year? None of the available offerings suit my needs.
2015,estudiantes,EC013Q03NA,EC013Q03NA,Why don't you attend additional science in this school year? Not many of my friends are doing it.
2015,estudiantes,EC013Q04NA,EC013Q04NA,Why don't you attend additional science in this school year? I don't have time.
2015,estudiantes,EC013Q05NA,EC013Q05NA,Why don't you attend additional science in this school year? I don't have the money.
2015,estudiantes,EC013Q06NA,EC013Q06NA,Why don't you attend additional science in this school year? My school teachers are knowledgeable enough.
2015,estudiantes,EC013Q07NA,EC013Q07NA,Why don't you attend additional science in this school year? My parents don't want me to do it.
2015,estudiantes,EC013Q08NA,EC013Q08NA,Why don't you attend additional science in this school year? It doesnt seem worth the money.
2015,estudiantes,EC013Q09NA,EC013Q09NA,Why don't you attend additional science in this school year? My teachers say it is not useful.
2015,estudiantes,EC013Q10NA,EC013Q10NA,Why don't you attend additional science in this school year? I have never considered add. science instruction.
2015,estudiantes,EC013Q11NA,EC013Q11NA,Why don't you attend additional science in this school year? Add. science instruction not avail. where I live.
2015,estudiantes,EC013Q12NA,EC013Q12NA,Why don't you attend additional science in this school year? My family helps me instead.
2015,estudiantes,EC013Q13NA,EC013Q13NA,Why don't you attend additional science in this school year? My peers and friends help me instead.
2015,estudiantes,EC014Q01NA,EC014Q01NA,What does additional math cover? Content covered in regular school courses
2015,estudiantes,EC014Q02NA,EC014Q02NA,What does additonal math cover? New or additional content notcovered in regular school courses
2015,estudiantes,EC015Q01NA,EC015Q01NA,Which math instruction do you participate? One-on-one tutoring with a person
2015,estudiantes,EC015Q02NA,EC015Q02NA,Which math instruction do you participate? Internet tutoring with a person (including e.g. <Skype>)
2015,estudiantes,EC015Q03NA,EC015Q03NA,Which math instruction do you participate? Internet or computer tutoring with a programme or application
2015,estudiantes,EC015Q04NA,EC015Q04NA,Which math instruction do you participate? Live instruction by a person
2015,estudiantes,EC015Q05NA,EC015Q05NA,Which math instruction do you participate? Video-recorded instruction by a person
2015,estudiantes,EC015Q06NA,EC015Q06NA,Which math instruction do you participate? Small group study or practice (2 to 7 students)
2015,estudiantes,EC015Q07NA,EC015Q07NA,Which math instruction do you participate? Large group study or practice (8 or more students)
2015,estudiantes,EC015Q08NA,EC015Q08NA,Which math instruction do you participate? Other additional mathematics instruction
2015,estudiantes,EC017Q01NA,EC017Q01NA,Where do you attend this additional mathematics instruction? In my regular school building
2015,estudiantes,EC017Q02NA,EC017Q02NA,"Where do you attend this additional mathematics instruction? At some other place, i.e., not in my regular school"
2015,estudiantes,EC018Q01NA,EC018Q01NA,The teacher is one of my regular teachers in this years school courses. (mathematics)
2015,estudiantes,EC018Q02NA,EC018Q02NA,The teacher regularly teaches students my age in school but is not my teacher in any of my regular school courses. (m
2015,estudiantes,EC018Q03NA,EC018Q03NA,The teacher mainly works for a business or organisation specialised in additional instruction. (mathematics)
2015,estudiantes,EC018Q04NA,EC018Q04NA,The teacher is not specialised teaching personnel (e.g. a student). (mathematics)
2015,estudiantes,EC019Q03NA,EC019Q03NA,My teacher does a lot to help me.
2015,estudiantes,EC019Q07NA,EC019Q07NA,My teacher is pleased when I come up with new solutions to a problem.
2015,estudiantes,EC019Q10NA,EC019Q10NA,My teacher gives hints or offers strategies that help me to solve a task.
2015,estudiantes,EC019Q12NA,EC019Q12NA,My teacher helps me to find ways how to solve a problem.
2015,estudiantes,EC019Q13NA,EC019Q13NA,"Once we identify why I have a certain problem, my teacher provides me with a working strategy."
2015,estudiantes,EC019Q14NA,EC019Q14NA,My teacher adapts the content and method to my needs.
2015,estudiantes,EC020Q04NA,EC020Q04NA,Where do math situations occur? It takes a long time until I have gathered all the material to get started.
2015,estudiantes,EC020Q06NA,EC020Q06NA,Where do math situations occur? I talk about things that don't have anything to do with our tasks\topic.
2015,estudiantes,EC020Q07NA,EC020Q07NA,Where do math situations occur? My teacher summarises the learning content I have covered.
2015,estudiantes,EC020Q08NA,EC020Q08NA,Where do math situations occur? My teacher points out the most important aspects of a topic.
2015,estudiantes,EC020Q09NA,EC020Q09NA,Where do math situations occur? I am often bored.
2015,estudiantes,EC020Q10NA,EC020Q10NA,Where do math situations occur? It takes very long until I am ready to get started.
2015,estudiantes,EC020Q11NA,EC020Q11NA,Where do math situations occur? My teacher tells me what I should learn in a certain activity.
2015,estudiantes,EC020Q12NA,EC020Q12NA,Where do math situations occur? My teacher points out the broader context of a learning unit.
2015,estudiantes,EC021Q01NA,EC021Q01NA,I get along well with my teachers.
2015,estudiantes,EC021Q02NA,EC021Q02NA,My teachers are interested in my well-being.
2015,estudiantes,EC021Q03NA,EC021Q03NA,My teachers really listen to what I have to say.
2015,estudiantes,EC021Q04NA,EC021Q04NA,"If I need extra help, I will receive it from my teachers."
2015,estudiantes,EC021Q05NA,EC021Q05NA,My teachers treat me fairly.
2015,estudiantes,EC022Q01NA,EC022Q01NA,Why do you attend additional mathematics in this school year: I want to learn more.
2015,estudiantes,EC022Q02NA,EC022Q02NA,Why do you attend additional mathematics in this school year: I want to prepare for exams.
2015,estudiantes,EC022Q03NA,EC022Q03NA,Why do you attend additional mathematics in this school year: I was attracted by the tutoring advertis.
2015,estudiantes,EC022Q04NA,EC022Q04NA,Why do you attend additional mathematics in this school year: My parents wanted me to attend.
2015,estudiantes,EC022Q05NA,EC022Q05NA,Why do you attend additional mathematics in this school year: Many of my friends are doing it.
2015,estudiantes,EC022Q06NA,EC022Q06NA,Why do you attend additional mathematics in this school year: My teachers recommend it.
2015,estudiantes,EC022Q07NA,EC022Q07NA,Why do you attend additional mathematics in this school year: I want to improve my grades.
2015,estudiantes,EC022Q08NA,EC022Q08NA,Why do you attend additional mathematics in this school year: I need to improve my grades.
2015,estudiantes,EC022Q09NA,EC022Q09NA,Why do you attend additional mathematics in this school year: It is gratifying to study.
2015,estudiantes,EC022Q10NA,EC022Q10NA,Why do you attend additional mathematics in this school year: It looks good on a résumé.
2015,estudiantes,EC022Q11NA,EC022Q11NA,Why do you attend additional mathematics in this school year: It is necessary for a job.
2015,estudiantes,EC022Q12NA,EC022Q12NA,Why do you attend additional mathematics in this school year: Other reason.
2015,estudiantes,EC023Q01NA,EC023Q01NA,Why don't you attend additional mathematics in this school year: I don't need any add math instruction.
2015,estudiantes,EC023Q02NA,EC023Q02NA,Why don't you attend additional mathematics in this school year: None of the offerings suit my needs.
2015,estudiantes,EC023Q03NA,EC023Q03NA,Why don't you attend additional mathematics in this school year: Not many of my friends are doing it.
2015,estudiantes,EC023Q04NA,EC023Q04NA,Why don't you attend additional mathematics in this school year: I don't have time.
2015,estudiantes,EC023Q05NA,EC023Q05NA,Why don't you attend additional mathematics in this school year: I don't have the money.
2015,estudiantes,EC023Q06NA,EC023Q06NA,Why don't you attend additional mathematics in this school year: My teachers are knowledgeable enough.
2015,estudiantes,EC023Q07NA,EC023Q07NA,Why don't you attend additional mathematics in this school year: My parents don't want me to do it.
2015,estudiantes,EC023Q08NA,EC023Q08NA,Why don't you attend additional mathematics in this school year: It doesnt seem worth the money.
2015,estudiantes,EC023Q09NA,EC023Q09NA,Why don't you attend additional mathematics in this school year: My teachers say it is not useful.
2015,estudiantes,EC023Q10NA,EC023Q10NA,Why don't you attend additional mathematics in this school year: I never considered add. math instruction.
2015,estudiantes,EC023Q11NA,EC023Q11NA,Why don't you attend additional mathematics in this school year: Add. math instruc. not avail. where I live.
2015,estudiantes,EC023Q12NA,EC023Q12NA,Why don't you attend additional mathematics in this school year: My family helps me instead.
2015,estudiantes,EC023Q13NA,EC023Q13NA,Why don't you attend additional mathematics in this school year: My peers and friends help me instead.
2015,estudiantes,EC024Q01NA,EC024Q01NA,Which type of add. <test language> instruct. do you participate in during this school year? One-on-one tutoring
2015,estudiantes,EC024Q02NA,EC024Q02NA,Which type of add. <test language> instruct. do you participate in during this school year? Internet tutor.( <Skype>)
2015,estudiantes,EC024Q03NA,EC024Q03NA,"Which type of add.<test language> instruct. do you participate in during this school year? Internet\comp tutoring, ap"
2015,estudiantes,EC024Q04NA,EC024Q04NA,Which type of add.<test language> instruct. do you participate in during this school year? Live instruction
2015,estudiantes,EC024Q05NA,EC024Q05NA,Which type of add.<test language> instruct. do you participate in during this school year? Video-recorded instruction
2015,estudiantes,EC024Q06NA,EC024Q06NA,Which type of add. <test language> instruct. do you participate in during this school year? Small gp study\practice
2015,estudiantes,EC024Q07NA,EC024Q07NA,Which type of add. <test language> instruct. do you participate in during this school year? Large group study\practic
2015,estudiantes,EC024Q08NA,EC024Q08NA,Which type of add. <test language> instruct. do you participate in during this school year? Other add. <test language
2015,estudiantes,EC026Q01NA,EC026Q01NA,Where do you attend this additional <test language> instruction? In my regular school building
2015,estudiantes,EC026Q02NA,EC026Q02NA,"Where do you attend this additional <test language> instruction? At some other place, i.e., not regular school build"
2015,estudiantes,EC027Q01NA,EC027Q01NA,The Teacher is one of my regular teachers in this years school courses. (test language)
2015,estudiantes,EC027Q02NA,EC027Q02NA,The teacher regularly teaches students my age in school but is not my teacher in any of my regular school courses. (t
2015,estudiantes,EC027Q03NA,EC027Q03NA,The teacher mainly works for a business or organisation specialised in additional instruction. (test language)
2015,estudiantes,EC027Q04NA,EC027Q04NA,The teacher is not specialised teaching personnel (e.g. a student). (test language)
2015,estudiantes,EC028Q01NA,EC028Q01NA,Did you attend additional instruction earlier in your education? In <ISCED 0>
2015,estudiantes,EC028Q02NA,EC028Q02NA,Did you attend additional instruction earlier in your education? In <ISCED 1>
2015,estudiantes,EC028Q03NA,EC028Q03NA,Did you attend additional instruction earlier in your education? In <ISCED 2>
2015,estudiantes,EC029Q01NA,EC029Q01NA,How many years altogether have you attended additional instruction? Years
2015,estudiantes,EC030Q01NA,EC030Q01NA,"In your family, who helps you regularly with your homework or private study? Mother or other female guardian"
2015,estudiantes,EC030Q02NA,EC030Q02NA,"In your family, who helps you regularly with your homework or private study? Father or other male guardian"
2015,estudiantes,EC030Q03NA,EC030Q03NA,"In your family, who helps you regularly with your homework or private study? Sister(s)\brother(s)"
2015,estudiantes,EC030Q04NA,EC030Q04NA,"In your family, who helps you regularly with your homework or private study? Grandparents"
2015,estudiantes,EC030Q05NA,EC030Q05NA,"In your family, who helps you regularly with your homework or private study? Other relatives"
2015,estudiantes,EC030Q06NA,EC030Q06NA,"In your family, who helps you regularly with your homework or private study? Nobody"
2015,estudiantes,EC030Q07NA,EC030Q07NA,"In your family, who helps you regularly with your homework or private study? Other person"
2015,estudiantes,EC031Q01TA,EC031Q01TA,Did you change schools when you were attending <ISCED 1>?
2015,estudiantes,EC032Q01TA,EC032Q01TA,Did you change schools when you were attending <ISCED 2>?
2015,estudiantes,EC033Q01NA,EC033Q01NA,Have you ever changed your <study programme>?
2015,estudiantes,PA001Q01TA,PA001Q01TA,Who will complete this questionnaire? Mother or other female guardian
2015,estudiantes,PA001Q02TA,PA001Q02TA,Who will complete this questionnaire? Father or other male guardian
2015,estudiantes,PA001Q03TA,PA001Q03TA,Who will complete this questionnaire? Other
2015,estudiantes,PA002Q01TA,PA002Q01TA,Watched TV programmes about science
2015,estudiantes,PA002Q02TA,PA002Q02TA,Read books on scientific discoveries
2015,estudiantes,PA002Q03TA,PA002Q03TA,"Watched, read or listened to science fiction"
2015,estudiantes,PA002Q04TA,PA002Q04TA,Visited web sites about science topics
2015,estudiantes,PA002Q05TA,PA002Q05TA,Attended a science club
2015,estudiantes,PA002Q06NA,PA002Q06NA,"Construction play, e.g.<Lego bricks>"
2015,estudiantes,PA002Q07NA,PA002Q07NA,Took apart technical devices
2015,estudiantes,PA002Q08NA,PA002Q08NA,"Fixed broken objects or items, e.g. broken electronic toys"
2015,estudiantes,PA002Q09NA,PA002Q09NA,"Experimented with a science kit, electronics kit, or chemistry set, used a microscope or telescope"
2015,estudiantes,PA002Q10NA,PA002Q10NA,Played computer games with a science content
2015,estudiantes,PA003Q01TA,PA003Q01TA,Discuss how well my child is doing at school.
2015,estudiantes,PA003Q02TA,PA003Q02TA,Eat <the main meal> with my child around a table.
2015,estudiantes,PA003Q03TA,PA003Q03TA,Spend time just talking to my child.
2015,estudiantes,PA003Q04NA,PA003Q04NA,Help my child with his\her science homework.
2015,estudiantes,PA003Q05NA,PA003Q05NA,Ask how my child is performing in science class.
2015,estudiantes,PA003Q06NA,PA003Q06NA,"Obtain science-related materials (e.g., applications, software, study guides etc.) for my child."
2015,estudiantes,PA003Q07NA,PA003Q07NA,Discuss with my child how science is used in everyday life.
2015,estudiantes,PA003Q08NA,PA003Q08NA,Discuss <science related career> options with my child.
2015,estudiantes,PA004Q01NA,PA004Q01NA,"Thinking about <the last academic year>, I am interested in my childs school activities."
2015,estudiantes,PA004Q02NA,PA004Q02NA,"Thinking about <the last academic year>, I am supportive of my child's efforts at school and his\her achievements."
2015,estudiantes,PA004Q03NA,PA004Q03NA,"Thinking about <the last academic year>, I support my child when he\she is facing difficulties at school."
2015,estudiantes,PA004Q04NA,PA004Q04NA,"Thinking about <the last academic year>, I encourage my child to be confident."
2015,estudiantes,PA005Q01TA,PA005Q01TA,Which of the following statements best describes the schooling available to students in your location?
2015,estudiantes,PA006Q01TA,PA006Q01TA,The school is at a short distance to home.
2015,estudiantes,PA006Q02TA,PA006Q02TA,The school has a good reputation.
2015,estudiantes,PA006Q03TA,PA006Q03TA,The school offers particular courses or school subjects.
2015,estudiantes,PA006Q04TA,PA006Q04TA,The school adheres to a particular <religious philosophy>.
2015,estudiantes,PA006Q05TA,PA006Q05TA,"The school has a particular approach to <pedagogy\didactics, e.g. example>."
2015,estudiantes,PA006Q06TA,PA006Q06TA,Other family members attended the school.
2015,estudiantes,PA006Q07TA,PA006Q07TA,"<Expenses are low> (e.g. tuition, books, room and board)."
2015,estudiantes,PA006Q08TA,PA006Q08TA,"The school has <financial aid> available, such as a school loan, scholarship, or grant."
2015,estudiantes,PA006Q09TA,PA006Q09TA,The school has an active and pleasant school climate.
2015,estudiantes,PA006Q10TA,PA006Q10TA,The academic achievements of students in the school are high.
2015,estudiantes,PA006Q11TA,PA006Q11TA,There is a safe school environment.
2015,estudiantes,PA007Q01TA,PA007Q01TA,Most of my childs school teachers seem competent and dedicated.
2015,estudiantes,PA007Q02TA,PA007Q02TA,Standards of achievement are high in my childs school.
2015,estudiantes,PA007Q03TA,PA007Q03TA,I am happy with the content taught and the instructional methods used in my childs school.
2015,estudiantes,PA007Q04TA,PA007Q04TA,I am satisfied with the disciplinary atmosphere in my childs school.
2015,estudiantes,PA007Q05TA,PA007Q05TA,My childs progress is carefully monitored by the school.
2015,estudiantes,PA007Q06TA,PA007Q06TA,My childs school provides regular and useful information on my childs progress.
2015,estudiantes,PA007Q07TA,PA007Q07TA,My childs school does a good job in educating students.
2015,estudiantes,PA007Q09NA,PA007Q09NA,My childs school provides an inviting atmosphere for parents to get involved.
2015,estudiantes,PA007Q11NA,PA007Q11NA,My childs school provides effective communication between the school and families.
2015,estudiantes,PA007Q12NA,PA007Q12NA,My childs school involves parents in the school's decision-making process.
2015,estudiantes,PA007Q13NA,PA007Q13NA,"My childs school offers par ed (e.g. <courses on family literacy>)\(e.g. <to assist with health, nutrition>)."
2015,estudiantes,PA007Q14NA,PA007Q14NA,My childs school informs families about how to help students with homework\other school-related activities.
2015,estudiantes,PA007Q15NA,PA007Q15NA,My childs school cooperates with <community services> to strengthen school programmes\student development.
2015,estudiantes,PA008Q01TA,PA008Q01TA,"<the last academic year>, particip.\ school-related activity? Discussed child's behaviour with a teacher on my own in"
2015,estudiantes,PA008Q02TA,PA008Q02TA,"<the last academic year>, particip.\ school-related activity? Discussed on the initiative of one of his\her teachers."
2015,estudiantes,PA008Q03TA,PA008Q03TA,"<the last academic year>, particip.\ school-related activity? Discussed  child's progress with a teacher on my own in"
2015,estudiantes,PA008Q04TA,PA008Q04TA,"<the last academic year>, particip.\ school-related activity? Discussed my childs progress\initiative"
2015,estudiantes,PA008Q05TA,PA008Q05TA,"<the last academic year>, particip.\ school-related activity? Participated in local school government."
2015,estudiantes,PA008Q06NA,PA008Q06NA,"<the last academic year>, particip.\ school-related activity? Volunteered in physical or extra-curricular activity?es"
2015,estudiantes,PA008Q07NA,PA008Q07NA,"<the last academic year>, particip.\ school-related activity? Volunteered to support school activity?es"
2015,estudiantes,PA008Q08NA,PA008Q08NA,"<the last academic year>, particip.\ school-related activity? Attended a scheduled meeting or conferences"
2015,estudiantes,PA008Q09NA,PA008Q09NA,"<the last academic year>, particip.\ school-related activity? Talked\how to to support learning at home"
2015,estudiantes,PA008Q10NA,PA008Q10NA,"<the last academic year>, particip.\ school-related activity? Ideas on parenting, family support, etc."
2015,estudiantes,PA009Q01NA,PA009Q01NA,"<the last academic year>, particip. activities\childs school hindered by? The meeting times were inconvenient."
2015,estudiantes,PA009Q02NA,PA009Q02NA,"<the last academic year>, particip. activities\childs school hindered by? I was not able to get off from work."
2015,estudiantes,PA009Q03NA,PA009Q03NA,"<the last academic year>, particip. activities\childs school hindered by? No one to take care\my child\ children."
2015,estudiantes,PA009Q04NA,PA009Q04NA,"<the last academic year>, particip. activities\childs school hindered by? The way to school is unsafe."
2015,estudiantes,PA009Q05NA,PA009Q05NA,"<the last academic year>, particip. activities\childs school hindered by? I had problems with transportation."
2015,estudiantes,PA009Q06NA,PA009Q06NA,"<the last academic year>, particip. activities\childs school hindered by? I felt unwelcome at my childs school."
2015,estudiantes,PA009Q08NA,PA009Q08NA,"<the last academic year>, particip. activities\childs school hindered by? My <language skills> were not sufficient."
2015,estudiantes,PA009Q09NA,PA009Q09NA,"<the last academic year>, particip. activities\childs school hindered by? I think participation is not relevant"
2015,estudiantes,PA009Q10NA,PA009Q10NA,"<the last academic year>, particip. activities\childs school hindered by? I do not know how I could particip"
2015,estudiantes,PA009Q11NA,PA009Q11NA,"<the last academic year>, particip. activities\childs school hindered by? My child does not want me to particip."
2015,estudiantes,PA011Q01NA,PA011Q01NA,How many parents of your childs friends at this school do you know?
2015,estudiantes,PA011Q02NA,PA011Q02NA,How many friends of your child at school do you know by name?
2015,estudiantes,PA011Q03NA,PA011Q03NA,School staff would you feel comfortable talking to if you had a question about your child?
2015,estudiantes,PA014Q01NA,PA014Q01NA,At what age did your child start attending <ISCED 1>?
2015,estudiantes,PA018Q01NA,PA018Q01NA,Reg. attend an arrangement prior to <grade 1 in ISCED 1>? Supervision and care (e.g. <national examples>)
2015,estudiantes,PA018Q02NA,PA018Q02NA,Reg. attend an arrangement <grade 1 in ISCED 1>? Early childhood educational development (e.g. <national examples>)
2015,estudiantes,PA018Q03NA,PA018Q03NA,Reg. attend an arrangement <grade 1 in ISCED 1>? Pre-primary education (e.g. <national examples>)
2015,estudiantes,PA019Q01NA,PA019Q01NA,Attend a <supervision and care arrangement>\ <grade 1 in ISCED 1>?  Up to age 1
2015,estudiantes,PA019Q02NA,PA019Q02NA,Attend a <supervision and care arrangement>\ <grade 1 in ISCED 1>?  Age 1
2015,estudiantes,PA019Q03NA,PA019Q03NA,Attend a <supervision and care arrangement>\ <grade 1 in ISCED 1>?  Age 2
2015,estudiantes,PA019Q04NA,PA019Q04NA,Attend a <supervision and care arrangement>\ <grade 1 in ISCED 1>?  Age 3
2015,estudiantes,PA019Q05NA,PA019Q05NA,Attend a <supervision and care arrangement>\ <grade 1 in ISCED 1>?  Age 4
2015,estudiantes,PA019Q06NA,PA019Q06NA,Attend a <supervision and care arrangement>\ <grade 1 in ISCED 1>?  Age 5
2015,estudiantes,PA019Q07NA,PA019Q07NA,Attend a <supervision and care arrangement>\ <grade 1 in ISCED 1>?  Age 6
2015,estudiantes,PA019Q08NA,PA019Q08NA,Attend a <supervision and care arrangement>\ <grade 1 in ISCED 1>?  Age 7
2015,estudiantes,PA020Q01NA,PA020Q01NA,In a <supervision and care arrangement>? An underage sibling of the child
2015,estudiantes,PA020Q02NA,PA020Q02NA,In a <supervision and care arrangement>? An adult relative of the child (e. g. grandparents)
2015,estudiantes,PA020Q03NA,PA020Q03NA,"In a <supervision and care arrangement>? An adult untrained in child care, not a relative"
2015,estudiantes,PA020Q04NA,PA020Q04NA,"In a <supervision and care arrangement>? A trained adult (e. g. <teacher>, nurse)"
2015,estudiantes,PA021Q01NA,PA021Q01NA,Child cared for or educated in a <supervision and care arrangement>? The childs own home
2015,estudiantes,PA021Q02NA,PA021Q02NA,Child cared for or educated in a <supervision and care arrangement>? Another persons private home
2015,estudiantes,PA021Q03NA,PA021Q03NA,Child cared for or educated in a <supervision and care arrangement>? Institutional setting (e.g. <national example>)
2015,estudiantes,PA021Q04NA,PA021Q04NA,Child cared for or educated in a <supervision and care arrangement>? Another place
2015,estudiantes,PA022Q01NA,PA022Q01NA,What was the most important reason why your child attended a <supervision and care arrangement>?
2015,estudiantes,PA023Q01NA,PA023Q01NA,<early childhood educational development arrangement> prior to <grade 1 in ISCED 1>? Up to age 1
2015,estudiantes,PA023Q02NA,PA023Q02NA,<early childhood educational development arrangement> prior to <grade 1 in ISCED 1>? Age 1
2015,estudiantes,PA023Q03NA,PA023Q03NA,<early childhood educational development arrangement> prior to <grade 1 in ISCED 1>? Age 2
2015,estudiantes,PA023Q04NA,PA023Q04NA,<early childhood educational development arrangement> prior to <grade 1 in ISCED 1>? Age 3
2015,estudiantes,PA023Q05NA,PA023Q05NA,<early childhood educational development arrangement> prior to <grade 1 in ISCED 1>? Age 4
2015,estudiantes,PA023Q06NA,PA023Q06NA,<early childhood educational development arrangement> prior to <grade 1 in ISCED 1>? Age 5
2015,estudiantes,PA023Q07NA,PA023Q07NA,<early childhood educational development arrangement> prior to <grade 1 in ISCED 1>? Age 6
2015,estudiantes,PA023Q08NA,PA023Q08NA,<early childhood educational development arrangement> prior to <grade 1 in ISCED 1>? Age 7
2015,estudiantes,PA026Q01NA,PA026Q01NA,What was the most important reason why your child attended an <early childhood educational development arrangement>?
2015,estudiantes,PA027Q01NA,PA027Q01NA,At what ages did your child attend a <pre-primary education arrangement> prior to <grade 1 in ISCED 1>?  Up to age 1
2015,estudiantes,PA027Q02NA,PA027Q02NA,At what ages did your child attend a <pre-primary education arrangement> prior to <grade 1 in ISCED 1>?  Age 1
2015,estudiantes,PA027Q03NA,PA027Q03NA,At what ages did your child attend a <pre-primary education arrangement> prior to <grade 1 in ISCED 1>?  Age 2
2015,estudiantes,PA027Q04NA,PA027Q04NA,At what ages did your child attend a <pre-primary education arrangement> prior to <grade 1 in ISCED 1>?  Age 3
2015,estudiantes,PA027Q05NA,PA027Q05NA,At what ages did your child attend a <pre-primary education arrangement> prior to <grade 1 in ISCED 1>?  Age 4
2015,estudiantes,PA027Q06NA,PA027Q06NA,At what ages did your child attend a <pre-primary education arrangement> prior to <grade 1 in ISCED 1>?  Age 5
2015,estudiantes,PA027Q07NA,PA027Q07NA,At what ages did your child attend a <pre-primary education arrangement> prior to <grade 1 in ISCED 1>?  Age 6
2015,estudiantes,PA027Q08NA,PA027Q08NA,At what ages did your child attend a <pre-primary education arrangement> prior to <grade 1 in ISCED 1>?  Age 7
2015,estudiantes,PA028Q01NA,PA028Q01NA,What type of provider offered this <pre-primary education arrangement>?
2015,estudiantes,PA029Q01NA,PA029Q01NA,How many hours per week did your child attend a <pre-primary education arrangement> at the age of three years?
2015,estudiantes,PA030Q01NA,PA030Q01NA,What was the most important reason why your child attended a <pre-primary education arrangement>?
2015,estudiantes,PA032Q01TA,PA032Q01TA,Does anybody in your family (including you) work in a <science-related career>?
2015,estudiantes,PA032Q02TA,PA032Q02TA,Does your child show an interest in working in a <science-related career>?
2015,estudiantes,PA032Q03TA,PA032Q03TA,Do you expect your child will go into a < science-related career>?
2015,estudiantes,PA032Q04TA,PA032Q04TA,Has your child shown interest in studying science after completing <secondary school>?
2015,estudiantes,PA032Q05TA,PA032Q05TA,Do you expect your child will study science after completing <secondary school>?
2015,estudiantes,PA033Q02TA,PA033Q02TA,Parent views toward science: <Broad science> is important to help us to understand the natural world.
2015,estudiantes,PA033Q06TA,PA033Q06TA,How much do you agree: <Broad science> is valuable to society.
2015,estudiantes,PA033Q07TA,PA033Q07TA,How much do you agree: <Broad science> is very relevant to me.
2015,estudiantes,PA033Q08TA,PA033Q08TA,How much do you agree: I find that <broad science> helps me to understand the things around me.
2015,estudiantes,PA033Q09TA,PA033Q09TA,How much do you agree: Advances in <broad science> usually bring social benefits.
2015,estudiantes,PA035Q01TA,PA035Q01TA,Environmental issues as a serious concern? Air pollution
2015,estudiantes,PA035Q03TA,PA035Q03TA,Environmental issues as a serious concern? Extinction of plants and animals
2015,estudiantes,PA035Q04TA,PA035Q04TA,Environmental issues as a serious concern? Clearing of forests for other land use
2015,estudiantes,PA035Q05TA,PA035Q05TA,Environmental issues as a serious concern? Water shortages
2015,estudiantes,PA035Q06TA,PA035Q06TA,Environmental issues as a serious concern? Nuclear waste
2015,estudiantes,PA035Q07NA,PA035Q07NA,Environmental issues as a serious concern? Extreme weather conditions
2015,estudiantes,PA035Q08NA,PA035Q08NA,Environmental issues as a serious concern? Human contact with animal diseases
2015,estudiantes,PA036Q01TA,PA036Q01TA,This issue will improve or get worse over next 20 years? Air pollution (parent)
2015,estudiantes,PA036Q03TA,PA036Q03TA,This issue will improve or get worse over next 20 years? Extinction of plants and animals (parent)
2015,estudiantes,PA036Q04TA,PA036Q04TA,This issue will improve or get worse over next 20 years? Clearing of forests for other land use (parent)
2015,estudiantes,PA036Q05TA,PA036Q05TA,This issue will improve or get worse over next 20 years? Water shortages (parent)
2015,estudiantes,PA036Q06TA,PA036Q06TA,This issue will improve or get worse over next 20 years? Nuclear waste (parent)
2015,estudiantes,PA036Q07NA,PA036Q07NA,This issue will improve or get worse over next 20 years? Extreme weather conditions
2015,estudiantes,PA036Q08NA,PA036Q08NA,This issue will improve or get worse over next 20 years? Human contact with animal diseases
2015,estudiantes,PA039Q01TA,PA039Q01TA,In what country was this person born? Mother
2015,estudiantes,PA039Q02TA,PA039Q02TA,In what country was this person born? Father
2015,estudiantes,PA039Q03TA,PA039Q03TA,In what country was this person born? Maternal Grandmother
2015,estudiantes,PA039Q04TA,PA039Q04TA,In what country was this person born? Maternal Grandfather
2015,estudiantes,PA039Q05TA,PA039Q05TA,In what country was this person born? Paternal Grandmother
2015,estudiantes,PA039Q06TA,PA039Q06TA,In what country was this person born? Paternal Grandfather
2015,estudiantes,PA041Q01TA,PA041Q01TA,"In the last twelve months, about how much would you have paid to educational providers for services?"
2015,estudiantes,PA042Q01TA,PA042Q01TA,What is your annual household income?
2015,estudiantes,AGE,AGE,Age
2015,estudiantes,PROGN,PROGN,Unique national study programme code
2015,estudiantes,ISCEDL,ISCEDL,ISCED level
2015,estudiantes,ISCEDD,ISCEDD,ISCED designation
2015,estudiantes,ISCEDO,ISCEDO,ISCED orientation
2015,estudiantes,DISCLISCI,DISCLISCI,Disciplinary climate in science classes (WLE)
2015,estudiantes,TEACHSUP,TEACHSUP,Teacher support in a science classes of students choice (WLE)
2015,estudiantes,IBTEACH,IBTEACH,Inquiry-based science teaching an learning practices (WLE)
2015,estudiantes,TDTEACH,TDTEACH,Teacher-directed science instruction (WLE)
2015,estudiantes,ENVAWARE,ENVAWARE,Environmental Awareness (WLE)
2015,estudiantes,ENVOPT,ENVOPT,Environmental optimism (WLE)
2015,estudiantes,JOYSCIE,JOYSCIE,Enjoyment of science (WLE)
2015,estudiantes,INTBRSCI,INTBRSCI,Interest in broad science topics (WLE)
2015,estudiantes,INSTSCIE,INSTSCIE,Instrumental motivation (WLE)
2015,estudiantes,SCIEEFF,SCIEEFF,Science self-efficacy (WLE)
2015,estudiantes,EPIST,EPIST,Epistemological beliefs (WLE)
2015,estudiantes,SCIEACT,SCIEACT,Index science activities (WLE)
2015,estudiantes,BSMJ,BSMJ,Students’ expected occupational status (SEI)
2015,estudiantes,GRADE,GRADE,Grade compared to modal grade in country
2015,estudiantes,IMMIG,IMMIG,Index Immigration status
2015,estudiantes,MISCED,MISCED,Mother’s Education (ISCED)
2015,estudiantes,FISCED,FISCED,Father’s Education (ISCED)
2015,estudiantes,HISCED,HISCED,Highest Education of parents (ISCED)
2015,estudiantes,HOMESCH,HOMESCH,ICT use outside of school for schoolwork (WLE)
2015,estudiantes,ENTUSE,ENTUSE,ICT use outside of school leisure (WLE)
2015,estudiantes,BMMJ1,BMMJ1,ISEI of mother
2015,estudiantes,BFMJ2,BFMJ2,ISEI of father
2015,estudiantes,HISEI,hisei,Index highest parental occupational status
2015,estudiantes,REPEAT,REPEAT,Grade Repetition
2015,estudiantes,DURECEC,DURECEC,Duration in early childhood education and care
2015,estudiantes,OUTHOURS,OUTHOURS,Out-of-School Study Time per week (Sum)
2015,estudiantes,MMINS,MMINS,Learning time (minutes per week) - <Mathematics>
2015,estudiantes,LMINS,LMINS,Learning time (minutes per week) - <test language>
2015,estudiantes,SMINS,SMINS,Learning time (minutes per week) - <science>
2015,estudiantes,TMINS,TMINS,Learning time (minutes per week) - in total
2015,estudiantes,BELONG,BELONG,Subjective well-being: Sense of Belonging to School (WLE)
2015,estudiantes,ANXTEST,ANXTEST,Personality: Test Anxiety (WLE)
2015,estudiantes,MOTIVAT,MOTIVAT,"Student Atttidudes, Preferences and Self-related beliefs: Achieving motivation (WLE)"
2015,estudiantes,COOPERATE,COOPERATE,Collaboration and teamwork dispositions: Enjoy cooperation (WLE)
2015,estudiantes,CPSVALUE,CPSVALUE,Collaboration and teamwork dispositions: Value cooperation (WLE)
2015,estudiantes,EMOSUPS,EMOSUPS,Parents emotional support (WLE)
2015,estudiantes,PERFEED,PERFEED,Perceived Feedback (WLE)
2015,estudiantes,ADINST,ADINST,Adaption of instruction (WLE)
2015,estudiantes,SCCHANGE,SCCHANGE,Number of school changes
2015,estudiantes,CHANGE,CHANGE,Number of changes in educational biography (Sum)
2015,estudiantes,SADDINST,SADDINST,Number of learning domains with additional instruction
2015,estudiantes,HADDINST,HADDINST,Total hours of additional instruction (Sum)
2015,estudiantes,ADDSCIIN,ADDSCIIN,Number of science disciplines and subjects  with additional instruction (Sum)
2015,estudiantes,COMSCSUP,COMSCSUP,Comparison science school lessons and additional instruction support (Mean)
2015,estudiantes,COMSCSTRLE,COMSCSTRLE,Comparison science school lessons and additional instruction structuredness lessons (Mean)
2015,estudiantes,COMSCSTRCO,COMSCSTRCO,Comparison science school lessons and additional instruction structuredness content (Mean)
2015,estudiantes,COMSCTSREL,COMSCTSREL,Comparison science school lessons and additional instruction teacher-student relation
2015,estudiantes,COMMASUP,COMMASUP,Comparison mathematics school lessons and additional instruction support (Mean)
2015,estudiantes,COMMASTRLE,COMMASTRLE,Comparison mathematics school lessons and additional instruction structuredness lessons (Mean)
2015,estudiantes,COMMASTRCO,COMMASTRCO,Comparison mathematics school lessons and additional instruction structuredness content (Mean)
2015,estudiantes,COMMATSREL,COMMATSREL,Comparison mathematics school lessons and additional instruction teacher-student relation
2015,estudiantes,USESCH,USESCH,Use of ICT at school in general (WLE)
2015,estudiantes,INTICT,INTICT,Students’ ICT Interest (WLE)
2015,estudiantes,COMPICT,COMPICT,Students’ Perceived ICT Competence (WLE)
2015,estudiantes,AUTICT,AUTICT,Students’ Perceived Autonomy related to ICT Use (WLE)
2015,estudiantes,SOIAICT,SOIAICT,Students’ ICT as a topic in Social Interaction (WLE)
2015,estudiantes,ICTHOME,ICTHOME,ICT available at Home Index (Sum)
2015,estudiantes,ICTSCH,ICTSCH,ICT available at School Index (Sum)
2015,estudiantes,PRESUPP,PRESUPP,Child’s past science activities (WLE)
2015,estudiantes,CURSUPP,CURSUPP,Parental current support for learning at home (WLE)
2015,estudiantes,EMOSUPP,EMOSUPP,Parental emotional support (WLE)
2015,estudiantes,PQSCHOOL,PQSCHOOL,Parents perceived school quality (WLE)
2015,estudiantes,PASCHPOL,PASCHPOL,School policies for parental involvement (WLE)
2015,estudiantes,PQGENSCI,PQGENSCI,Parents’ view on science (WLE)
2015,estudiantes,PQENPERC,PQENPERC,Parents concerns regarding environmental topics (WLE)
2015,estudiantes,PQENVOPT,PQENVOPT,Parents’ view on future environmental topics (WLE)
2015,estudiantes,unfairteacher,unfairteacher,Teacher Fairness (Sum)
2015,estudiantes,PAREDINT,PARED,Index highest parental education in years of schooling
2015,estudiantes,COBN_F,COBN_F,Country of Birth National Categories- Father
2015,estudiantes,COBN_M,COBN_M,Country of Birth National Categories- Mother
2015,estudiantes,COBN_S,COBN_S,Country of Birth National Categories- Self
2015,estudiantes,LANGN,LANGN,Language at home (3-digit code)
2015,estudiantes,OCOD1,OCOD1,ISCO-08 Occupation code - Mother
2015,estudiantes,OCOD2,OCOD2,ISCO-08 Occupation code - Father
2015,estudiantes,OCOD3,OCOD3,ISCO-08 Occupation code - Self
2015,estudiantes,CULTPOSS,CULTPOSS,Cultural possessions at home (WLE)
2015,estudiantes,HEDRES,HEDRES,Home educational resources (WLE)
2015,estudiantes,HOMEPOS,HOMEPOS,Home possessions (WLE)
2015,estudiantes,ICTRES,ICTRES,ICT Resources (WLE)
2015,estudiantes,WEALTH,WEALTH,Family wealth (WLE)
2015,estudiantes,ESCS,ESCS,"Index of economic, social and cultural status (WLE)"
2015,estudiantes,W_FSTUWT,W_FSTUWT,FINAL TRIMMED NONRESPONSE ADJUSTED STUDENT WEIGHT
2015,estudiantes,W_FSTURWT1,W_FSTURWT1,FINAL TRIMMED NONRESPONSE ADJUSTED STUDENT REPLICATE BRR-FAY WEIGHTS 1
2015,estudiantes,W_FSTURWT2,W_FSTURWT2,FINAL TRIMMED NONRESPONSE ADJUSTED STUDENT REPLICATE BRR-FAY WEIGHTS 2
2015,estudiantes,W_FSTURWT3,W_FSTURWT3,FINAL TRIMMED NONRESPONSE ADJUSTED STUDENT REPLICATE BRR-FAY WEIGHTS 3
2015,estudiantes,W_FSTURWT4,W_FSTURWT4,FINAL TRIMMED NONRESPONSE ADJUSTED STUDENT REPLICATE BRR-FAY WEIGHTS 4
2015,estudiantes,W_FSTURWT5,W_FSTURWT5,FINAL TRIMMED NONRESPONSE ADJUSTED STUDENT REPLICATE BRR-FAY WEIGHTS 5
2015,estudiantes,W_FSTURWT6,W_FSTURWT6,FINAL TRIMMED NONRESPONSE ADJUSTED STUDENT REPLICATE BRR-FAY WEIGHTS 6
2015,estudiantes,W_FSTURWT7,W_FSTURWT7,FINAL TRIMMED NONRESPONSE ADJUSTED STUDENT REPLICATE BRR-FAY WEIGHTS 7
2015,estudiantes,W_FSTURWT8,W_FSTURWT8,FINAL TRIMMED NONRESPONSE ADJUSTED STUDENT REPLICATE BRR-FAY WEIGHTS 8
2015,estudiantes,W_FSTURWT9,W_FSTURWT9,FINAL TRIMMED NONRESPONSE ADJUSTED STUDENT REPLICATE BRR-FAY WEIGHTS 9
2015,estudiantes,W_FSTURWT10,W_FSTURWT10,FINAL TRIMMED NONRESPONSE ADJUSTED STUDENT REPLICATE BRR-FAY WEIGHTS 10
2015,estudiantes,W_FSTURWT11,W_FSTURWT11,FINAL TRIMMED NONRESPONSE ADJUSTED STUDENT REPLICATE BRR-FAY WEIGHTS 11
2015,estudiantes,W_FSTURWT12,W_FSTURWT12,FINAL TRIMMED NONRESPONSE ADJUSTED STUDENT REPLICATE BRR-FAY WEIGHTS 12
2015,estudiantes,W_FSTURWT13,W_FSTURWT13,FINAL TRIMMED NONRESPONSE ADJUSTED STUDENT REPLICATE BRR-FAY WEIGHTS 13
2015,estudiantes,W_FSTURWT14,W_FSTURWT14,FINAL TRIMMED NONRESPONSE ADJUSTED STUDENT REPLICATE BRR-FAY WEIGHTS 14
2015,estudiantes,W_FSTURWT15,W_FSTURWT15,FINAL TRIMMED NONRESPONSE ADJUSTED STUDENT REPLICATE BRR-FAY WEIGHTS 15
2015,estudiantes,W_FSTURWT16,W_FSTURWT16,FINAL TRIMMED NONRESPONSE ADJUSTED STUDENT REPLICATE BRR-FAY WEIGHTS 16
2015,estudiantes,W_FSTURWT17,W_FSTURWT17,FINAL TRIMMED NONRESPONSE ADJUSTED STUDENT REPLICATE BRR-FAY WEIGHTS 17
2015,estudiantes,W_FSTURWT18,W_FSTURWT18,FINAL TRIMMED NONRESPONSE ADJUSTED STUDENT REPLICATE BRR-FAY WEIGHTS 18
2015,estudiantes,W_FSTURWT19,W_FSTURWT19,FINAL TRIMMED NONRESPONSE ADJUSTED STUDENT REPLICATE BRR-FAY WEIGHTS 19
2015,estudiantes,W_FSTURWT20,W_FSTURWT20,FINAL TRIMMED NONRESPONSE ADJUSTED STUDENT REPLICATE BRR-FAY WEIGHTS 20
2015,estudiantes,W_FSTURWT21,W_FSTURWT21,FINAL TRIMMED NONRESPONSE ADJUSTED STUDENT REPLICATE BRR-FAY WEIGHTS 21
2015,estudiantes,W_FSTURWT22,W_FSTURWT22,FINAL TRIMMED NONRESPONSE ADJUSTED STUDENT REPLICATE BRR-FAY WEIGHTS 22
2015,estudiantes,W_FSTURWT23,W_FSTURWT23,FINAL TRIMMED NONRESPONSE ADJUSTED STUDENT REPLICATE BRR-FAY WEIGHTS 23
2015,estudiantes,W_FSTURWT24,W_FSTURWT24,FINAL TRIMMED NONRESPONSE ADJUSTED STUDENT REPLICATE BRR-FAY WEIGHTS 24
2015,estudiantes,W_FSTURWT25,W_FSTURWT25,FINAL TRIMMED NONRESPONSE ADJUSTED STUDENT REPLICATE BRR-FAY WEIGHTS 25
2015,estudiantes,W_FSTURWT26,W_FSTURWT26,FINAL TRIMMED NONRESPONSE ADJUSTED STUDENT REPLICATE BRR-FAY WEIGHTS 26
2015,estudiantes,W_FSTURWT27,W_FSTURWT27,FINAL TRIMMED NONRESPONSE ADJUSTED STUDENT REPLICATE BRR-FAY WEIGHTS 27
2015,estudiantes,W_FSTURWT28,W_FSTURWT28,FINAL TRIMMED NONRESPONSE ADJUSTED STUDENT REPLICATE BRR-FAY WEIGHTS 28
2015,estudiantes,W_FSTURWT29,W_FSTURWT29,FINAL TRIMMED NONRESPONSE ADJUSTED STUDENT REPLICATE BRR-FAY WEIGHTS 29
2015,estudiantes,W_FSTURWT30,W_FSTURWT30,FINAL TRIMMED NONRESPONSE ADJUSTED STUDENT REPLICATE BRR-FAY WEIGHTS 30
2015,estudiantes,W_FSTURWT31,W_FSTURWT31,FINAL TRIMMED NONRESPONSE ADJUSTED STUDENT REPLICATE BRR-FAY WEIGHTS 31
2015,estudiantes,W_FSTURWT32,W_FSTURWT32,FINAL TRIMMED NONRESPONSE ADJUSTED STUDENT REPLICATE BRR-FAY WEIGHTS 32
2015,estudiantes,W_FSTURWT33,W_FSTURWT33,FINAL TRIMMED NONRESPONSE ADJUSTED STUDENT REPLICATE BRR-FAY WEIGHTS 33
2015,estudiantes,W_FSTURWT34,W_FSTURWT34,FINAL TRIMMED NONRESPONSE ADJUSTED STUDENT REPLICATE BRR-FAY WEIGHTS 34
2015,estudiantes,W_FSTURWT35,W_FSTURWT35,FINAL TRIMMED NONRESPONSE ADJUSTED STUDENT REPLICATE BRR-FAY WEIGHTS 35
2015,estudiantes,W_FSTURWT36,W_FSTURWT36,FINAL TRIMMED NONRESPONSE ADJUSTED STUDENT REPLICATE BRR-FAY WEIGHTS 36
2015,estudiantes,W_FSTURWT37,W_FSTURWT37,FINAL TRIMMED NONRESPONSE ADJUSTED STUDENT REPLICATE BRR-FAY WEIGHTS 37
2015,estudiantes,W_FSTURWT38,W_FSTURWT38,FINAL TRIMMED NONRESPONSE ADJUSTED STUDENT REPLICATE BRR-FAY WEIGHTS 38
2015,estudiantes,W_FSTURWT39,W_FSTURWT39,FINAL TRIMMED NONRESPONSE ADJUSTED STUDENT REPLICATE BRR-FAY WEIGHTS 39
2015,estudiantes,W_FSTURWT40,W_FSTURWT40,FINAL TRIMMED NONRESPONSE ADJUSTED STUDENT REPLICATE BRR-FAY WEIGHTS 40
2015,estudiantes,W_FSTURWT41,W_FSTURWT41,FINAL TRIMMED NONRESPONSE ADJUSTED STUDENT REPLICATE BRR-FAY WEIGHTS 41
2015,estudiantes,W_FSTURWT42,W_FSTURWT42,FINAL TRIMMED NONRESPONSE ADJUSTED STUDENT REPLICATE BRR-FAY WEIGHTS 42
2015,estudiantes,W_FSTURWT43,W_FSTURWT43,FINAL TRIMMED NONRESPONSE ADJUSTED STUDENT REPLICATE BRR-FAY WEIGHTS 43
2015,estudiantes,W_FSTURWT44,W_FSTURWT44,FINAL TRIMMED NONRESPONSE ADJUSTED STUDENT REPLICATE BRR-FAY WEIGHTS 44
2015,estudiantes,W_FSTURWT45,W_FSTURWT45,FINAL TRIMMED NONRESPONSE ADJUSTED STUDENT REPLICATE BRR-FAY WEIGHTS 45
2015,estudiantes,W_FSTURWT46,W_FSTURWT46,FINAL TRIMMED NONRESPONSE ADJUSTED STUDENT REPLICATE BRR-FAY WEIGHTS 46
2015,estudiantes,W_FSTURWT47,W_FSTURWT47,FINAL TRIMMED NONRESPONSE ADJUSTED STUDENT REPLICATE BRR-FAY WEIGHTS 47
2015,estudiantes,W_FSTURWT48,W_FSTURWT48,FINAL TRIMMED NONRESPONSE ADJUSTED STUDENT REPLICATE BRR-FAY WEIGHTS 48
2015,estudiantes,W_FSTURWT49,W_FSTURWT49,FINAL TRIMMED NONRESPONSE ADJUSTED STUDENT REPLICATE BRR-FAY WEIGHTS 49
2015,estudiantes,W_FSTURWT50,W_FSTURWT50,FINAL TRIMMED NONRESPONSE ADJUSTED STUDENT REPLICATE BRR-FAY WEIGHTS 50
2015,estudiantes,W_FSTURWT51,W_FSTURWT51,FINAL TRIMMED NONRESPONSE ADJUSTED STUDENT REPLICATE BRR-FAY WEIGHTS 51
2015,estudiantes,W_FSTURWT52,W_FSTURWT52,FINAL TRIMMED NONRESPONSE ADJUSTED STUDENT REPLICATE BRR-FAY WEIGHTS 52
2015,estudiantes,W_FSTURWT53,W_FSTURWT53,FINAL TRIMMED NONRESPONSE ADJUSTED STUDENT REPLICATE BRR-FAY WEIGHTS 53
2015,estudiantes,W_FSTURWT54,W_FSTURWT54,FINAL TRIMMED NONRESPONSE ADJUSTED STUDENT REPLICATE BRR-FAY WEIGHTS 54
2015,estudiantes,W_FSTURWT55,W_FSTURWT55,FINAL TRIMMED NONRESPONSE ADJUSTED STUDENT REPLICATE BRR-FAY WEIGHTS 55
2015,estudiantes,W_FSTURWT56,W_FSTURWT56,FINAL TRIMMED NONRESPONSE ADJUSTED STUDENT REPLICATE BRR-FAY WEIGHTS 56
2015,estudiantes,W_FSTURWT57,W_FSTURWT57,FINAL TRIMMED NONRESPONSE ADJUSTED STUDENT REPLICATE BRR-FAY WEIGHTS 57
2015,estudiantes,W_FSTURWT58,W_FSTURWT58,FINAL TRIMMED NONRESPONSE ADJUSTED STUDENT REPLICATE BRR-FAY WEIGHTS 58
2015,estudiantes,W_FSTURWT59,W_FSTURWT59,FINAL TRIMMED NONRESPONSE ADJUSTED STUDENT REPLICATE BRR-FAY WEIGHTS 59
2015,estudiantes,W_FSTURWT60,W_FSTURWT60,FINAL TRIMMED NONRESPONSE ADJUSTED STUDENT REPLICATE BRR-FAY WEIGHTS 60
2015,estudiantes,W_FSTURWT61,W_FSTURWT61,FINAL TRIMMED NONRESPONSE ADJUSTED STUDENT REPLICATE BRR-FAY WEIGHTS 61
2015,estudiantes,W_FSTURWT62,W_FSTURWT62,FINAL TRIMMED NONRESPONSE ADJUSTED STUDENT REPLICATE BRR-FAY WEIGHTS 62
2015,estudiantes,W_FSTURWT63,W_FSTURWT63,FINAL TRIMMED NONRESPONSE ADJUSTED STUDENT REPLICATE BRR-FAY WEIGHTS 63
2015,estudiantes,W_FSTURWT64,W_FSTURWT64,FINAL TRIMMED NONRESPONSE ADJUSTED STUDENT REPLICATE BRR-FAY WEIGHTS 64
2015,estudiantes,W_FSTURWT65,W_FSTURWT65,FINAL TRIMMED NONRESPONSE ADJUSTED STUDENT REPLICATE BRR-FAY WEIGHTS 65
2015,estudiantes,W_FSTURWT66,W_FSTURWT66,FINAL TRIMMED NONRESPONSE ADJUSTED STUDENT REPLICATE BRR-FAY WEIGHTS 66
2015,estudiantes,W_FSTURWT67,W_FSTURWT67,FINAL TRIMMED NONRESPONSE ADJUSTED STUDENT REPLICATE BRR-FAY WEIGHTS 67
2015,estudiantes,W_FSTURWT68,W_FSTURWT68,FINAL TRIMMED NONRESPONSE ADJUSTED STUDENT REPLICATE BRR-FAY WEIGHTS 68
2015,estudiantes,W_FSTURWT69,W_FSTURWT69,FINAL TRIMMED NONRESPONSE ADJUSTED STUDENT REPLICATE BRR-FAY WEIGHTS 69
2015,estudiantes,W_FSTURWT70,W_FSTURWT70,FINAL TRIMMED NONRESPONSE ADJUSTED STUDENT REPLICATE BRR-FAY WEIGHTS 70
2015,estudiantes,W_FSTURWT71,W_FSTURWT71,FINAL TRIMMED NONRESPONSE ADJUSTED STUDENT REPLICATE BRR-FAY WEIGHTS 71
2015,estudiantes,W_FSTURWT72,W_FSTURWT72,FINAL TRIMMED NONRESPONSE ADJUSTED STUDENT REPLICATE BRR-FAY WEIGHTS 72
2015,estudiantes,W_FSTURWT73,W_FSTURWT73,FINAL TRIMMED NONRESPONSE ADJUSTED STUDENT REPLICATE BRR-FAY WEIGHTS 73
2015,estudiantes,W_FSTURWT74,W_FSTURWT74,FINAL TRIMMED NONRESPONSE ADJUSTED STUDENT REPLICATE BRR-FAY WEIGHTS 74
2015,estudiantes,W_FSTURWT75,W_FSTURWT75,FINAL TRIMMED NONRESPONSE ADJUSTED STUDENT REPLICATE BRR-FAY WEIGHTS 75
2015,estudiantes,W_FSTURWT76,W_FSTURWT76,FINAL TRIMMED NONRESPONSE ADJUSTED STUDENT REPLICATE BRR-FAY WEIGHTS 76
2015,estudiantes,W_FSTURWT77,W_FSTURWT77,FINAL TRIMMED NONRESPONSE ADJUSTED STUDENT REPLICATE BRR-FAY WEIGHTS 77
2015,estudiantes,W_FSTURWT78,W_FSTURWT78,FINAL TRIMMED NONRESPONSE ADJUSTED STUDENT REPLICATE BRR-FAY WEIGHTS 78
2015,estudiantes,W_FSTURWT79,W_FSTURWT79,FINAL TRIMMED NONRESPONSE ADJUSTED STUDENT REPLICATE BRR-FAY WEIGHTS 79
2015,estudiantes,W_FSTURWT80,W_FSTURWT80,FINAL TRIMMED NONRESPONSE ADJUSTED STUDENT REPLICATE BRR-FAY WEIGHTS 80
2015,estudiantes,UNIT,UNIT,REP_BWGT: RANDOMLY ASSIGNED UNIT NUMBER
2015,estudiantes,WVARSTRR,WVARSTRR,RANDOMIZED FINAL VARIANCE STRATUM (1-80)
2015,estudiantes,PV1MATH,PV1MATH,Plausible Value 1 in Mathematics
2015,estudiantes,PV2MATH,PV2MATH,Plausible Value 2 in Mathematics
2015,estudiantes,PV3MATH,PV3MATH,Plausible Value 3 in Mathematics
2015,estudiantes,PV4MATH,PV4MATH,Plausible Value 4 in Mathematics
2015,estudiantes,PV5MATH,PV5MATH,Plausible Value 5 in Mathematics
2015,estudiantes,PV6MATH,PV6MATH,Plausible Value 6 in Mathematics
2015,estudiantes,PV7MATH,PV7MATH,Plausible Value 7 in Mathematics
2015,estudiantes,PV8MATH,PV8MATH,Plausible Value 8 in Mathematics
2015,estudiantes,PV9MATH,PV9MATH,Plausible Value 9 in Mathematics
2015,estudiantes,PV10MATH,PV10MATH,Plausible Value 10 in Mathematics
2015,estudiantes,PV1READ,PV1READ,Plausible Value 1 in Reading
2015,estudiantes,PV2READ,PV2READ,Plausible Value 2 in Reading
2015,estudiantes,PV3READ,PV3READ,Plausible Value 3 in Reading
2015,estudiantes,PV4READ,PV4READ,Plausible Value 4 in Reading
2015,estudiantes,PV5READ,PV5READ,Plausible Value 5 in Reading
2015,estudiantes,PV6READ,PV6READ,Plausible Value 6 in Reading
2015,estudiantes,PV7READ,PV7READ,Plausible Value 7 in Reading
2015,estudiantes,PV8READ,PV8READ,Plausible Value 8 in Reading
2015,estudiantes,PV9READ,PV9READ,Plausible Value 9 in Reading
2015,estudiantes,PV10READ,PV10READ,Plausible Value 10 in Reading
2015,estudiantes,PV1SCIE,PV1SCIE,Plausible Value 1 in Science
2015,estudiantes,PV2SCIE,PV2SCIE,Plausible Value 2 in Science
2015,estudiantes,PV3SCIE,PV3SCIE,Plausible Value 3 in Science
2015,estudiantes,PV4SCIE,PV4SCIE,Plausible Value 4 in Science
2015,estudiantes,PV5SCIE,PV5SCIE,Plausible Value 5 in Science
2015,estudiantes,PV6SCIE,PV6SCIE,Plausible Value 6 in Science
2015,estudiantes,PV7SCIE,PV7SCIE,Plausible Value 7 in Science
2015,estudiantes,PV8SCIE,PV8SCIE,Plausible Value 8 in Science
2015,estudiantes,PV9SCIE,PV9SCIE,Plausible Value 9 in Science
2015,estudiantes,PV10SCIE,PV10SCIE,Plausible Value 10 in Science
2015,estudiantes,PV1SCEP,PV1SCEP,Plausible Value 1 in Competency Subscale of Science - Explain Phenomena Scientifically
2015,estudiantes,PV2SCEP,PV2SCEP,Plausible Value 2 in Competency Subscale of Science - Explain Phenomena Scientifically
2015,estudiantes,PV3SCEP,PV3SCEP,Plausible Value 3 in Competency Subscale of Science - Explain Phenomena Scientifically
2015,estudiantes,PV4SCEP,PV4SCEP,Plausible Value 4 in Competency Subscale of Science - Explain Phenomena Scientifically
2015,estudiantes,PV5SCEP,PV5SCEP,Plausible Value 5 in Competency Subscale of Science - Explain Phenomena Scientifically
2015,estudiantes,PV6SCEP,PV6SCEP,Plausible Value 6 in Competency Subscale of Science - Explain Phenomena Scientifically
2015,estudiantes,PV7SCEP,PV7SCEP,Plausible Value 7 in Competency Subscale of Science - Explain Phenomena Scientifically
2015,estudiantes,PV8SCEP,PV8SCEP,Plausible Value 8 in Competency Subscale of Science - Explain Phenomena Scientifically
2015,estudiantes,PV9SCEP,PV9SCEP,Plausible Value 9 in Competency Subscale of Science - Explain Phenomena Scientifically
2015,estudiantes,PV10SCEP,PV10SCEP,Plausible Value 10 in Competency Subscale of Science - Explain Phenomena Scientifically
2015,estudiantes,PV1SCED,PV1SCED,Plausible Value 1 in Competency Subscale of Science - Evaluate and Design Scientific Enquiry
2015,estudiantes,PV2SCED,PV2SCED,Plausible Value 2 in Competency Subscale of Science - Evaluate and Design Scientific Enquiry
2015,estudiantes,PV3SCED,PV3SCED,Plausible Value 3 in Competency Subscale of Science - Evaluate and Design Scientific Enquiry
2015,estudiantes,PV4SCED,PV4SCED,Plausible Value 4 in Competency Subscale of Science - Evaluate and Design Scientific Enquiry
2015,estudiantes,PV5SCED,PV5SCED,Plausible Value 5 in Competency Subscale of Science - Evaluate and Design Scientific Enquiry
2015,estudiantes,PV6SCED,PV6SCED,Plausible Value 6 in Competency Subscale of Science - Evaluate and Design Scientific Enquiry
2015,estudiantes,PV7SCED,PV7SCED,Plausible Value 7 in Competency Subscale of Science - Evaluate and Design Scientific Enquiry
2015,estudiantes,PV8SCED,PV8SCED,Plausible Value 8 in Competency Subscale of Science - Evaluate and Design Scientific Enquiry
2015,estudiantes,PV9SCED,PV9SCED,Plausible Value 9 in Competency Subscale of Science - Evaluate and Design Scientific Enquiry
2015,estudiantes,PV10SCED,PV10SCED,Plausible Value 10 in Competency Subscale of Science - Evaluate and Design Scientific Enquiry
2015,estudiantes,PV1SCID,PV1SCID,Plausible Value 1 in Competency Subscale of Science - Interpret Data and Evidence Scientifically
2015,estudiantes,PV2SCID,PV2SCID,Plausible Value 2 in Competency Subscale of Science - Interpret Data and Evidence Scientifically
2015,estudiantes,PV3SCID,PV3SCID,Plausible Value 3 in Competency Subscale of Science - Interpret Data and Evidence Scientifically
2015,estudiantes,PV4SCID,PV4SCID,Plausible Value 4 in Competency Subscale of Science - Interpret Data and Evidence Scientifically
2015,estudiantes,PV5SCID,PV5SCID,Plausible Value 5 in Competency Subscale of Science - Interpret Data and Evidence Scientifically
2015,estudiantes,PV6SCID,PV6SCID,Plausible Value 6 in Competency Subscale of Science - Interpret Data and Evidence Scientifically
2015,estudiantes,PV7SCID,PV7SCID,Plausible Value 7 in Competency Subscale of Science - Interpret Data and Evidence Scientifically
2015,estudiantes,PV8SCID,PV8SCID,Plausible Value 8 in Competency Subscale of Science - Interpret Data and Evidence Scientifically
2015,estudiantes,PV9SCID,PV9SCID,Plausible Value 9 in Competency Subscale of Science - Interpret Data and Evidence Scientifically
2015,estudiantes,PV10SCID,PV10SCID,Plausible Value 10 in Competency Subscale of Science - Interpret Data and Evidence Scientifically
2015,estudiantes,PV1SKCO,PV1SKCO,Plausible Value 1 in Knowledge Subscale of Science - Content
2015,estudiantes,PV2SKCO,PV2SKCO,Plausible Value 2 in Knowledge Subscale of Science - Content
2015,estudiantes,PV3SKCO,PV3SKCO,Plausible Value 3 in Knowledge Subscale of Science - Content
2015,estudiantes,PV4SKCO,PV4SKCO,Plausible Value 4 in Knowledge Subscale of Science - Content
2015,estudiantes,PV5SKCO,PV5SKCO,Plausible Value 5 in Knowledge Subscale of Science - Content
2015,estudiantes,PV6SKCO,PV6SKCO,Plausible Value 6 in Knowledge Subscale of Science - Content
2015,estudiantes,PV7SKCO,PV7SKCO,Plausible Value 7 in Knowledge Subscale of Science - Content
2015,estudiantes,PV8SKCO,PV8SKCO,Plausible Value 8 in Knowledge Subscale of Science - Content
2015,estudiantes,PV9SKCO,PV9SKCO,Plausible Value 9 in Knowledge Subscale of Science - Content
2015,estudiantes,PV10SKCO,PV10SKCO,Plausible Value 10 in Knowledge Subscale of Science - Content
2015,estudiantes,PV1SKPE,PV1SKPE,Plausible Value 1 in Knowledge Subscale of Science - Procedural & Epistemic
2015,estudiantes,PV2SKPE,PV2SKPE,Plausible Value 2 in Knowledge Subscale of Science - Procedural & Epistemic
2015,estudiantes,PV3SKPE,PV3SKPE,Plausible Value 3 in Knowledge Subscale of Science - Procedural & Epistemic
2015,estudiantes,PV4SKPE,PV4SKPE,Plausible Value 4 in Knowledge Subscale of Science - Procedural & Epistemic
2015,estudiantes,PV5SKPE,PV5SKPE,Plausible Value 5 in Knowledge Subscale of Science - Procedural & Epistemic
2015,estudiantes,PV6SKPE,PV6SKPE,Plausible Value 6 in Knowledge Subscale of Science - Procedural & Epistemic
2015,estudiantes,PV7SKPE,PV7SKPE,Plausible Value 7 in Knowledge Subscale of Science - Procedural & Epistemic
2015,estudiantes,PV8SKPE,PV8SKPE,Plausible Value 8 in Knowledge Subscale of Science - Procedural & Epistemic
2015,estudiantes,PV9SKPE,PV9SKPE,Plausible Value 9 in Knowledge Subscale of Science - Procedural & Epistemic
2015,estudiantes,PV10SKPE,PV10SKPE,Plausible Value 10 in Knowledge Subscale of Science - Procedural & Epistemic
2015,estudiantes,PV1SSPH,PV1SSPH,Plausible Value 1 in System Subscale of Science - Physical
2015,estudiantes,PV2SSPH,PV2SSPH,Plausible Value 2 in System Subscale of Science - Physical
2015,estudiantes,PV3SSPH,PV3SSPH,Plausible Value 3 in System Subscale of Science - Physical
2015,estudiantes,PV4SSPH,PV4SSPH,Plausible Value 4 in System Subscale of Science - Physical
2015,estudiantes,PV5SSPH,PV5SSPH,Plausible Value 5 in System Subscale of Science - Physical
2015,estudiantes,PV6SSPH,PV6SSPH,Plausible Value 6 in System Subscale of Science - Physical
2015,estudiantes,PV7SSPH,PV7SSPH,Plausible Value 7 in System Subscale of Science - Physical
2015,estudiantes,PV8SSPH,PV8SSPH,Plausible Value 8 in System Subscale of Science - Physical
2015,estudiantes,PV9SSPH,PV9SSPH,Plausible Value 9 in System Subscale of Science - Physical
2015,estudiantes,PV10SSPH,PV10SSPH,Plausible Value 10 in System Subscale of Science - Physical
2015,estudiantes,PV1SSLI,PV1SSLI,Plausible Value 1 in System Subscale of Science - Living
2015,estudiantes,PV2SSLI,PV2SSLI,Plausible Value 2 in System Subscale of Science - Living
2015,estudiantes,PV3SSLI,PV3SSLI,Plausible Value 3 in System Subscale of Science - Living
2015,estudiantes,PV4SSLI,PV4SSLI,Plausible Value 4 in System Subscale of Science - Living
2015,estudiantes,PV5SSLI,PV5SSLI,Plausible Value 5 in System Subscale of Science - Living
2015,estudiantes,PV6SSLI,PV6SSLI,Plausible Value 6 in System Subscale of Science - Living
2015,estudiantes,PV7SSLI,PV7SSLI,Plausible Value 7 in System Subscale of Science - Living
2015,estudiantes,PV8SSLI,PV8SSLI,Plausible Value 8 in System Subscale of Science - Living
2015,estudiantes,PV9SSLI,PV9SSLI,Plausible Value 9 in System Subscale of Science - Living
2015,estudiantes,PV10SSLI,PV10SSLI,Plausible Value 10 in System Subscale of Science - Living
2015,estudiantes,PV1SSES,PV1SSES,Plausible Value 1 in System Subscale of Science - Earth & Science
2015,estudiantes,PV2SSES,PV2SSES,Plausible Value 2 in System Subscale of Science - Earth & Science
2015,estudiantes,PV3SSES,PV3SSES,Plausible Value 3 in System Subscale of Science - Earth & Science
2015,estudiantes,PV4SSES,PV4SSES,Plausible Value 4 in System Subscale of Science - Earth & Science
2015,estudiantes,PV5SSES,PV5SSES,Plausible Value 5 in System Subscale of Science - Earth & Science
2015,estudiantes,PV6SSES,PV6SSES,Plausible Value 6 in System Subscale of Science - Earth & Science
2015,estudiantes,PV7SSES,PV7SSES,Plausible Value 7 in System Subscale of Science - Earth & Science
2015,estudiantes,PV8SSES,PV8SSES,Plausible Value 8 in System Subscale of Science - Earth & Science
2015,estudiantes,PV9SSES,PV9SSES,Plausible Value 9 in System Subscale of Science - Earth & Science
2015,estudiantes,PV10SSES,PV10SSES,Plausible Value 10 in System Subscale of Science - Earth & Science
2015,estudiantes,SENWT,SENWT,Senate Weight (sum of 5000 per country)
2015,estudiantes,VER_DAT,VER_DAT,Date of the database creation
2015,estudiantes,EDICION,,Añadida por el pipeline: año de la edición
2015,colegios,CNTRYID,CNTRYID,Country Identifier
2015,colegios,CNT,CNT,Country code 3-character
2015,colegios,CNTSCHID,CNTSCHID,Intl. School ID
2015,colegios,CYC,CYC,PISA Assessment Cycle (2 digits + 2 character Assessment type - MS\FT)
2015,colegios,NatCen,NatCen,National Centre 6-digit Code
2015,colegios,Region,Region,Region
2015,colegios,STRATUM,STRATUM,Stratum ID 7-character (cnt + region ID + original stratum ID)
2015,colegios,SUBNATIO,SUBNATIO,Adjudicated sub-region code 7-digit code (3-digit country code + region ID + stratum ID)
2015,colegios,OECD,OECD,OECD country
2015,colegios,ADMINMODE,ADMINMODE,Mode of Respondent
2015,colegios,LANGTEST,LANGTEST,Language of Questionnaire\Assessment
2015,colegios,SC001Q01TA,SC001Q01TA,Which of the following definitions best describes the community in which your school is located?
2015,colegios,SC002Q01TA,SC002Q01TA,"As at <February 1, 2014>, what was the total school enrolment (number of students)? Number of boys:"
2015,colegios,SC002Q02TA,SC002Q02TA,"As at <February 1, 2014>, what was the total school enrolment (number of students)? Number of girls:"
2015,colegios,SC003Q01TA,SC003Q01TA,What is the average size of <test language> classes in <national modal grade for 15-year-olds> in your school?
2015,colegios,SC004Q01TA,SC004Q01TA,Student-comp ratio in <national modal grade for 15-year-olds>. Total num.\stud. <national modal grade for 15-year-old
2015,colegios,SC004Q02TA,SC004Q02TA,Student-comp ratio in <national modal grade for 15-year-olds>. How many comps are avail for students for ed
2015,colegios,SC004Q03TA,SC004Q03TA,Student-comp ratio in <national modal grade for 15-year-olds>. How many comps are connected to Internet\World
2015,colegios,SC004Q04NA,SC004Q04NA,"Student-comp ratio in <national modal grade for 15-year-olds>. How many comps are portable (e.g. laptop, tablet)?"
2015,colegios,SC004Q05NA,SC004Q05NA,Total No. of interactive whiteboards in the school altogether
2015,colegios,SC004Q06NA,SC004Q06NA,Total No. of data projectors in the school altogether
2015,colegios,SC004Q07NA,SC004Q07NA,Total No. of computers with internet connection available for teachers in the school.
2015,colegios,SC053Q01TA,SC053Q01TA,"<This academic year>,follow. activities\school offers<national modal grade for 15-year-olds>? Band, orchestra\choir"
2015,colegios,SC053Q02TA,SC053Q02TA,"<This academic year>,follow. activities\school offers<national modal grade for 15-year-olds>? School play\musical"
2015,colegios,SC053Q03TA,SC053Q03TA,"<This academic year>,follow. activities\school offers<national modal grade for 15-year-olds>? School yrbk, newspaper"
2015,colegios,SC053Q04TA,SC053Q04TA,"<This academic year>,follow. activities\school offers<national modal grade for 15-year-olds>?  Volunteering or servic"
2015,colegios,SC053Q05NA,SC053Q05NA,"<This academic year>,follow. activities\school offers<national modal grade for 15-year-olds>? Science club"
2015,colegios,SC053Q06NA,SC053Q06NA,"<This academic year>,follow. activities\school offers<national modal grade for 15-year-olds>?  Science competitions"
2015,colegios,SC053Q07TA,SC053Q07TA,"<This academic year>,follow. activities\school offers<national modal grade for 15-year-olds>? Chess club"
2015,colegios,SC053Q08TA,SC053Q08TA,"<This academic year>,follow. activities\school offers<national modal grade for 15-year-olds>? Inform\Commun. Tech."
2015,colegios,SC053Q09TA,SC053Q09TA,"<This academic year>,follow. activities\school offers<national modal grade for 15-year-olds>? Art club\activities."
2015,colegios,SC053Q10TA,SC053Q10TA,"<This academic year>,follow. activities\school offers<national modal grade for 15-year-olds>? Sport team\activities"
2015,colegios,SC053D11TA,SC053D11TA,"<This academic year>,follow. activities\school offers<national modal grade for 15-year-olds>? <country specific item>"
2015,colegios,SC059Q01NA,SC059Q01NA,"Compared to other departments, our school's <school science department> is well equipped."
2015,colegios,SC059Q02NA,SC059Q02NA,"If we ever have some extra funding, a big share goes into improvement of our <school science> teaching."
2015,colegios,SC059Q03NA,SC059Q03NA,<School science> teachers are among our best educated staff members.
2015,colegios,SC059Q04NA,SC059Q04NA,"Compared to similar schools, we have a well equipped laboratory."
2015,colegios,SC059Q05NA,SC059Q05NA,The material for hands-on activities in <school science> is in good shape.
2015,colegios,SC059Q06NA,SC059Q06NA,We have enough laboratory material that all courses can regularly use it.
2015,colegios,SC059Q07NA,SC059Q07NA,We have extra laboratory staff that helps support <school science> teaching.
2015,colegios,SC059Q08NA,SC059Q08NA,Our school spends extra money on up-to-date <school science> equipment.
2015,colegios,SC052Q01NA,SC052Q01NA,Does your school provide study help? Room(s) where the students can do their homework
2015,colegios,SC052Q02NA,SC052Q02NA,Does your school provide the following study help? Staff help with homework
2015,colegios,SC009Q01TA,SC009Q01TA,Frequency of <the last academic year>. I use student performance results to develop the school's educational goal
2015,colegios,SC009Q02TA,SC009Q02TA,Frequency of <the last academic year>. I make sure that the professional development activities of teachers are in
2015,colegios,SC009Q03TA,SC009Q03TA,Frequency of <the last academic year>. I ensure that teachers work according to the school's educational goals.
2015,colegios,SC009Q04TA,SC009Q04TA,Frequency of <the last academic year>. I promote teaching practices based on recent educational research.
2015,colegios,SC009Q05TA,SC009Q05TA,Frequency of <the last academic year>. I praise teachers whose students are actively participating in learning.
2015,colegios,SC009Q06TA,SC009Q06TA,"Frequency of <the last academic year>. When a teacher has problems in his\her classroom, I take the initiative to"
2015,colegios,SC009Q07TA,SC009Q07TA,Frequency of <the last academic year>. I draw teachers' attention to the importance of pupils development of cri
2015,colegios,SC009Q08TA,SC009Q08TA,Frequency of <the last academic year>. I pay attention to disruptive behaviour in classrooms.
2015,colegios,SC009Q09TA,SC009Q09TA,Frequency of <the last academic year>. I provide staff with opportunities to participate in school decision-making
2015,colegios,SC009Q10TA,SC009Q10TA,Frequency of <the last academic year>. I engage teachers to help build a school culture of continuous improvement.
2015,colegios,SC009Q11TA,SC009Q11TA,Frequency of <the last academic year>. I ask teachers to participate in reviewing management practices.
2015,colegios,SC009Q12TA,SC009Q12TA,"Frequency of <the last academic year>. When a teacher brings up a classroom problem, we solve the problem together"
2015,colegios,SC009Q13TA,SC009Q13TA,Frequency of <the last academic year>. I discuss the school's academic goals with teachers at faculty meetings.
2015,colegios,SC010Q01TA,SC010Q01TA,Selecting teachers for hire: Principal
2015,colegios,SC010Q01TB,SC010Q01TB,Selecting teachers for hire: Teachers
2015,colegios,SC010Q01TC,SC010Q01TC,Selecting teachers for hire: <School governing board>
2015,colegios,SC010Q01TD,SC010Q01TD,Selecting teachers for hire: <Regional or local education authority>
2015,colegios,SC010Q01TE,SC010Q01TE,Selecting teachers for hire: National education authority
2015,colegios,SC010Q02TA,SC010Q02TA,Firing teachers: Principal
2015,colegios,SC010Q02TB,SC010Q02TB,Firing teachers: Teachers
2015,colegios,SC010Q02TC,SC010Q02TC,Firing teachers: <School governing board>
2015,colegios,SC010Q02TD,SC010Q02TD,Firing teachers: <Regional or local education authority>
2015,colegios,SC010Q02TE,SC010Q02TE,Firing teachers: National education authority
2015,colegios,SC010Q03TA,SC010Q03TA,Establishing teachers' starting salaries: Principal
2015,colegios,SC010Q03TB,SC010Q03TB,Establishing teachers' starting salaries: Teachers
2015,colegios,SC010Q03TC,SC010Q03TC,Establishing teachers' starting salaries: <School governing board>
2015,colegios,SC010Q03TD,SC010Q03TD,Establishing teachers' starting salaries: <Regional or local education authority>
2015,colegios,SC010Q03TE,SC010Q03TE,Establishing teachers' starting salaries: National education authority
2015,colegios,SC010Q04TA,SC010Q04TA,Determining teachers' salary increases: Principal
2015,colegios,SC010Q04TB,SC010Q04TB,Determining teachers' salary increases: Teachers
2015,colegios,SC010Q04TC,SC010Q04TC,Determining teachers' salary increases: <School governing board>
2015,colegios,SC010Q04TD,SC010Q04TD,Determining teachers' salary increases: <Regional or local education authority>
2015,colegios,SC010Q04TE,SC010Q04TE,Determining teachers' salary increases: National education authority
2015,colegios,SC010Q05TA,SC010Q05TA,Formulating the school budget: Principal
2015,colegios,SC010Q05TB,SC010Q05TB,Formulating the school budget: Teachers
2015,colegios,SC010Q05TC,SC010Q05TC,Formulating the school budget: <School governing board>
2015,colegios,SC010Q05TD,SC010Q05TD,Formulating the school budget: <Regional or local education authority>
2015,colegios,SC010Q05TE,SC010Q05TE,Formulating the school budget: National education authority
2015,colegios,SC010Q06TA,SC010Q06TA,Deciding on budget allocations within the school: Principal
2015,colegios,SC010Q06TB,SC010Q06TB,Deciding on budget allocations within the school: Teachers
2015,colegios,SC010Q06TC,SC010Q06TC,Deciding on budget allocations within the school: <School governing board>
2015,colegios,SC010Q06TD,SC010Q06TD,Deciding on budget allocations within the school: <Regional or local education authority>
2015,colegios,SC010Q06TE,SC010Q06TE,Deciding on budget allocations within the school: National education authority
2015,colegios,SC010Q07TA,SC010Q07TA,Establishing student disciplinary policies: Principal
2015,colegios,SC010Q07TB,SC010Q07TB,Establishing student disciplinary policies: Teachers
2015,colegios,SC010Q07TC,SC010Q07TC,Establishing student disciplinary policies: <School governing board>
2015,colegios,SC010Q07TD,SC010Q07TD,Establishing student disciplinary policies: <Regional or local education authority>
2015,colegios,SC010Q07TE,SC010Q07TE,Establishing student disciplinary policies: National education authority
2015,colegios,SC010Q08TA,SC010Q08TA,Establishing student assessment policies: Principal
2015,colegios,SC010Q08TB,SC010Q08TB,Establishing student assessment policies: Teachers
2015,colegios,SC010Q08TC,SC010Q08TC,Establishing student assessment policies: <School governing board>
2015,colegios,SC010Q08TD,SC010Q08TD,Establishing student assessment policies: <Regional or local education authority>
2015,colegios,SC010Q08TE,SC010Q08TE,Establishing student assessment policies: National education authority
2015,colegios,SC010Q09TA,SC010Q09TA,Approving students for admission to the school: Principal
2015,colegios,SC010Q09TB,SC010Q09TB,Approving students for admission to the school: Teachers
2015,colegios,SC010Q09TC,SC010Q09TC,Approving students for admission to the school: <School governing board>
2015,colegios,SC010Q09TD,SC010Q09TD,Approving students for admission to the school: <Regional or local education authority>
2015,colegios,SC010Q09TE,SC010Q09TE,Approving students for admission to the school: National education authority
2015,colegios,SC010Q10TA,SC010Q10TA,Choosing which textbooks are used: Principal
2015,colegios,SC010Q10TB,SC010Q10TB,Choosing which textbooks are used: Teachers
2015,colegios,SC010Q10TC,SC010Q10TC,Choosing which textbooks are used: <School governing board>
2015,colegios,SC010Q10TD,SC010Q10TD,Choosing which textbooks are used: <Regional or local education authority>
2015,colegios,SC010Q10TE,SC010Q10TE,Choosing which textbooks are used: National education authority
2015,colegios,SC010Q11TA,SC010Q11TA,Determining course content: Principal
2015,colegios,SC010Q11TB,SC010Q11TB,Determining course content: Teachers
2015,colegios,SC010Q11TC,SC010Q11TC,Determining course content: <School governing board>
2015,colegios,SC010Q11TD,SC010Q11TD,Determining course content: <Regional or local education authority>
2015,colegios,SC010Q11TE,SC010Q11TE,Determining course content: National education authority
2015,colegios,SC010Q12TA,SC010Q12TA,Deciding which courses are offered: Principal
2015,colegios,SC010Q12TB,SC010Q12TB,Deciding which courses are offered: Teachers
2015,colegios,SC010Q12TC,SC010Q12TC,Deciding which courses are offered: <School governing board>
2015,colegios,SC010Q12TD,SC010Q12TD,Deciding which courses are offered: <Regional or local education authority>
2015,colegios,SC010Q12TE,SC010Q12TE,Deciding which courses are offered: National education authority
2015,colegios,SC012Q01TA,SC012Q01TA,Student admission to school: Student's record of academic performance (including placement tests)
2015,colegios,SC012Q02TA,SC012Q02TA,Student admission to school: Recommendation of feeder schools
2015,colegios,SC012Q03TA,SC012Q03TA,Student admission to school: Parents' endorsement of the instructional or religious philosophy of the school
2015,colegios,SC012Q04TA,SC012Q04TA,Student admission to school: Whether the student requires or is interested in a special programme
2015,colegios,SC012Q05TA,SC012Q05TA,Student admission to school: Preference given to family members of current or former students
2015,colegios,SC012Q06TA,SC012Q06TA,Student admission to school: Residence in a particular area
2015,colegios,SC012Q07TA,SC012Q07TA,Student admission to school: Other
2015,colegios,SC013Q01TA,SC013Q01TA,Is your school a public or a private school?
2015,colegios,SC014Q01NA,SC014Q01NA,What kind of organisation runs your school?
2015,colegios,SC016Q01TA,SC016Q01TA,Percent. total funding for school year comes from? Government
2015,colegios,SC016Q02TA,SC016Q02TA,Percent. total funding for school year comes from? Student fees or school charges paid by parents
2015,colegios,SC016Q03TA,SC016Q03TA,"Percent. total funding for school year comes from? Benefactors, donations, bequests, sponsorships, parent funraising"
2015,colegios,SC016Q04TA,SC016Q04TA,Percent. total funding for school year comes from? Other
2015,colegios,SC017Q01NA,SC017Q01NA,School instruction hindered by: A lack of teaching staff.
2015,colegios,SC017Q02NA,SC017Q02NA,School instruction hindered by: Inadequate or poorly qualified teaching staff.
2015,colegios,SC017Q03NA,SC017Q03NA,School instruction hindered by: A lack of assisting staff.
2015,colegios,SC017Q04NA,SC017Q04NA,School instruction hindered by: Inadequate or poorly qualified assisting staff.
2015,colegios,SC017Q05NA,SC017Q05NA,"School instruction hindered by: Lack of educational material (e.g. textbooks, IT equipment, library or lab material)."
2015,colegios,SC017Q06NA,SC017Q06NA,"School instruction hindered by: Inadequate or poor quality educational material (e.g. textbooks, IT equipment)."
2015,colegios,SC017Q07NA,SC017Q07NA,"School instruction hindered by: Lack of physical infrastructure (building, grounds, heating\cooling, lighting)."
2015,colegios,SC017Q08NA,SC017Q08NA,"School instruction hindered by: Inadequate\poor quality phys infrastructure (building, grounds, heating\cooling)."
2015,colegios,SC018Q01TA01,SC018Q01TA01,Teachers in TOTAL: Full-time
2015,colegios,SC018Q01TA02,SC018Q01TA02,Teachers in TOTAL: Part-time
2015,colegios,SC018Q02TA01,SC018Q02TA01,Teachers <fully certified> by <the appropriate authority>: Full-time
2015,colegios,SC018Q02TA02,SC018Q02TA02,Teachers <fully certified> by <the appropriate authority>: Part-time
2015,colegios,SC018Q05NA01,SC018Q05NA01,Teachers with an <ISCED Level 5A Bachelor degree> qualification: Full-time
2015,colegios,SC018Q05NA02,SC018Q05NA02,Teachers with an <ISCED Level 5A Bachelor degree> qualification: Part-time
2015,colegios,SC018Q06NA01,SC018Q06NA01,Teachers with an <ISCED Level 5A Master's degree> qualification: Full-time
2015,colegios,SC018Q06NA02,SC018Q06NA02,Teachers with an <ISCED Level 5A Master's degree> qualification: Part-time
2015,colegios,SC018Q07NA01,SC018Q07NA01,Teachers with an <ISCED Level 6> qualification: Full-time
2015,colegios,SC018Q07NA02,SC018Q07NA02,Teachers with an <ISCED Level 6> qualification: Part-time
2015,colegios,SC019Q01NA01,SC019Q01NA01,<School science> teachers in TOTAL: Full-time
2015,colegios,SC019Q01NA02,SC019Q01NA02,<School science> teachers in TOTAL: Part-time
2015,colegios,SC019Q02NA01,SC019Q02NA01,<School science> teachers <fully certified> by <the appropriate authority>: Full-time
2015,colegios,SC019Q02NA02,SC019Q02NA02,<School science> teachers <fully certified> by <the appropriate authority>: Part-time
2015,colegios,SC019Q03NA01,SC019Q03NA01,<School science> teachers\<ISCED Level 5A or higher> qualification <with a major> in <school science>: Full-time
2015,colegios,SC019Q03NA02,SC019Q03NA02,<School science> teachers\<ISCED Level 5A or higher> qualification <with a major> in <school science>: Part-time
2015,colegios,SC025Q01NA,SC025Q01NA,Teaching staff in your school has attended a programme of professional development? All teaching staff
2015,colegios,SC025Q02NA,SC025Q02NA,Teaching staff in your school has attended a programme of profess dev? Science teaching staff
2015,colegios,SC027Q01NA,SC027Q01NA,Teachers in our school cooperate by exchanging ideas or material when teaching specific units or series of lessons.
2015,colegios,SC027Q02NA,SC027Q02NA,Our school invites specialists to conduct in-service training for teachers.
2015,colegios,SC027Q03NA,SC027Q03NA,Our school organises in-service workshops which deal with specific issues that our school faces.
2015,colegios,SC027Q04NA,SC027Q04NA,Our school organises in-service workshops for specific groups of teachers (e.g. newly appointed teachers).
2015,colegios,SC032Q01TA,SC032Q01TA,"During <the last academic year>, used to monitor the practice of teachers? Tests or assessments of student achieve."
2015,colegios,SC032Q02TA,SC032Q02TA,"During <the last academic year>, used to monitor the practice of teachers? Teacher peer review"
2015,colegios,SC032Q03TA,SC032Q03TA,"During <the last academic year>, used to monitor the practice of teachers? Principal or senior staff observ lessons"
2015,colegios,SC032Q04TA,SC032Q04TA,"During <the last academic year>, used to monitor the practice of teachers? Observation of classes by inspect."
2015,colegios,SC034Q01NA,SC034Q01NA,How often are students assessed? Mandatory <standardized tests>
2015,colegios,SC034Q02NA,SC034Q02NA,How often are students assessed? Nonmandatory <standardized tests>
2015,colegios,SC034Q03TA,SC034Q03TA,How often are students assessed? Teacher-developed tests
2015,colegios,SC034Q04TA,SC034Q04TA,How often are students assessed? Teachers judgmental ratings
2015,colegios,SC035Q01NA,SC035Q01NA,Are <standardized tests> used in school? Guide student learning
2015,colegios,SC035Q01NB,SC035Q01NB,Are teacher-developed tests used in school? Guide student learning
2015,colegios,SC035Q02TA,SC035Q02TA,Are <standardized tests> used in school? To inform parents about child's progress
2015,colegios,SC035Q02TB,SC035Q02TB,Are teacher-developed tests used in school? To inform parents about child's progress
2015,colegios,SC035Q03TA,SC035Q03TA,Are <standardized tests> used in school? To make decisions about students' retention or promotion
2015,colegios,SC035Q03TB,SC035Q03TB,Are teacher-developed tests used in school? To make decisions about students' retention or promotion
2015,colegios,SC035Q04TA,SC035Q04TA,Are <standardized tests> used in school? To group students for instructional purposes
2015,colegios,SC035Q04TB,SC035Q04TB,Are teacher-developed tests used in school? To group students for instructional purposes
2015,colegios,SC035Q05TA,SC035Q05TA,Are <standardized tests> used in school? To compare the school to <district or national> performance
2015,colegios,SC035Q05TB,SC035Q05TB,Are teacher-developed tests used in school? To compare the school to <district or national> performance
2015,colegios,SC035Q06TA,SC035Q06TA,Are <standardized tests> used in school? To monitor the school's progress from year to year
2015,colegios,SC035Q06TB,SC035Q06TB,Are teacher-developed tests used in school? To monitor the school's progress from year to year
2015,colegios,SC035Q07TA,SC035Q07TA,Are <standardized tests> used in school? To make judgements about teachers' effectiveness
2015,colegios,SC035Q07TB,SC035Q07TB,Are teacher-developed tests used in school? To make judgements about teachers' effectiveness
2015,colegios,SC035Q08TA,SC035Q08TA,Are <standardized tests> used in school? To identify aspects of instruction or curriculum that should be improved
2015,colegios,SC035Q08TB,SC035Q08TB,Are teacher-developed tests used in school? To identify aspects of instruction or curriculum that should be improved
2015,colegios,SC035Q09NA,SC035Q09NA,Are <standardized tests> used in school? To adapt teaching to the students' needs
2015,colegios,SC035Q09NB,SC035Q09NB,Are teacher-developed tests used in school? To adapt teaching to the students' needs
2015,colegios,SC035Q10TA,SC035Q10TA,Are <standardized tests> used in school? To compare the school with other schools
2015,colegios,SC035Q10TB,SC035Q10TB,Are teacher-developed tests used in school? To compare the school with other schools
2015,colegios,SC035Q11NA,SC035Q11NA,Are <standardized tests> used in school? To award certification to students
2015,colegios,SC035Q11NB,SC035Q11NB,Are teacher-developed tests used in school? To award certification to students
2015,colegios,SC036Q01TA,SC036Q01TA,Achievement data used in any of the following <accountability procedures>? Achievement data are posted publicly
2015,colegios,SC036Q02TA,SC036Q02TA,Achievement data used in any of the following <accountability procedures>? Achievement data\tracked over time\admin
2015,colegios,SC036Q03NA,SC036Q03NA,Achievement data used in any of the following <accountability procedures>? Achievement data\provided to parents
2015,colegios,SC037Q01TA,SC037Q01TA,Internal evaluation \ Self-evaluation
2015,colegios,SC037Q02TA,SC037Q02TA,Does improvement exist at school? External evaluation
2015,colegios,SC037Q03TA,SC037Q03TA,Does improvement exist at school? Written specification of the schools curricular profile and educational goals
2015,colegios,SC037Q04TA,SC037Q04TA,Does improvement exist at school? Written specification of student performance standards
2015,colegios,SC037Q05NA,SC037Q05NA,Does improvement exist at school? Systematic recording of data such as attendance and professional development
2015,colegios,SC037Q06NA,SC037Q06NA,Does improvement exist at school? Systematic recording of student test results and graduation rates
2015,colegios,SC037Q07TA,SC037Q07TA,"Does improvement exist at school? Seeking written feedback from students (e.g. regarding lessons, teachers, resources"
2015,colegios,SC037Q08TA,SC037Q08TA,Does improvement exist at school? Teacher mentoring
2015,colegios,SC037Q09TA,SC037Q09TA,Does improvement exist at school? Consultation aimed at school improvement\experts over a period of six months
2015,colegios,SC037Q10NA,SC037Q10NA,Does improvement exist at school? Implementation of a standardised policy for science subjects
2015,colegios,SC040Q02NA,SC040Q02NA,"Did your school implement any measures in: Educational staff (e.g. workload, personal requirm.)"
2015,colegios,SC040Q03NA,SC040Q03NA,Did your school implement any measures in: Implementation of the curriculum
2015,colegios,SC040Q05NA,SC040Q05NA,Did your school implement any measures in: Quality of teaching and learning
2015,colegios,SC040Q11NA,SC040Q11NA,Did your school implement any measures in: Parental engagement in school
2015,colegios,SC040Q12NA,SC040Q12NA,Did your school implement any measures in: Teacher professional development
2015,colegios,SC040Q15NA,SC040Q15NA,Did your school implement any measures in: Student achievement
2015,colegios,SC040Q16NA,SC040Q16NA,Did your school implement any measures in: Students' cross-curricular competencies
2015,colegios,SC040Q17NA,SC040Q17NA,Did your school implement any measures in: Equity in school
2015,colegios,SC041Q01NA,SC041Q01NA,The results of external evaluations led to changes in school policies.
2015,colegios,SC041Q03NA,SC041Q03NA,We used the data to plan specific action for school development.
2015,colegios,SC041Q04NA,SC041Q04NA,We used the data to plan specific action for the improvement of teaching.
2015,colegios,SC041Q05NA,SC041Q05NA,We put measures derived from the results of external evaluations into practice promptly.
2015,colegios,SC041Q06NA,SC041Q06NA,The impetus triggered by the external evaluation ''disappeared'' very quickly at our school.
2015,colegios,SC042Q01TA,SC042Q01TA,School's policy\for students in <national modal grade for 15-year-olds>? Students\group.ability into differ. classes.
2015,colegios,SC042Q02TA,SC042Q02TA,School's policy\for students in <national modal grade for 15-year-olds>? Students\group.ability within\classes.
2015,colegios,SC048Q01NA,SC048Q01NA,Est. percent. <national modal grade for 15-year-olds>. Students <heritage language> is differ. fm <test language>
2015,colegios,SC048Q02NA,SC048Q02NA,Est. percent. <national modal grade for 15-year-olds>. Students with special needs
2015,colegios,SC048Q03NA,SC048Q03NA,Est. percent. <national modal grade for 15-year-olds>. Students from socioeconomic disadvantaged homes
2015,colegios,SC061Q01TA,SC061Q01TA,Extent to which student learning is hindered by: Student truancy
2015,colegios,SC061Q02TA,SC061Q02TA,Extent to which student learning is hindered by: Students skipping classes
2015,colegios,SC061Q03TA,SC061Q03TA,Extent to which student learning is hindered by: Students lacking respect for teachers
2015,colegios,SC061Q04TA,SC061Q04TA,Extent to which student learning is hindered by: Student use of alcohol or illegal drugs
2015,colegios,SC061Q05TA,SC061Q05TA,Extent to which student learning is hindered by: Students intimidating or bullying other students
2015,colegios,SC061Q06TA,SC061Q06TA,Extent to which student learning is hindered by: Teachers not meeting individual students' needs
2015,colegios,SC061Q07TA,SC061Q07TA,Extent to which student learning is hindered by: Teacher absenteeism
2015,colegios,SC061Q08TA,SC061Q08TA,Extent to which student learning is hindered by: Staff resisting change
2015,colegios,SC061Q09TA,SC061Q09TA,Extent to which student learning is hindered by: Teachers being too strict with students
2015,colegios,SC061Q10TA,SC061Q10TA,Extent to which student learning is hindered by: Teachers not being well prepared for classes
2015,colegios,SC063Q02NA,SC063Q02NA,School provides a welcoming and accepting atmosphere for parents to get involved.
2015,colegios,SC063Q03NA,SC063Q03NA,School designs effective forms of school-to-home\home-to-school communications\school progra\child's progress.
2015,colegios,SC063Q04NA,SC063Q04NA,School includes parents in school decisions.
2015,colegios,SC063Q06NA,SC063Q06NA,School provides information\ideas to families about help at home hmwk and other curriculum-related activities
2015,colegios,SC063Q07NA,SC063Q07NA,School identifies and integrates resources and services from the community to strengthen
2015,colegios,SC063Q09NA,SC063Q09NA,"There is a <national, state, or district legislation> on including parents in school activities."
2015,colegios,SC064Q01TA,SC064Q01TA,"<the last academic year>, what proport. of parents part. school-related activit? On their own initiative"
2015,colegios,SC064Q02TA,SC064Q02TA,"<the last academic year>, what proport. of parents part. school-related activit? On initiative of child's teachers"
2015,colegios,SC064Q03TA,SC064Q03TA,"<the last academic year>, what proport. of parents part. school-related activit? Partici. in local school government"
2015,colegios,SC064Q04NA,SC064Q04NA,"<the last academic year>, what proport. of parents part. school-related activit? Volun\phys, or extra-curricular act"
2015,colegios,SCHSIZE,SCHSIZE,School Size (Sum)
2015,colegios,CLSIZE,CLSIZE,Class Size
2015,colegios,RATCMP1,RATCMP1,Number of available computers per student at modal grade
2015,colegios,RATCMP2,RATCMP2,Proportion of available computers that are connected to the Internet
2015,colegios,LEAD,LEAD,Educational leadership (WLE)
2015,colegios,LEADCOM,LEADCOM,Curricular development (WLE)
2015,colegios,LEADINST,LEADINST,Instructional leadership (WLE)
2015,colegios,LEADPD,LEADPD,Professional development (WLE)
2015,colegios,LEADTCH,LEADTCH,Teachers participation (WLE)
2015,colegios,RESPCUR,RESPCUR,Responsibility for curriculum
2015,colegios,RESPRES,RESPRES,Responsibility for ressources
2015,colegios,SCHAUT,SCHAUT,School autonomy (Mean)
2015,colegios,TEACHPART,TEACHPART,Teacher participation (Sum)
2015,colegios,EDUSHORT,EDUSHORT,Shortage of educational material (WLE)
2015,colegios,STAFFSHORT,STAFFSHORT,Shortage of educational staff (WLE)
2015,colegios,PROAT5AB,PROAT5AB,Index proportion of all teachers ISCED LEVEL 5A Bachelor
2015,colegios,PROAT5AM,PROAT5AM,Index proportion of all teachers ISCED LEVEL 5A Master
2015,colegios,PROAT6,PROAT6,Index proportion of all teachers ISCED LEVEL 6
2015,colegios,PROATCE,PROATCE,Index proportion of all teachers fully certified
2015,colegios,TOTAT,TOTAT,Total number of all teachers at school
2015,colegios,PROSTAT,PROSTAT,Index propotion of science teachers by all teachers
2015,colegios,PROSTCE,PROSTCE,Index proportion of science teachers fully certified
2015,colegios,PROSTMAS,PROSTMAS,Index proportion of science teachers with ISCED level 5A and a major in science
2015,colegios,TOTST,TOTST,Total number of science teachers at school
2015,colegios,CREACTIV,CREACTIV,Creative extra-curricular activities (Sum)
2015,colegios,SCIERES,SCIERES,Index science specific ressources (Sum)
2015,colegios,STUBEHA,STUBEHA,Student behaviour hindering learning (WLE)
2015,colegios,TEACHBEHA,TEACHBEHA,Teacher behaviour hindering learning (WLE)
2015,colegios,STRATIO,STRATIO,Student-Teacher ratio
2015,colegios,SCHLTYPE,SCHLTYPE,School Ownership
2015,colegios,W_SCHGRNRABWT,W_SCHGRNRABWT,GRADE NONRESPONSE ADJUSTED SCHOOL BASE WEIGHT
2015,colegios,SENWT,SENWT,Senate Weight (sum of 5000 per country)
2015,colegios,VER_DAT,VER_DAT,Date of the database creation
2015,colegios,EDICION,,Añadida por el pipeline: año de la edición
2015,estudiantes,DOMINIO_PRINCIPAL,,Añadida por el pipeline: dominio focal del ciclo
2015,estudiantes,ESCS_TREND,,"Añadida por el pipeline: ESCS reescalado por la OCDE (escs_trend.csv), comparable con 2022"
2015,estudiantes,HISEI_TREND,,"Añadida por el pipeline: HISEI reescalado por la OCDE (escs_trend.csv), comparable con 2022"
2015,estudiantes,HOMEPOS_TREND,,"Añadida por el pipeline: HOMEPOS reescalado por la OCDE (escs_trend.csv), comparable con 2022"
2015,estudiantes,PAREDINT_TREND,,"Añadida por el pipeline: PAREDINT reescalado por la OCDE (escs_trend.csv), comparable con 2022"
2018,estudiantes,CNTRYID,CNTRYID,Country Identifier
2018,estudiantes,CNT,CNT,Country code 3-character
2018,estudiantes,CNTSCHID,CNTSCHID,Intl. School ID
2018,estudiantes,CNTSTUID,CNTSTUID,Intl. Student ID
2018,estudiantes,CYC,CYC,PISA Assessment Cycle (2 digits + 2 character Assessment type - MS/FT)
2018,estudiantes,NatCen,NatCen,National Centre 6-digit Code
2018,estudiantes,STRATUM,STRATUM,Stratum ID 7-character (cnt + region ID + original stratum ID)
2018,estudiantes,SUBNATIO,SUBNATIO,Adjudicated sub-region code 7-digit code (3-digit country code + region ID + stratum ID)
2018,estudiantes,OECD,OECD,OECD country
2018,estudiantes,ADMINMODE,ADMINMODE,Mode of Respondent
2018,estudiantes,LANGTEST_QQQ,LANGTEST_QQQ,Language of Questionnaire
2018,estudiantes,LANGTEST_COG,LANGTEST_COG,Language of Assessment
2018,estudiantes,LANGTEST_PAQ,LANGTEST_PAQ,Language of Assessment (PAQ)
2018,estudiantes,BOOKID,BOOKID,Form Identifier
2018,estudiantes,ST001D01T,ST001D01T,Student International Grade (Derived)
2018,estudiantes,ST003D02T,ST003D02T,Student (Standardized) Birth - Month
2018,estudiantes,ST003D03T,ST003D03T,Student (Standardized) Birth -Year
2018,estudiantes,ST004D01T,ST004D01T,Student (Standardized) Gender
2018,estudiantes,ST005Q01TA,ST005Q01TA,What is the <highest level of schooling> completed by your mother?
2018,estudiantes,ST006Q01TA,ST006Q01TA,Does your mother have this qualification? <ISCED level 6> (incl. higher qualifications at level 5A in some countries)
2018,estudiantes,ST006Q02TA,ST006Q02TA,Does your mother have this qualification? <ISCED level 5A> (excl. higher qualifications at level 5A in some countries)
2018,estudiantes,ST006Q03TA,ST006Q03TA,Does your mother have any of the following qualifications? <ISCED level 5B>
2018,estudiantes,ST006Q04TA,ST006Q04TA,Does your mother have any of the following qualifications? <ISCED level 4>
2018,estudiantes,ST007Q01TA,ST007Q01TA,What is the <highest level of schooling> completed by your father?
2018,estudiantes,ST008Q01TA,ST008Q01TA,Does your father have this qualification? <ISCED level 6> (incl. higher qualifications at level 5A in some countries)
2018,estudiantes,ST008Q02TA,ST008Q02TA,Does your father have this qualification? <ISCED level 5A> (excl. higher qualifications at level 5A in some countries)
2018,estudiantes,ST008Q03TA,ST008Q03TA,Does your father have any of the following qualifications? <ISCED level 5B>
2018,estudiantes,ST008Q04TA,ST008Q04TA,Does your father have any of the following qualifications? <ISCED level 4>
2018,estudiantes,ST011Q01TA,ST011Q01TA,In your home: A desk to study at
2018,estudiantes,ST011Q02TA,ST011Q02TA,In your home: A room of your own
2018,estudiantes,ST011Q03TA,ST011Q03TA,In your home: A quiet place to study
2018,estudiantes,ST011Q04TA,ST011Q04TA,In your home: A computer you can use for school work
2018,estudiantes,ST011Q05TA,ST011Q05TA,In your home: Educational software
2018,estudiantes,ST011Q06TA,ST011Q06TA,In your home: A link to the Internet
2018,estudiantes,ST011Q07TA,ST011Q07TA,In your home: Classic literature (e.g. <Shakespeare>)
2018,estudiantes,ST011Q08TA,ST011Q08TA,In your home: Books of poetry
2018,estudiantes,ST011Q09TA,ST011Q09TA,In your home: Works of art (e.g. paintings)
2018,estudiantes,ST011Q10TA,ST011Q10TA,In your home: Books to help with your school work
2018,estudiantes,ST011Q11TA,ST011Q11TA,In your home: <Technical reference books>
2018,estudiantes,ST011Q12TA,ST011Q12TA,In your home: A dictionary
2018,estudiantes,ST011Q16NA,ST011Q16NA,"In your home: Books on art, music, or design"
2018,estudiantes,ST011D17TA,ST011D17TA,In your home: <Country-specific wealth item 1>
2018,estudiantes,ST011D18TA,ST011D18TA,In your home: <Country-specific wealth item 2>
2018,estudiantes,ST011D19TA,ST011D19TA,In your home: <Country-specific wealth item 3>
2018,estudiantes,ST012Q01TA,ST012Q01TA,How many in your home: Televisions
2018,estudiantes,ST012Q02TA,ST012Q02TA,How many in your home: Cars
2018,estudiantes,ST012Q03TA,ST012Q03TA,How many in your home: Rooms with a bath or shower
2018,estudiantes,ST012Q05NA,ST012Q05NA,How many in your home: <Cell phones> with Internet access (e.g. smartphones)
2018,estudiantes,ST012Q06NA,ST012Q06NA,"How many in your home: Computers (desktop computer, portable laptop, or notebook)"
2018,estudiantes,ST012Q07NA,ST012Q07NA,"How many in your home: <Tablet computers> (e.g. <iPad>, <BlackBerry PlayBook>)"
2018,estudiantes,ST012Q08NA,ST012Q08NA,"How many in your home: E-book readers (e.g. <Kindle>, <Kobo>, <Bookeen>)"
2018,estudiantes,ST012Q09NA,ST012Q09NA,"How many in your home: Musical instruments (e.g. guitar, piano)"
2018,estudiantes,ST013Q01TA,ST013Q01TA,How many books are there in your home?
2018,estudiantes,ST019AQ01T,ST019AQ01T,In what country were you and your parents born? You
2018,estudiantes,ST019BQ01T,ST019BQ01T,In what country were you and your parents born? Mother
2018,estudiantes,ST019CQ01T,ST019CQ01T,In what country were you and your parents born? Father
2018,estudiantes,ST021Q01TA,ST021Q01TA,How old were you when you arrived in <country of test>?
2018,estudiantes,ST125Q01NA,ST125Q01NA,How old were you when you started <ISCED 0>? Years
2018,estudiantes,ST126Q01TA,ST126Q01TA,How old were you when you started <ISCED 1>? Years
2018,estudiantes,ST127Q01TA,ST127Q01TA,Have you ever repeated a <grade>? At <ISCED 1>
2018,estudiantes,ST127Q02TA,ST127Q02TA,Have you ever repeated a <grade>? At <ISCED 2>
2018,estudiantes,ST127Q03TA,ST127Q03TA,Have you ever repeated a <grade>? At <ISCED 3>
2018,estudiantes,ST022Q01TA,ST022Q01TA,What language do you speak at home most of the time?
2018,estudiantes,ST023Q01TA,ST023Q01TA,Which language do you usually speak with: My mother
2018,estudiantes,ST023Q02TA,ST023Q02TA,Which language do you usually speak with: My father
2018,estudiantes,ST023Q03TA,ST023Q03TA,Which language do you usually speak with: My brother(s) and/or sister(s)
2018,estudiantes,ST023Q04TA,ST023Q04TA,Which language do you usually speak with: My best friend
2018,estudiantes,ST023Q05TA,ST023Q05TA,Which language do you usually speak with: My schoolmates
2018,estudiantes,ST097Q01TA,ST097Q01TA,How often during <test language lessons>: Students don't listen to what the teacher says.
2018,estudiantes,ST097Q02TA,ST097Q02TA,How often during <test language lessons>: There is noise and disorder.
2018,estudiantes,ST097Q03TA,ST097Q03TA,How often during <test language lessons>: The teacher waits long for students to quiet down.
2018,estudiantes,ST097Q04TA,ST097Q04TA,How often during <test language lessons>: Students cannot work well.
2018,estudiantes,ST097Q05TA,ST097Q05TA,How often during <test language lessons>: Students don't start working for a long time after the lesson begins.
2018,estudiantes,ST100Q01TA,ST100Q01TA,How often during <test language lessons>: The teacher shows an interest in every student's learning.
2018,estudiantes,ST100Q02TA,ST100Q02TA,How often during <test language lessons>: The teacher gives extra help when students need it.
2018,estudiantes,ST100Q03TA,ST100Q03TA,How often during <test language lessons>: The teacher helps students with their learning.
2018,estudiantes,ST100Q04TA,ST100Q04TA,How often during <test language lessons>: The teacher continues teaching until the students understands.
2018,estudiantes,ST102Q01TA,ST102Q01TA,How often during <test language lessons>: The teacher sets clear goals for our learning.
2018,estudiantes,ST102Q02TA,ST102Q02TA,How often during <test language lessons>: The teacher asks questions to check whether we have understood what was taught
2018,estudiantes,ST102Q03TA,ST102Q03TA,How often during <test language lessons>: [...] the teacher presents a short summary of the previous lesson.
2018,estudiantes,ST102Q04TA,ST102Q04TA,How often during <test language lessons>: The teacher tells us what we have to learn.
2018,estudiantes,ST211Q01HA,ST211Q01HA,Thinking of past two <test language lessons>: The teacher made me feel confident in my ability to do well in the course.
2018,estudiantes,ST211Q02HA,ST211Q02HA,Thinking of past two <test language lessons>: The teacher listened to my view on how to do things.
2018,estudiantes,ST211Q03HA,ST211Q03HA,Thinking of past two <test language lessons>: I felt that my teacher understood me.
2018,estudiantes,ST212Q01HA,ST212Q01HA,How often in <test language lessons>: The teacher adapts the lesson to my class’s needs and knowledge.
2018,estudiantes,ST212Q02HA,ST212Q02HA,How often in <test language lessons>: The teacher provides individual help when a student has difficulties [...]
2018,estudiantes,ST212Q03HA,ST212Q03HA,How often in <test language lessons>: The teacher changes the structure of the lesson on a topic that most [...]
2018,estudiantes,ST104Q02NA,ST104Q02NA,How often during <test language lessons>: The teacher gives me feedback on my strengths in this subject.
2018,estudiantes,ST104Q03NA,ST104Q03NA,How often during <test language lessons>: The teacher tells me in which areas I can still improve.
2018,estudiantes,ST104Q04NA,ST104Q04NA,How often during <test language lessons>: The teacher tells me how I can improve my performance.
2018,estudiantes,ST213Q01HA,ST213Q01HA,Thinking of past two <test language lessons>: It was clear to me that the teacher liked teaching us.
2018,estudiantes,ST213Q02HA,ST213Q02HA,Thinking of past two <test language lessons>: The enthusiasm of the teacher inspired me.
2018,estudiantes,ST213Q03HA,ST213Q03HA,Thinking of past two <test language lessons>: It was clear that the teacher likes to deal with the topic of the lesson.
2018,estudiantes,ST213Q04HA,ST213Q04HA,Thinking of past two <test language lessons>: The teacher showed enjoyment in teaching.
2018,estudiantes,ST150Q01IA,ST150Q01IA,"During the last month, how often did you have to read for school: Texts that include diagrams or maps"
2018,estudiantes,ST150Q02IA,ST150Q02IA,"During the last month, how often did you have to read for school: Fiction (e.g., novels, short stories)"
2018,estudiantes,ST150Q03IA,ST150Q03IA,"During the last month, how often did you have to read for school: Texts that include tables or graphs"
2018,estudiantes,ST150Q04HA,ST150Q04HA,"During the last month, how often did you have to read for school: Digital texts including links"
2018,estudiantes,ST152Q05IA,ST152Q05IA,"In your <test language lessons>, how often: The teacher encourages students to express their opinion about a text."
2018,estudiantes,ST152Q06IA,ST152Q06IA,"In your <test language lessons>, how often: The teacher helps students relate the stories they read to their lives."
2018,estudiantes,ST152Q07IA,ST152Q07IA,"In your <test language lessons>, how often: The teacher shows students how the information in texts builds on [...]"
2018,estudiantes,ST152Q08IA,ST152Q08IA,"In your <test language lessons>, how often: The teacher poses questions that motivate students to participate actively."
2018,estudiantes,ST154Q01HA,ST154Q01HA,"<this academic year>, how many pages was the longest piece of text you had to read for your <test language lessons>?"
2018,estudiantes,ST153Q01HA,ST153Q01HA,"When you have to read, does the teacher ask you to: Write a summary of the book or the chapter"
2018,estudiantes,ST153Q02HA,ST153Q02HA,"When you have to read, does the teacher ask you to: List and write a short description of the main characters"
2018,estudiantes,ST153Q03HA,ST153Q03HA,"When you have to read, does the teacher ask you to: Discuss in small groups with other students who read the same [...]"
2018,estudiantes,ST153Q04HA,ST153Q04HA,"When you have to read, does the teacher ask you to: Give your personal thoughts about the book or the chapter [...]"
2018,estudiantes,ST153Q05HA,ST153Q05HA,"When you have to read, does the teacher ask you to: Answer questions about the book or the chapter"
2018,estudiantes,ST153Q06HA,ST153Q06HA,"When you have to read, does the teacher ask you to: Compare the content of the book or the chapter with your own [...]"
2018,estudiantes,ST153Q08HA,ST153Q08HA,"When you have to read, does the teacher ask you to: Compare the book with other books or texts on a similar topic"
2018,estudiantes,ST153Q09HA,ST153Q09HA,"When you have to read, does the teacher ask you to: Select a passage you liked or disliked and explain why"
2018,estudiantes,ST153Q10HA,ST153Q10HA,"When you have to read, does the teacher ask you to: Write a text related to what you have read"
2018,estudiantes,ST158Q01HA,ST158Q01HA,"Taught at school: How to use keywords when using a search engine such as <Google©>, <Yahoo©>, etc."
2018,estudiantes,ST158Q02HA,ST158Q02HA,Taught at school: How to decide whether to trust information from the Internet
2018,estudiantes,ST158Q03HA,ST158Q03HA,Taught at school: How to compare different web pages and decide what information is more relevant for your school work
2018,estudiantes,ST158Q04HA,ST158Q04HA,"Taught at school: To understand the consequences of making information publicly available online on <Facebook>, [...]"
2018,estudiantes,ST158Q05HA,ST158Q05HA,Taught at school: How to use the short description below the links in the list of results of a search
2018,estudiantes,ST158Q06HA,ST158Q06HA,Taught at school: How to detect whether the information is subjective or biased
2018,estudiantes,ST158Q07HA,ST158Q07HA,Taught at school: How to detect phishing or spam emails
2018,estudiantes,ST160Q01IA,ST160Q01IA,How much do you agree or disagree? I read only if I have to.
2018,estudiantes,ST160Q02IA,ST160Q02IA,How much do you agree or disagree? Reading is one of my favourite hobbies.
2018,estudiantes,ST160Q03IA,ST160Q03IA,How much do you agree or disagree? I like talking about books with other people.
2018,estudiantes,ST160Q04IA,ST160Q04IA,"How much do you agree or disagree? For me, reading is a waste of time."
2018,estudiantes,ST160Q05IA,ST160Q05IA,How much do you agree or disagree? I read only to get information that I need.
2018,estudiantes,ST167Q01IA,ST167Q01IA,How often do you read these materials because you want to? Magazines
2018,estudiantes,ST167Q02IA,ST167Q02IA,How often do you read these materials because you want to? Comic books
2018,estudiantes,ST167Q03IA,ST167Q03IA,"How often do you read these materials because you want to? Fiction (novels, narratives, stories)"
2018,estudiantes,ST167Q04IA,ST167Q04IA,"How often do you read these materials because you want to? Non-fiction books (informational, documentary)"
2018,estudiantes,ST167Q05IA,ST167Q05IA,How often do you read these materials because you want to? Newspapers
2018,estudiantes,ST168Q01HA,ST168Q01HA,Which of the following statements best describes how you read books (on any topic)?
2018,estudiantes,ST175Q01IA,ST175Q01IA,About how much time do you usually spend reading for enjoyment?
2018,estudiantes,ST176Q01IA,ST176Q01IA,How often involved in: Reading emails
2018,estudiantes,ST176Q02IA,ST176Q02IA,"How often involved in: <Chat on line> (e.g. <Whatsapp>, <Messenger>)"
2018,estudiantes,ST176Q03IA,ST176Q03IA,How often involved in: Reading online news
2018,estudiantes,ST176Q05IA,ST176Q05IA,How often involved in: Searching information online to learn about a particular topic
2018,estudiantes,ST176Q06IA,ST176Q06IA,How often involved in: Taking part in online group discussions or forums
2018,estudiantes,ST176Q07IA,ST176Q07IA,"How often involved in: Searching for practical information online (e.g. schedules, events, tips, recipes)"
2018,estudiantes,ST161Q01HA,ST161Q01HA,Agree: I am a good reader.
2018,estudiantes,ST161Q02HA,ST161Q02HA,Agree: I am able to understand difficult texts.
2018,estudiantes,ST161Q03HA,ST161Q03HA,Agree: I read fluently.
2018,estudiantes,ST161Q06HA,ST161Q06HA,Agree: I have always had difficulty with reading.
2018,estudiantes,ST161Q07HA,ST161Q07HA,Agree: I have to read a text several times before completely understanding it.
2018,estudiantes,ST161Q08HA,ST161Q08HA,Agree: I find it difficult to answer questions about a text.
2018,estudiantes,ST163Q02HA,ST163Q02HA,"In the PISA test, how do you feel about the reading tasks: There were many words I could not understand."
2018,estudiantes,ST163Q03HA,ST163Q03HA,"In the PISA test, how do you feel about the reading tasks: Many texts were too difficult for me."
2018,estudiantes,ST163Q04HA,ST163Q04HA,"In the PISA test, how do you feel about the reading tasks: I was lost when I had to navigate between different pages."
2018,estudiantes,ST164Q01IA,ST164Q01IA,Usefulness for understanding and memorising text: I concentrate on the parts of the text that are easy to understand.
2018,estudiantes,ST164Q02IA,ST164Q02IA,Usefulness for understanding and memorising text: I quickly read through the text twice.
2018,estudiantes,ST164Q03IA,ST164Q03IA,"Usefulness for understanding and memorising text: After reading the text, I discuss its content with other people."
2018,estudiantes,ST164Q04IA,ST164Q04IA,Usefulness for understanding and memorising text: I underline important parts of the text.
2018,estudiantes,ST164Q05IA,ST164Q05IA,Usefulness for understanding and memorising text: I summarise the text in my own words.
2018,estudiantes,ST164Q06IA,ST164Q06IA,Usefulness for understanding and memorising text: I read the text aloud to another person.
2018,estudiantes,ST165Q01IA,ST165Q01IA,"Usefulness for writing a summary: I write a summary. Then I check that each paragraph is covered in the summary, [...]"
2018,estudiantes,ST165Q02IA,ST165Q02IA,Usefulness for writing a summary: I try to copy out accurately as many sentences as possible.
2018,estudiantes,ST165Q03IA,ST165Q03IA,"Usefulness for writing a summary: Before writing the summary, I read the text as many times as possible."
2018,estudiantes,ST165Q04IA,ST165Q04IA,Usefulness for writing a summary: I carefully check whether the most important facts in the text are represented [...]
2018,estudiantes,ST165Q05IA,ST165Q05IA,"Usefulness for writing a summary: I read through the text, underlining the most important sentences. Then I write [...]"
2018,estudiantes,ST166Q01HA,ST166Q01HA,How appropriate in reaction to this email: Answer the email and ask for more information about the smartphone
2018,estudiantes,ST166Q02HA,ST166Q02HA,How appropriate in reaction to this email: Check the sender's email address
2018,estudiantes,ST166Q03HA,ST166Q03HA,How appropriate in reaction to this email: Click on the link to fill out the form as soon as possible
2018,estudiantes,ST166Q04HA,ST166Q04HA,How appropriate in reaction to this email: Delete the email without clicking on the link
2018,estudiantes,ST166Q05HA,ST166Q05HA,How appropriate in reaction to this email: Check the website of the mobile phone operator to see whether [...]
2018,estudiantes,ST016Q01NA,ST016Q01NA,"Overall, how satisfied are you with your life as a whole these days?"
2018,estudiantes,ST036Q05TA,ST036Q05TA,Thinking about your school: Trying hard at school will help me get a good job.
2018,estudiantes,ST036Q06TA,ST036Q06TA,Thinking about your school: Trying hard at school will help me get into a good <college>.
2018,estudiantes,ST036Q08TA,ST036Q08TA,Thinking about your school: Trying hard at school is important.
2018,estudiantes,ST225Q01HA,ST225Q01HA,Do you expect to complete? <ISCED level 2>
2018,estudiantes,ST225Q02HA,ST225Q02HA,Do you expect to complete? <ISCED level 3B or C>
2018,estudiantes,ST225Q03HA,ST225Q03HA,Do you expect to complete? <ISCED level 3A>
2018,estudiantes,ST225Q04HA,ST225Q04HA,Do you expect to complete? <ISCED level 4>
2018,estudiantes,ST225Q05HA,ST225Q05HA,Do you expect to complete? <ISCED level 5B>
2018,estudiantes,ST225Q06HA,ST225Q06HA,Do you expect to complete? <ISCED level 5A or 6>
2018,estudiantes,ST181Q02HA,ST181Q02HA,Agree: I enjoy working in situations involving competition with others.
2018,estudiantes,ST181Q03HA,ST181Q03HA,Agree: It is important for me to perform better than other people on a task.
2018,estudiantes,ST181Q04HA,ST181Q04HA,Agree: I try harder when I’m in competition with other people.
2018,estudiantes,ST182Q03HA,ST182Q03HA,Agree: I find satisfaction in working as hard as I can.
2018,estudiantes,ST182Q04HA,ST182Q04HA,"Agree: Once I start a task, I persist until it is finished."
2018,estudiantes,ST182Q05HA,ST182Q05HA,Agree: Part of the enjoyment I get from doing things is when I improve on my past performance.
2018,estudiantes,ST182Q06HA,ST182Q06HA,"Agree: If I am not good at something, I would rather keep struggling to master it than move on to something I may [...]"
2018,estudiantes,ST183Q01HA,ST183Q01HA,"Agree: When I am failing, I worry about what others think of me."
2018,estudiantes,ST183Q02HA,ST183Q02HA,"Agree: When I am failing, I am afraid that I might not have enough talent."
2018,estudiantes,ST183Q03HA,ST183Q03HA,"Agree: When I am failing, this makes me doubt my plans for the future."
2018,estudiantes,ST184Q01HA,ST184Q01HA,Agree: Your intelligence is something about you that you can't change very much.
2018,estudiantes,ST185Q01HA,ST185Q01HA,Agree: My life has clear meaning or purpose.
2018,estudiantes,ST185Q02HA,ST185Q02HA,Agree: I have discovered a satisfactory meaning in life.
2018,estudiantes,ST185Q03HA,ST185Q03HA,Agree: I have a clear sense of what gives meaning to my life.
2018,estudiantes,ST186Q05HA,ST186Q05HA,Thinking about yourself and how you normally feel: how often do you feel as described below? Happy
2018,estudiantes,ST186Q06HA,ST186Q06HA,Thinking about yourself and how you normally feel: how often do you feel as described below? Scared
2018,estudiantes,ST186Q07HA,ST186Q07HA,Thinking about yourself and how you normally feel: how often do you feel as described below? Lively
2018,estudiantes,ST186Q10HA,ST186Q10HA,Thinking about yourself and how you normally feel: how often do you feel as described below? Miserable
2018,estudiantes,ST186Q09HA,ST186Q09HA,Thinking about yourself and how you normally feel: how often do you feel as described below? Proud
2018,estudiantes,ST186Q02HA,ST186Q02HA,Thinking about yourself and how you normally feel: how often do you feel as described below? Afraid
2018,estudiantes,ST186Q01HA,ST186Q01HA,Thinking about yourself and how you normally feel: how often do you feel as described below? Joyful
2018,estudiantes,ST186Q08HA,ST186Q08HA,Thinking about yourself and how you normally feel: how often do you feel as described below? Sad
2018,estudiantes,ST186Q03HA,ST186Q03HA,Thinking about yourself and how you normally feel: how often do you feel as described below? Cheerful
2018,estudiantes,ST208Q01HA,ST208Q01HA,How true for you: My goal is to learn as much as possible.
2018,estudiantes,ST208Q02HA,ST208Q02HA,How true for you: My goal is to completely master the material presented in my classes.
2018,estudiantes,ST208Q04HA,ST208Q04HA,How true for you: My goal is to understand the content of my classes as thoroughly as possible.
2018,estudiantes,ST188Q01HA,ST188Q01HA,Agree: I usually manage one way or another.
2018,estudiantes,ST188Q02HA,ST188Q02HA,Agree: I feel proud that I have accomplished things.
2018,estudiantes,ST188Q03HA,ST188Q03HA,Agree: I feel that I can handle many things at a time.
2018,estudiantes,ST188Q06HA,ST188Q06HA,Agree: My belief in myself gets me through hard times.
2018,estudiantes,ST188Q07HA,ST188Q07HA,"Agree: When I’m in a difficult situation, I can usually find my way out of it."
2018,estudiantes,ST034Q01TA,ST034Q01TA,Thinking about your school: I feel like an outsider (or left out of things) at school.
2018,estudiantes,ST034Q02TA,ST034Q02TA,Thinking about your school: I make friends easily at school.
2018,estudiantes,ST034Q03TA,ST034Q03TA,Thinking about your school: I feel like I belong at school.
2018,estudiantes,ST034Q04TA,ST034Q04TA,Thinking about your school: I feel awkward and out of place in my school.
2018,estudiantes,ST034Q05TA,ST034Q05TA,Thinking about your school: Other students seem to like me.
2018,estudiantes,ST034Q06TA,ST034Q06TA,Thinking about your school: I feel lonely at school.
2018,estudiantes,ST196Q02HA,ST196Q02HA,How easy to perform on your own: Explain how carbon-dioxide emissions affect global climate change
2018,estudiantes,ST196Q03HA,ST196Q03HA,How easy to perform on your own: Establish a connection between prices of textiles and working conditions in the [...]
2018,estudiantes,ST196Q04HA,ST196Q04HA,How easy to perform on your own: Discuss the different reasons why people become refugees
2018,estudiantes,ST196Q05HA,ST196Q05HA,How easy to perform on your own: Explain why some countries suffer more from global climate change than others
2018,estudiantes,ST196Q06HA,ST196Q06HA,How easy to perform on your own: Explain how economic crises in single countries affect the global economy
2018,estudiantes,ST196Q07HA,ST196Q07HA,How easy to perform on your own: Discuss the consequences of economic development on the environment
2018,estudiantes,ST197Q01HA,ST197Q01HA,How informed are you about the following topics? Climate change and global warming
2018,estudiantes,ST197Q02HA,ST197Q02HA,How informed are you about the following topics? Global health (e.g. epidemics)
2018,estudiantes,ST197Q04HA,ST197Q04HA,How informed are you about the following topics? Migration (movement of people)
2018,estudiantes,ST197Q07HA,ST197Q07HA,How informed are you about the following topics? International conflicts
2018,estudiantes,ST197Q08HA,ST197Q08HA,How informed are you about the following topics? Hunger or malnutrition in different parts of the world
2018,estudiantes,ST197Q09HA,ST197Q09HA,How informed are you about the following topics? Causes of poverty
2018,estudiantes,ST197Q12HA,ST197Q12HA,How informed are you about the following topics? Equality between men and women in different parts of the world
2018,estudiantes,ST215Q01HA,ST215Q01HA,How well does the following describe you: I try to look at everybody's side of a disagreement before I make a decision.
2018,estudiantes,ST215Q02HA,ST215Q02HA,How well does the following describe you: I believe that there are two sides to every question and try to look at [...]
2018,estudiantes,ST215Q03HA,ST215Q03HA,How well does the following describe you: I sometimes try to understand my friends better by imagining how things [...]
2018,estudiantes,ST215Q04HA,ST215Q04HA,"How well does the following describe you: Before criticizing somebody, I try to imagine how I would feel if I were [...]"
2018,estudiantes,ST215Q05HA,ST215Q05HA,"How well does the following describe you: When I'm upset at someone, I try to take the perspective of that person [...]"
2018,estudiantes,ST216Q01HA,ST216Q01HA,How well does the following describe you: I can deal with unusual situations.
2018,estudiantes,ST216Q02HA,ST216Q02HA,How well does the following describe you: I can change my behaviour to meet the needs of new situations.
2018,estudiantes,ST216Q03HA,ST216Q03HA,How well does the following describe you: I can adapt to different situations even when under stress or pressure.
2018,estudiantes,ST216Q04HA,ST216Q04HA,How well does the following describe you: I can adapt easily to a new culture.
2018,estudiantes,ST216Q05HA,ST216Q05HA,"How well does the following describe you: When encountering difficult situations with other people, I can think of [...]"
2018,estudiantes,ST216Q06HA,ST216Q06HA,How well does the following describe you: I am capable of overcoming my difficulties in interacting with people [...]
2018,estudiantes,ST218Q01HA,ST218Q01HA,Intercultural communication: I carefully observe their reactions.
2018,estudiantes,ST218Q02HA,ST218Q02HA,Intercultural communication: I frequently check that we are understanding each other correctly.
2018,estudiantes,ST218Q03HA,ST218Q03HA,Intercultural communication: I listen carefully to what they say.
2018,estudiantes,ST218Q04HA,ST218Q04HA,Intercultural communication: I choose my words carefully.
2018,estudiantes,ST218Q05HA,ST218Q05HA,Intercultural communication: I give concrete examples to explain my ideas.
2018,estudiantes,ST218Q06HA,ST218Q06HA,Intercultural communication: I explain things very carefully.
2018,estudiantes,ST218Q07HA,ST218Q07HA,"Intercultural communication: If there is a problem with communication, I find ways around it [...]"
2018,estudiantes,ST222Q01HA,ST222Q01HA,Involved in: I reduce the energy I use at home [...] to protect the environment.
2018,estudiantes,ST222Q03HA,ST222Q03HA,"Involved in: I choose certain products for ethical or environmental reasons, even if they are a bit more expensive."
2018,estudiantes,ST222Q04HA,ST222Q04HA,Involved in: I sign environmental or social petitions online.
2018,estudiantes,ST222Q05HA,ST222Q05HA,Involved in: I keep myself informed about world events via <Twitter> or <Facebook>.
2018,estudiantes,ST222Q06HA,ST222Q06HA,"Involved in: I boycott products or companies for political, ethical or environmental reasons."
2018,estudiantes,ST222Q08HA,ST222Q08HA,Involved in: I participate in activities promoting equality between men and women.
2018,estudiantes,ST222Q09HA,ST222Q09HA,Involved in: I participate in activities in favour of environmental protection.
2018,estudiantes,ST222Q10HA,ST222Q10HA,"Involved in: I regularly read websites on international social issues (e.g. poverty, human rights)."
2018,estudiantes,ST214Q01HA,ST214Q01HA,How well does the following describe you: I want to learn how people live in different countries.
2018,estudiantes,ST214Q02HA,ST214Q02HA,How well does the following describe you: I want to learn more about the religions of the world.
2018,estudiantes,ST214Q03HA,ST214Q03HA,How well does the following describe you: I am interested in how people from various cultures see the world.
2018,estudiantes,ST214Q06HA,ST214Q06HA,How well does the following describe you: I am interested in finding out about the traditions of other cultures.
2018,estudiantes,ST220Q01HA,ST220Q01HA,Do you have contact with people from other countries? In your family
2018,estudiantes,ST220Q02HA,ST220Q02HA,Do you have contact with people from other countries? At school
2018,estudiantes,ST220Q03HA,ST220Q03HA,Do you have contact with people from other countries? In your neighbourhood
2018,estudiantes,ST220Q04HA,ST220Q04HA,Do you have contact with people from other countries? In your circle of friends
2018,estudiantes,ST217Q01HA,ST217Q01HA,How well does the following describe you: I respect people from other cultures as equal human beings.
2018,estudiantes,ST217Q02HA,ST217Q02HA,How well does the following describe you: I treat all people with respect regardless of their cultural background.
2018,estudiantes,ST217Q03HA,ST217Q03HA,How well does the following describe you: I give space to people from other cultures to express themselves.
2018,estudiantes,ST217Q04HA,ST217Q04HA,How well does the following describe you: I respect the values of people from different cultures.
2018,estudiantes,ST217Q05HA,ST217Q05HA,How well does the following describe you: I value the opinions of people from different cultures.
2018,estudiantes,ST219Q01HA,ST219Q01HA,Agree: I think of myself as a citizen of the world.
2018,estudiantes,ST219Q02HA,ST219Q02HA,"Agree: When I see the poor conditions that some people in the world live under, I feel a responsibility to do [...]"
2018,estudiantes,ST219Q03HA,ST219Q03HA,Agree: I think my behaviour can impact people in other countries.
2018,estudiantes,ST219Q04HA,ST219Q04HA,Agree: It is right to boycott companies that are known to provide poor workplace conditions for their employees.
2018,estudiantes,ST219Q05HA,ST219Q05HA,Agree: I can do something about the problems of the world.
2018,estudiantes,ST219Q06HA,ST219Q06HA,Agree: Looking after the global environment is important to me.
2018,estudiantes,ST204Q02HA,ST204Q02HA,Agree: Immigrant children should have the same opportunities for education that other children in the country have.
2018,estudiantes,ST204Q03HA,ST204Q03HA,Agree: Immigrants who live in a country for several years should have the opportunity to vote in elections.
2018,estudiantes,ST204Q04HA,ST204Q04HA,Agree: Immigrants should have the opportunity to continue their own customs and lifestyle.
2018,estudiantes,ST204Q05HA,ST204Q05HA,Agree: Immigrants should have all the same rights that everyone else in the country has.
2018,estudiantes,ST177Q01HA,ST177Q01HA,How many languages [...] do you and your parents speak well enough to converse with others? You
2018,estudiantes,ST177Q02HA,ST177Q02HA,How many languages [...] do you and your parents speak well enough to converse with others? Your mother
2018,estudiantes,ST177Q03HA,ST177Q03HA,How many languages [...] do you and your parents speak well enough to converse with others? Your father
2018,estudiantes,ST189Q01HA,ST189Q01HA,How many foreign languages do you learn at your school this school year?
2018,estudiantes,ST221Q01HA,ST221Q01HA,At school: I learn about the interconnectedness of countries’ economies.
2018,estudiantes,ST221Q02HA,ST221Q02HA,At school: I learn how to solve conflicts with other people in our classrooms.
2018,estudiantes,ST221Q03HA,ST221Q03HA,At school: I learn about different cultures.
2018,estudiantes,ST221Q04HA,ST221Q04HA,"At school: We read newspapers, look for news on the Internet or watch the news together during classes."
2018,estudiantes,ST221Q05HA,ST221Q05HA,At school: I am often invited by my teachers to give my personal opinion about international news.
2018,estudiantes,ST221Q06HA,ST221Q06HA,At school: I participate in events celebrating cultural diversity throughout the school year.
2018,estudiantes,ST221Q07HA,ST221Q07HA,At school: I participate in classroom discussions about world events as part of the regular instruction.
2018,estudiantes,ST221Q08HA,ST221Q08HA,At school: I analyse global issues together with my classmates in small groups during class.
2018,estudiantes,ST221Q09HA,ST221Q09HA,At school: I learn how people from different cultures can have different perspectives on some issues.
2018,estudiantes,ST221Q11HA,ST221Q11HA,At school: I learn how to communicate with people from different backgrounds.
2018,estudiantes,ST223Q02HA,ST223Q02HA,Teachers in your school: They have misconceptions about the history of some cultural groups.
2018,estudiantes,ST223Q04HA,ST223Q04HA,Teachers in your school: They say negative things about people of some cultural groups.
2018,estudiantes,ST223Q05HA,ST223Q05HA,Teachers in your school: They blame people of some cultural groups for problems faced by <country of test>.
2018,estudiantes,ST223Q08HA,ST223Q08HA,Teachers in your school: They have lower academic expectations for students of some cultural groups.
2018,estudiantes,ST123Q02NA,ST123Q02NA,Thinking about <this academic year>: My parents support my educational efforts and achievements.
2018,estudiantes,ST123Q03NA,ST123Q03NA,Thinking about <this academic year>: My parents support me when I am facing difficulties at school.
2018,estudiantes,ST123Q04NA,ST123Q04NA,Thinking about <this academic year>: My parents encourage me to be confident.
2018,estudiantes,ST205Q01HA,ST205Q01HA,"Think about your school, how true: Students seem to value competition."
2018,estudiantes,ST205Q02HA,ST205Q02HA,"Think about your school, how true: It seems that students are competing with each other."
2018,estudiantes,ST205Q03HA,ST205Q03HA,"Think about your school, how true: Students seem to share the feeling that competing with each other is important."
2018,estudiantes,ST205Q04HA,ST205Q04HA,"Think about your school, how true: Students feel that they are being compared with others."
2018,estudiantes,ST059Q01TA,ST059Q01TA,Typically required to attend: Number of <class periods> per week in <test language lessons>
2018,estudiantes,ST059Q02TA,ST059Q02TA,Typically required to attend: Number of <class periods> per week in mathematics
2018,estudiantes,ST059Q03TA,ST059Q03TA,Typically required to attend: Number of <class periods> per week in <science>
2018,estudiantes,ST059Q04HA,ST059Q04HA,Typically required to attend: Number of <class periods> per week in foreign language
2018,estudiantes,ST060Q01NA,ST060Q01NA,"In a normal, full week at school, how many <class periods> are you required to attend in total?"
2018,estudiantes,ST061Q01NA,ST061Q01NA,"How many minutes, on average, are there in a <class period>?"
2018,estudiantes,ST062Q01TA,ST062Q01TA,"In the last two full weeks of school, how often: I <skipped> a whole school day."
2018,estudiantes,ST062Q02TA,ST062Q02TA,"In the last two full weeks of school, how often: I <skipped> some classes."
2018,estudiantes,ST062Q03TA,ST062Q03TA,"In the last two full weeks of school, how often: I arrived late for school."
2018,estudiantes,ST038Q03NA,ST038Q03NA,"During the past 12 months, how often: Other students left me out of things on purpose."
2018,estudiantes,ST038Q04NA,ST038Q04NA,"During the past 12 months, how often: Other students made fun of me."
2018,estudiantes,ST038Q05NA,ST038Q05NA,"During the past 12 months, how often: I was threatened by other students."
2018,estudiantes,ST038Q06NA,ST038Q06NA,"During the past 12 months, how often: Other students took away or destroyed things that belonged to me."
2018,estudiantes,ST038Q07NA,ST038Q07NA,"During the past 12 months, how often: I got hit or pushed around by other students."
2018,estudiantes,ST038Q08NA,ST038Q08NA,"During the past 12 months, how often: Other students spread nasty rumours about me."
2018,estudiantes,ST207Q01HA,ST207Q01HA,Agree: It irritates me when nobody defends bullied students.
2018,estudiantes,ST207Q02HA,ST207Q02HA,Agree: It is a good thing to help students who can't defend themselves.
2018,estudiantes,ST207Q03HA,ST207Q03HA,Agree: It is a wrong thing to join in bullying.
2018,estudiantes,ST207Q04HA,ST207Q04HA,Agree: I feel bad seeing other students bullied.
2018,estudiantes,ST207Q05HA,ST207Q05HA,Agree: I like it when someone stands up for other students who are being bullied.
2018,estudiantes,ST206Q01HA,ST206Q01HA,"Think about your school, how true: Students seem to value cooperation."
2018,estudiantes,ST206Q02HA,ST206Q02HA,"Think about your school, how true: It seems that students are cooperating with each other."
2018,estudiantes,ST206Q03HA,ST206Q03HA,"Think about your school, how true: Students seem to share the feeling that cooperating with each other is important."
2018,estudiantes,ST206Q04HA,ST206Q04HA,"Think about your school, how true: Students feel that they are encouraged to cooperate with others."
2018,estudiantes,IC001Q01TA,IC001Q01TA,Available for you to use at home: Desktop computer
2018,estudiantes,IC001Q02TA,IC001Q02TA,"Available for you to use at home: Portable laptop, or notebook"
2018,estudiantes,IC001Q03TA,IC001Q03TA,"Available for you to use at home: <Tablet computer> (e.g. <iPad>, <BlackBerry PlayBook>)"
2018,estudiantes,IC001Q04TA,IC001Q04TA,Available for you to use at home: Internet connection
2018,estudiantes,IC001Q05TA,IC001Q05TA,"Available for you to use at home: <Video games console>, e.g. <Sony PlayStation>"
2018,estudiantes,IC001Q06TA,IC001Q06TA,Available for you to use at home: <Cell phone> (without Internet access)
2018,estudiantes,IC001Q07TA,IC001Q07TA,Available for you to use at home: <Cell phone> (with Internet access)
2018,estudiantes,IC001Q08TA,IC001Q08TA,"Available for you to use at home: Portable music player (Mp3/Mp4 player, iPod or similar)"
2018,estudiantes,IC001Q09TA,IC001Q09TA,Available for you to use at home: Printer
2018,estudiantes,IC001Q10TA,IC001Q10TA,Available for you to use at home: USB (memory) stick
2018,estudiantes,IC001Q11TA,IC001Q11TA,"Available for you to use at home: <ebook reader>, e.g. <Amazon Kindle>"
2018,estudiantes,IC009Q01TA,IC009Q01TA,Available for you to use at school: Desktop computer
2018,estudiantes,IC009Q02TA,IC009Q02TA,Available for you to use at school: Portable laptop or notebook
2018,estudiantes,IC009Q03TA,IC009Q03TA,"Available for you to use at school: <Tablet computer> (e.g. <iPad>, <BlackBerry PlayBook>)"
2018,estudiantes,IC009Q05NA,IC009Q05NA,Available for you to use at school: Internet connected school computers
2018,estudiantes,IC009Q06NA,IC009Q06NA,Available for you to use at school: Internet connection via wireless network
2018,estudiantes,IC009Q07NA,IC009Q07NA,"Available for you to use at school: Storage space for school-related data, e.g. a folder for own documents"
2018,estudiantes,IC009Q08TA,IC009Q08TA,Available for you to use at school: USB (memory) stick
2018,estudiantes,IC009Q09TA,IC009Q09TA,"Available for you to use at school: <ebook reader>, e.g. <Amazon Kindle>"
2018,estudiantes,IC009Q10NA,IC009Q10NA,"Available for you to use at school: Data projector, e.g. for slide presentations"
2018,estudiantes,IC009Q11NA,IC009Q11NA,"Available for you to use at school: Interactive Whiteboard, e.g. <Smartboard>"
2018,estudiantes,IC002Q01HA,IC002Q01HA,How old were you when you first used a digital device?
2018,estudiantes,IC004Q01HA,IC004Q01HA,How old were you when you first accessed the Internet?
2018,estudiantes,IC005Q01TA,IC005Q01TA,"During a typical weekday, for how long do you use the Internet at school?"
2018,estudiantes,IC006Q01TA,IC006Q01TA,"During a typical weekday, for how long do you use the Internet outside of school?"
2018,estudiantes,IC007Q01TA,IC007Q01TA,"On a typical weekend day, for how long do you use the Internet outside of school?"
2018,estudiantes,IC150Q01HA,IC150Q01HA,Time spent using digital devices during classroom lessons in a typical school week: <Test language lessons>
2018,estudiantes,IC150Q02HA,IC150Q02HA,Time spent using digital devices during classroom lessons in a typical school week: <Mathematics>
2018,estudiantes,IC150Q03HA,IC150Q03HA,Time spent using digital devices during classroom lessons in a typical school week: <Science>
2018,estudiantes,IC150Q04HA,IC150Q04HA,Time spent using digital devices during classroom lessons in a typical school week: <Foreign language>
2018,estudiantes,IC150Q05HA,IC150Q05HA,Time spent using digital devices during classroom lessons in a typical school week: <Social sciences>
2018,estudiantes,IC150Q06HA,IC150Q06HA,Time spent using digital devices during classroom lessons in a typical school week: Music
2018,estudiantes,IC150Q07HA,IC150Q07HA,Time spent using digital devices during classroom lessons in a typical school week: Sports
2018,estudiantes,IC150Q08HA,IC150Q08HA,Time spent using digital devices during classroom lessons in a typical school week: <Performing arts>
2018,estudiantes,IC150Q09HA,IC150Q09HA,Time spent using digital devices during classroom lessons in a typical school week: <Visual arts>
2018,estudiantes,IC151Q01HA,IC151Q01HA,Time spent using digital devices outside of classroom lessons in a typical school week: <Test language lessons>
2018,estudiantes,IC151Q02HA,IC151Q02HA,Time spent using digital devices outside of classroom lessons in a typical school week: <Mathematics>
2018,estudiantes,IC151Q03HA,IC151Q03HA,Time spent using digital devices outside of classroom lessons in a typical school week: <Science>
2018,estudiantes,IC151Q04HA,IC151Q04HA,Time spent using digital devices outside of classroom lessons in a typical school week: <Foreign language>
2018,estudiantes,IC151Q05HA,IC151Q05HA,Time spent using digital devices outside of classroom lessons in a typical school week: <Social sciences>
2018,estudiantes,IC151Q06HA,IC151Q06HA,Time spent using digital devices outside of classroom lessons in a typical school week: Music
2018,estudiantes,IC151Q07HA,IC151Q07HA,Time spent using digital devices outside of classroom lessons in a typical school week: Sports
2018,estudiantes,IC151Q08HA,IC151Q08HA,Time spent using digital devices outside of classroom lessons in a typical school week: <Performing arts>
2018,estudiantes,IC151Q09HA,IC151Q09HA,Time spent using digital devices outside of classroom lessons in a typical school week: <Visual arts>
2018,estudiantes,IC152Q01HA,IC152Q01HA,Digital device used for learning or teaching during lessons within the last month: <Test language lessons>
2018,estudiantes,IC152Q02HA,IC152Q02HA,Digital device used for learning or teaching during lessons within the last month: <Mathematics>
2018,estudiantes,IC152Q03HA,IC152Q03HA,Digital device used for learning or teaching during lessons within the last month: <Science>
2018,estudiantes,IC152Q04HA,IC152Q04HA,Digital device used for learning or teaching during lessons within the last month: <Foreign language>
2018,estudiantes,IC152Q05HA,IC152Q05HA,Digital device used for learning or teaching during lessons within the last month: <Social sciences>
2018,estudiantes,IC152Q06HA,IC152Q06HA,Digital device used for learning or teaching during lessons within the last month: Music
2018,estudiantes,IC152Q07HA,IC152Q07HA,Digital device used for learning or teaching during lessons within the last month: Sports
2018,estudiantes,IC152Q08HA,IC152Q08HA,Digital device used for learning or teaching during lessons within the last month: <Performing arts>
2018,estudiantes,IC152Q09HA,IC152Q09HA,Digital device used for learning or teaching during lessons within the last month: <Visual arts>
2018,estudiantes,IC008Q01TA,IC008Q01TA,Use digital devices outside of school: Playing one-player games.
2018,estudiantes,IC008Q02TA,IC008Q02TA,Use digital devices outside of school: Playing collaborative online games.
2018,estudiantes,IC008Q03TA,IC008Q03TA,Use digital devices outside of school: Using email.
2018,estudiantes,IC008Q04TA,IC008Q04TA,Use digital devices outside of school: <Chatting online> (e.g. <MSN>).
2018,estudiantes,IC008Q05TA,IC008Q05TA,"Use digital devices outside of school: Participating in Social Networks (e.g. <Facebook>, <MySpace>)."
2018,estudiantes,IC008Q07NA,IC008Q07NA,"Use digital devices outside of school: Playing online games via Social Networks (e.g. <Farmville>, <The Sims Social>)."
2018,estudiantes,IC008Q08TA,IC008Q08TA,"Use digital devices outside of school: Browsing the Internet for fun (such as watching videos, e.g. <YouTube>)."
2018,estudiantes,IC008Q09TA,IC008Q09TA,Use digital devices outside of school: Reading news on the Internet (e.g. current affairs).
2018,estudiantes,IC008Q10TA,IC008Q10TA,Use digital devices outside of school: Obtaining practical information from the Internet [...]
2018,estudiantes,IC008Q11TA,IC008Q11TA,"Use digital devices outside of school: Downloading music, films, games or software from the Internet."
2018,estudiantes,IC008Q12TA,IC008Q12TA,Use digital devices outside of school: Uploading your own created contents for sharing [...]
2018,estudiantes,IC008Q13NA,IC008Q13NA,Use digital devices outside of school: Downloading new apps on a mobile device.
2018,estudiantes,IC010Q01TA,IC010Q01TA,Use digital devices outside of school: Browsing the Internet for schoolwork [...]
2018,estudiantes,IC010Q02NA,IC010Q02NA,"Use digital devices outside of school: Browsing the Internet to follow up lessons, e.g. for finding explanations."
2018,estudiantes,IC010Q03TA,IC010Q03TA,Use digital devices outside of school: Using email for communication with other students about schoolwork.
2018,estudiantes,IC010Q04TA,IC010Q04TA,Use digital devices outside of school: Using email for communication with teachers and submission of homework or [...]
2018,estudiantes,IC010Q05NA,IC010Q05NA,Use digital devices outside of school: Using Social Networks for communication with other students about schoolwork.
2018,estudiantes,IC010Q06NA,IC010Q06NA,Use digital devices outside of school: Using Social Networks for communication with teachers [...]
2018,estudiantes,IC010Q07TA,IC010Q07TA,"Use digital devices outside of school: Downloading, uploading or browsing material from my school's website [...]"
2018,estudiantes,IC010Q08TA,IC010Q08TA,"Use digital devices outside of school: Checking the school's website for announcements, e.g. absence of teachers."
2018,estudiantes,IC010Q09NA,IC010Q09NA,Use digital devices outside of school: Doing homework on a computer.
2018,estudiantes,IC010Q10NA,IC010Q10NA,Use digital devices outside of school: Doing homework on a mobile device.
2018,estudiantes,IC010Q11HA,IC010Q11HA,Use digital devices outside of school: Using learning apps or learning websites on a computer.
2018,estudiantes,IC010Q12HA,IC010Q12HA,Use digital devices outside of school: Using learning apps or learning websites on a mobile device.
2018,estudiantes,IC011Q01TA,IC011Q01TA,Use digital devices at school: <Chatting on line> at school.
2018,estudiantes,IC011Q02TA,IC011Q02TA,Use digital devices at school: Using email at school.
2018,estudiantes,IC011Q03TA,IC011Q03TA,Use digital devices at school: Browsing the Internet for schoolwork.
2018,estudiantes,IC011Q04TA,IC011Q04TA,"Use digital devices at school: Downloading, uploading or browsing material from the school's website (e.g. <intranet>)."
2018,estudiantes,IC011Q05TA,IC011Q05TA,Use digital devices at school: Posting my work on the school's website.
2018,estudiantes,IC011Q06TA,IC011Q06TA,Use digital devices at school: Playing simulations at school.
2018,estudiantes,IC011Q07TA,IC011Q07TA,"Use digital devices at school: Practicing and drilling, foreign language learning or math."
2018,estudiantes,IC011Q08TA,IC011Q08TA,Use digital devices at school: Doing homework on a school computer.
2018,estudiantes,IC011Q09TA,IC011Q09TA,Use digital devices at school: Using school computers for group work and communication with other students.
2018,estudiantes,IC011Q10HA,IC011Q10HA,Use digital devices at school: Using learning apps or learning websites.
2018,estudiantes,IC013Q01NA,IC013Q01NA,Agree: I forget about time when I'm using digital devices.
2018,estudiantes,IC013Q04NA,IC013Q04NA,"Agree: The Internet is a great resource for obtaining information I am interested in (e.g. news, sports, dictionary)."
2018,estudiantes,IC013Q05NA,IC013Q05NA,Agree: It is very useful to have Social Networks on the Internet.
2018,estudiantes,IC013Q11NA,IC013Q11NA,Agree: I am really excited discovering new digital devices or applications.
2018,estudiantes,IC013Q12NA,IC013Q12NA,Agree: I really feel bad if no Internet connection is possible.
2018,estudiantes,IC013Q13NA,IC013Q13NA,Agree: I like using digital devices.
2018,estudiantes,IC014Q03NA,IC014Q03NA,Agree: I feel comfortable using digital devices that I am less familiar with.
2018,estudiantes,IC014Q04NA,IC014Q04NA,"Agree: If my friends and relatives want to buy new digital devices or applications, I can give them advice."
2018,estudiantes,IC014Q06NA,IC014Q06NA,Agree: I feel comfortable using my digital devices at home.
2018,estudiantes,IC014Q08NA,IC014Q08NA,"Agree: When I come across problems with digital devices, I think I can solve them."
2018,estudiantes,IC014Q09NA,IC014Q09NA,"Agree: If my friends and relatives have a problem with digital devices, I can help them."
2018,estudiantes,IC015Q02NA,IC015Q02NA,"Agree: If I need new software, I install it by myself."
2018,estudiantes,IC015Q03NA,IC015Q03NA,Agree: I read information about digital devices to be independent.
2018,estudiantes,IC015Q05NA,IC015Q05NA,Agree: I use digital devices as I want to use them.
2018,estudiantes,IC015Q07NA,IC015Q07NA,Agree: If I have a problem with digital devices I start to solve it on my own.
2018,estudiantes,IC015Q09NA,IC015Q09NA,"Agree: If I need a new application, I choose it by myself."
2018,estudiantes,IC016Q01NA,IC016Q01NA,"Agree: To learn something new about digital devices, I like to talk about them with my friends."
2018,estudiantes,IC016Q02NA,IC016Q02NA,Agree: I like to exchange solutions to problems with digital devices with others on the Internet.
2018,estudiantes,IC016Q04NA,IC016Q04NA,Agree: I like to meet friends and play computer and video games with them.
2018,estudiantes,IC016Q05NA,IC016Q05NA,Agree: I like to share information about digital devices with my friends.
2018,estudiantes,IC016Q07NA,IC016Q07NA,Agree: I learn a lot about digital media by discussing with my friends and relatives.
2018,estudiantes,IC169Q01HA,IC169Q01HA,"Which of the following statements best describes how you read the news (e.g. politics, culture, sport, local news)?"
2018,estudiantes,EC031Q01TA,EC031Q01TA,Did you change schools when you were attending <ISCED 1>?
2018,estudiantes,EC032Q01TA,EC032Q01TA,Did you change schools when you were attending <ISCED 2>?
2018,estudiantes,EC033Q01NA,EC033Q01NA,Have you ever changed your <study programme>?
2018,estudiantes,EC150Q01WA,EC150Q01WA,Find out about future study or types of work: I did an internship.
2018,estudiantes,EC150Q02WA,EC150Q02WA,Find out about future study or types of work: I attended <job shadowing or work-site visits>.
2018,estudiantes,EC150Q03WA,EC150Q03WA,Find out about future study or types of work: I visited a <job fair>.
2018,estudiantes,EC150Q04WA,EC150Q04WA,Find out about future study or types of work: I spoke to a <career advisor> at my school.
2018,estudiantes,EC150Q05WA,EC150Q05WA,Find out about future study or types of work: I spoke to a <career advisor> outside of my school.
2018,estudiantes,EC150Q06WA,EC150Q06WA,Find out about future study or types of work: I completed a questionnaire to find out about my interests and abilities.
2018,estudiantes,EC150Q07WA,EC150Q07WA,Find out about future study or types of work: I researched the Internet for information about careers.
2018,estudiantes,EC150Q08WA,EC150Q08WA,Find out about future study or types of work: I went to an organised tour in an <ISCED 3-5> institution.
2018,estudiantes,EC150Q09WA,EC150Q09WA,Find out about future study or types of work: I researched the Internet for information about <ISCED 3-5> programmes.
2018,estudiantes,EC150Q10WA,EC150Q10WA,Find out about future study or types of work: <country specific item>
2018,estudiantes,EC151Q01WA,EC151Q01WA,"Acquired skills: How to find information on jobs I am interested in. Yes, at school"
2018,estudiantes,EC151Q01WB,EC151Q01WB,"Acquired skills: How to find information on jobs I am interested in. Yes, out of school"
2018,estudiantes,EC151Q01WC,EC151Q01WC,"Acquired skills: How to find information on jobs I am interested in. No, never"
2018,estudiantes,EC151Q02WA,EC151Q02WA,"Acquired skills: How to search for a job. Yes, at school"
2018,estudiantes,EC151Q02WB,EC151Q02WB,"Acquired skills: How to search for a job. Yes, out of school"
2018,estudiantes,EC151Q02WC,EC151Q02WC,"Acquired skills: How to search for a job. No, never"
2018,estudiantes,EC151Q03WA,EC151Q03WA,"Acquired skills: How to write a <résumé> or a summary of my qualifications. Yes, at school"
2018,estudiantes,EC151Q03WB,EC151Q03WB,"Acquired skills: How to write a <résumé> or a summary of my qualifications. Yes, out of school"
2018,estudiantes,EC151Q03WC,EC151Q03WC,"Acquired skills: How to write a <résumé> or a summary of my qualifications. No, never"
2018,estudiantes,EC151Q04WA,EC151Q04WA,"Acquired skills: How to prepare for a job interview. Yes, at school"
2018,estudiantes,EC151Q04WB,EC151Q04WB,"Acquired skills: How to prepare for a job interview. Yes, out of school"
2018,estudiantes,EC151Q04WC,EC151Q04WC,"Acquired skills: How to prepare for a job interview. No, never"
2018,estudiantes,EC151Q05WA,EC151Q05WA,"Acquired skills: How to find information on student financing (e.g. student loans or grants). Yes, at school"
2018,estudiantes,EC151Q05WB,EC151Q05WB,"Acquired skills: How to find information on student financing (e.g. student loans or grants). Yes, out of school"
2018,estudiantes,EC151Q05WC,EC151Q05WC,"Acquired skills: How to find information on student financing (e.g. student loans or grants). No, never"
2018,estudiantes,EC152Q01HA,EC152Q01HA,What do you think you will be doing 5 years from now?
2018,estudiantes,EC153Q01HA,EC153Q01HA,Importance for decisions about future occupation: My parents' or guardians' expectations about my occupation
2018,estudiantes,EC153Q02HA,EC153Q02HA,Importance for decisions about future occupation: The plans my close friends have for their future
2018,estudiantes,EC153Q03HA,EC153Q03HA,Importance for decisions about future occupation: My school grades
2018,estudiantes,EC153Q04HA,EC153Q04HA,Importance for decisions about future occupation: The school subjects I am good at
2018,estudiantes,EC153Q05HA,EC153Q05HA,Importance for decisions about future occupation: My special talents
2018,estudiantes,EC153Q06HA,EC153Q06HA,Importance for decisions about future occupation: My hobbies
2018,estudiantes,EC153Q07HA,EC153Q07HA,Importance for decisions about future occupation: The social status of the occupation I want
2018,estudiantes,EC153Q08HA,EC153Q08HA,Importance for decisions about future occupation: Financial support for education or training
2018,estudiantes,EC153Q09HA,EC153Q09HA,Importance for decisions about future occupation: Education or training options for the occupation I want
2018,estudiantes,EC153Q10HA,EC153Q10HA,Importance for decisions about future occupation: Employment opportunities for the occupation I want
2018,estudiantes,EC153Q11HA,EC153Q11HA,Importance for decisions about future occupation: The expected salary of the occupation I want
2018,estudiantes,EC160Q01HA,EC160Q01HA,"If you had the opportunity to participate in a student exchange programme [...], would you like to take part?"
2018,estudiantes,EC158Q01HA,EC158Q01HA,"On the most recent day you attended school, how long did you study in the morning before going to school? Hours"
2018,estudiantes,EC158Q02HA,EC158Q02HA,"On the most recent day you attended school, how long did you study in the morning before going to school? Minutes"
2018,estudiantes,EC159Q01HA,EC159Q01HA,"On the most recent day you attended school, how long did you study after leaving school? Hours"
2018,estudiantes,EC159Q02HA,EC159Q02HA,"On the most recent day you attended school, how long did you study after leaving school? Minutes"
2018,estudiantes,EC163Q01HA,EC163Q01HA,Why did you study before or after school? I was interested in the content.
2018,estudiantes,EC163Q02HA,EC163Q02HA,Why did you study before or after school? We have a test coming up soon.
2018,estudiantes,EC163Q03HA,EC163Q03HA,Why did you study before or after school? My parents think studying is important.
2018,estudiantes,EC163Q04HA,EC163Q04HA,Why did you study before or after school? I had a homework assignment.
2018,estudiantes,EC163Q05HA,EC163Q05HA,Why did you study before or after school? All my classmates study before or after school.
2018,estudiantes,EC163Q06HA,EC163Q06HA,Why did you study before or after school? I always study.
2018,estudiantes,EC163Q07HA,EC163Q07HA,Why did you study before or after school? Other reason.
2018,estudiantes,EC162Q01HA,EC162Q01HA,Why didn't you study before or after school? I had no time to study.
2018,estudiantes,EC162Q02HA,EC162Q02HA,Why didn't you study before or after school? I was not interested in the content.
2018,estudiantes,EC162Q03HA,EC162Q03HA,Why didn't you study before or after school? There is no test coming up soon.
2018,estudiantes,EC162Q04HA,EC162Q04HA,Why didn't you study before or after school? Nobody told me I have to study.
2018,estudiantes,EC162Q05HA,EC162Q05HA,Why didn't you study before or after school? I had no homework assignment.
2018,estudiantes,EC162Q06HA,EC162Q06HA,Why didn't you study before or after school? None of my classmates study before or after school.
2018,estudiantes,EC162Q07HA,EC162Q07HA,Why didn't you study before or after school? I never study.
2018,estudiantes,EC162Q08HA,EC162Q08HA,Why didn't you study before or after school? Other reason.
2018,estudiantes,EC154Q01IA,EC154Q01IA,Do you currently attend additional instruction? [Enrichment lessons] in [Test language]
2018,estudiantes,EC154Q02IA,EC154Q02IA,Do you currently attend additional instruction? [Enrichment lessons] in mathematics
2018,estudiantes,EC154Q03IA,EC154Q03IA,Do you currently attend additional instruction? [Enrichment lessons] in [science]
2018,estudiantes,EC154Q04HA,EC154Q04HA,Do you currently attend additional instruction? [Enrichment lessons] in foreign language
2018,estudiantes,EC154Q05IA,EC154Q05IA,Do you currently attend additional instruction? [Remedial lessons] in [Test language]
2018,estudiantes,EC154Q06IA,EC154Q06IA,Do you currently attend additional instruction? [Remedial lessons] in mathematics
2018,estudiantes,EC154Q07IA,EC154Q07IA,Do you currently attend additional instruction? [Remedial lessons] in [science]
2018,estudiantes,EC154Q08HA,EC154Q08HA,Do you currently attend additional instruction? [Remedial lessons] in foreign language
2018,estudiantes,EC154Q09IA,EC154Q09IA,Do you currently attend additional instruction? Lessons to improve your [study skills]
2018,estudiantes,EC012Q01NA,EC012Q01NA,Why do you attend additional instruction in <test language> this school year? I want to learn more.
2018,estudiantes,EC012Q02NA,EC012Q02NA,Why do you attend additional instruction in <test language> this school year? I want to prepare for exams.
2018,estudiantes,EC012Q04NA,EC012Q04NA,Why do you attend additional instruction in <test language> this school year? My parents wanted me to attend.
2018,estudiantes,EC012Q06NA,EC012Q06NA,Why do you attend additional instruction in <test language> this school year? My teachers recommend it.
2018,estudiantes,EC012Q07NA,EC012Q07NA,Why do you attend additional instruction in <test language> this school year? I want to improve my grades.
2018,estudiantes,EC012Q08NA,EC012Q08NA,Why do you attend additional instruction in <test language> this school year? I need to improve my grades.
2018,estudiantes,EC012Q13HA,EC012Q13HA,Why do you attend additional instruction in [Test language] this school year? It was helpful for me in the past.
2018,estudiantes,EC012Q12NA,EC012Q12NA,Why do you attend additional instruction in <test language> this school year? Other reason.
2018,estudiantes,EC155Q01DA,EC155Q01DA,How often do the following people work with you on your schoolwork? Your mother
2018,estudiantes,EC155Q02DA,EC155Q02DA,How often do the following people work with you on your schoolwork? Your father
2018,estudiantes,EC155Q03DA,EC155Q03DA,How often do the following people work with you on your schoolwork? Your brothers and sisters
2018,estudiantes,EC155Q04HA,EC155Q04HA,How often do the following people work with you on your schoolwork? Other relatives
2018,estudiantes,EC155Q05HA,EC155Q05HA,How often do the following people work with you on your schoolwork? Other person
2018,estudiantes,WB150Q01HA,WB150Q01HA,How is your health?
2018,estudiantes,WB151Q01HA,WB151Q01HA,How much do you weigh? (kilograms)
2018,estudiantes,WB152Q01HA,WB152Q01HA,How tall are you? (centimeters)
2018,estudiantes,WB153Q01HA,WB153Q01HA,Agree: I like my look just the way it is.
2018,estudiantes,WB153Q02HA,WB153Q02HA,Agree: I consider myself to be attractive.
2018,estudiantes,WB153Q03HA,WB153Q03HA,Agree: I am not concerned about my weight.
2018,estudiantes,WB153Q04HA,WB153Q04HA,Agree: I like my body.
2018,estudiantes,WB153Q05HA,WB153Q05HA,Agree: I like the way my clothes fit me.
2018,estudiantes,WB154Q01HA,WB154Q01HA,"In the past six months, how often have you had the following? Headache"
2018,estudiantes,WB154Q02HA,WB154Q02HA,"In the past six months, how often have you had the following? Stomach pain"
2018,estudiantes,WB154Q03HA,WB154Q03HA,"In the past six months, how often have you had the following? Back pain"
2018,estudiantes,WB154Q04HA,WB154Q04HA,"In the past six months, how often have you had the following? Feeling depressed"
2018,estudiantes,WB154Q05HA,WB154Q05HA,"In the past six months, how often have you had the following? Irritability or bad temper"
2018,estudiantes,WB154Q06HA,WB154Q06HA,"In the past six months, how often have you had the following? Feeling nervous"
2018,estudiantes,WB154Q07HA,WB154Q07HA,"In the past six months, how often have you had the following? Difficulties in getting to sleep"
2018,estudiantes,WB154Q08HA,WB154Q08HA,"In the past six months, how often have you had the following? Feeling dizzy"
2018,estudiantes,WB154Q09HA,WB154Q09HA,"In the past six months, how often have you had the following? Feeling anxious"
2018,estudiantes,WB155Q01HA,WB155Q01HA,How satisfied are you with each of the following? Your health
2018,estudiantes,WB155Q02HA,WB155Q02HA,How satisfied are you with each of the following? The way that you look
2018,estudiantes,WB155Q03HA,WB155Q03HA,How satisfied are you with each of the following? What you learn at school
2018,estudiantes,WB155Q04HA,WB155Q04HA,How satisfied are you with each of the following? The friends you have
2018,estudiantes,WB155Q05HA,WB155Q05HA,How satisfied are you with each of the following? The neighbourhood you live in
2018,estudiantes,WB155Q06HA,WB155Q06HA,How satisfied are you with each of the following? All the things you have
2018,estudiantes,WB155Q07HA,WB155Q07HA,How satisfied are you with each of the following? How you use your time
2018,estudiantes,WB155Q08HA,WB155Q08HA,How satisfied are you with each of the following? Your relationship with your parents/guardians
2018,estudiantes,WB155Q09HA,WB155Q09HA,How satisfied are you with each of the following? Your relationship with your teachers
2018,estudiantes,WB155Q10HA,WB155Q10HA,How satisfied are you with each of the following? Your life at school
2018,estudiantes,WB156Q01HA,WB156Q01HA,"At present, how many close friends do you have?"
2018,estudiantes,WB158Q01HA,WB158Q01HA,How many days a week do you usually spend time with your friends right after school?
2018,estudiantes,WB160Q01HA,WB160Q01HA,"How often do you talk to your friends on the phone, send them text messages or have contact through social media?"
2018,estudiantes,WB161Q01HA,WB161Q01HA,Are your friends well accepted by your parents or guardians?
2018,estudiantes,WB162Q01HA,WB162Q01HA,How easy is it for you to talk to the following people about things that really bother you? Your father
2018,estudiantes,WB162Q02HA,WB162Q02HA,How easy is it for you to talk to the following people about things that really bother you? Your mother's partner
2018,estudiantes,WB162Q03HA,WB162Q03HA,How easy is it for you to talk to the following people about things that really bother you? Your mother
2018,estudiantes,WB162Q04HA,WB162Q04HA,How easy is it for you to talk to the following people about things that really bother you? Your father's partner
2018,estudiantes,WB162Q05HA,WB162Q05HA,How easy is it for you to talk to the following people about things that really bother you? Your brother(s)
2018,estudiantes,WB162Q06HA,WB162Q06HA,How easy is it for you to talk to the following people about things that really bother you? Your sister(s)
2018,estudiantes,WB162Q07HA,WB162Q07HA,How easy is it for you to talk to the following people about things that really bother you? Your close friend(s)
2018,estudiantes,WB162Q08HA,WB162Q08HA,How easy is it for you to talk to the following people about things that really bother you? Your teachers
2018,estudiantes,WB162Q09HA,WB162Q09HA,How easy is it for you to talk to the following people about things that really bother you? Other family members
2018,estudiantes,WB163Q01HA,WB163Q01HA,"Thinking about your parents or guardians, how often do they: Help me as much as I need"
2018,estudiantes,WB163Q02HA,WB163Q02HA,"Thinking about your parents or guardians, how often do they: Let me do the things I like doing"
2018,estudiantes,WB163Q03HA,WB163Q03HA,"Thinking about your parents or guardians, how often do they: Show that they care"
2018,estudiantes,WB163Q04HA,WB163Q04HA,"Thinking about your parents or guardians, how often do they: Try to understand my problems and worries"
2018,estudiantes,WB163Q05HA,WB163Q05HA,"Thinking about your parents or guardians, how often do they: Encourage me to make my own decisions"
2018,estudiantes,WB163Q06HA,WB163Q06HA,"Thinking about your parents or guardians, how often do they: Try to control everything I do"
2018,estudiantes,WB163Q07HA,WB163Q07HA,"Thinking about your parents or guardians, how often do they: Treat me like a baby"
2018,estudiantes,WB163Q08HA,WB163Q08HA,"Thinking about your parents or guardians, how often do they: Make me feel better when I am upset"
2018,estudiantes,WB164Q01HA,WB164Q01HA,How often do you worry about how much money your family has?
2018,estudiantes,WB165Q01HA,WB165Q01HA,When was the last time you attended a mathematics class at school?
2018,estudiantes,WB166Q01HA,WB166Q01HA,How did you feel the last time you attended a mathematics class at school? Bored
2018,estudiantes,WB166Q02HA,WB166Q02HA,How did you feel the last time you attended a mathematics class at school? Challenged
2018,estudiantes,WB166Q03HA,WB166Q03HA,How did you feel the last time you attended a mathematics class at school? Nervous or tense
2018,estudiantes,WB166Q04HA,WB166Q04HA,How did you feel the last time you attended a mathematics class at school? Motivated or inspired
2018,estudiantes,WB167Q01HA,WB167Q01HA,When was the last time you attended a [test language lesson] at school?
2018,estudiantes,WB168Q01HA,WB168Q01HA,How did you feel the last time you attended a [test language lesson] at school? Bored
2018,estudiantes,WB168Q02HA,WB168Q02HA,How did you feel the last time you attended a [test language lesson] at school? Challenged
2018,estudiantes,WB168Q03HA,WB168Q03HA,How did you feel the last time you attended a [test language lesson] at school? Nervous or tense
2018,estudiantes,WB168Q04HA,WB168Q04HA,How did you feel the last time you attended a [test language lesson] at school? Motivated or inspired
2018,estudiantes,WB171Q01HA,WB171Q01HA,Now think of the last time you had a break between classes at school. How did you feel? Happy
2018,estudiantes,WB171Q02HA,WB171Q02HA,Now think of the last time you had a break between classes at school. How did you feel? Lonely
2018,estudiantes,WB171Q03HA,WB171Q03HA,Now think of the last time you had a break between classes at school. How did you feel? Nervous or tense
2018,estudiantes,WB171Q04HA,WB171Q04HA,Now think of the last time you had a break between classes at school. How did you feel? Full of energy
2018,estudiantes,WB172Q01HA,WB172Q01HA,When was the last time you spent time outside your home with your friends?
2018,estudiantes,WB173Q01HA,WB173Q01HA,How did you feel the last time you spent time outside your home with your friends? Bored
2018,estudiantes,WB173Q02HA,WB173Q02HA,How did you feel the last time you spent time outside your home with your friends? Happy
2018,estudiantes,WB173Q03HA,WB173Q03HA,How did you feel the last time you spent time outside your home with your friends? Nervous or tense
2018,estudiantes,WB173Q04HA,WB173Q04HA,How did you feel the last time you spent time outside your home with your friends? Full of energy
2018,estudiantes,WB176Q01HA,WB176Q01HA,When was the very last time you did your homework/studied for school?
2018,estudiantes,WB177Q01HA,WB177Q01HA,How did you feel the last time you did your homework/studied for school? Bored
2018,estudiantes,WB177Q02HA,WB177Q02HA,How did you feel the last time you did your homework/studied for school? Challenged
2018,estudiantes,WB177Q03HA,WB177Q03HA,How did you feel the last time you did your homework/studied for school? Nervous or tense
2018,estudiantes,WB177Q04HA,WB177Q04HA,How did you feel the last time you did your homework/studied for school? Motivated or inspired
2018,estudiantes,WB032Q01NA,WB032Q01NA,"Outside of school, during the past 7 days, on how many days did you engage in: Moderate physical activities [...]"
2018,estudiantes,WB032Q02NA,WB032Q02NA,"Outside of school, during the past 7 days, on how many days did you engage in: Vigorous physical activities [...]"
2018,estudiantes,WB031Q01NA,WB031Q01NA,"This school year, on average, on how many days do you attend physical education classes each week?"
2018,estudiantes,WB178Q01HA,WB178Q01HA,"The following questions refer to your day yesterday: Overall, did you feel that you accomplished something yesterday?"
2018,estudiantes,WB178Q02HA,WB178Q02HA,The following questions refer to your day yesterday: Were you treated with respect all day yesterday?
2018,estudiantes,WB178Q03HA,WB178Q03HA,The following questions refer to your day yesterday: Did you smile or laugh a lot yesterday?
2018,estudiantes,WB178Q04HA,WB178Q04HA,The following questions refer to your day yesterday: Did you learn or do something interesting yesterday?
2018,estudiantes,WB178Q05HA,WB178Q05HA,The following questions refer to your day yesterday: Did you have enough energy to get things done yesterday?
2018,estudiantes,WB178Q06HA,WB178Q06HA,"The following questions refer to your day yesterday: Overall, are you satisfied with how you spent your time yesterday?"
2018,estudiantes,WB178Q07HA,WB178Q07HA,The following questions refer to your day yesterday: Was yesterday a typical day?
2018,estudiantes,FL150Q01TA,FL150Q01TA,"Learned how to manage your money in a course: At school, in a subject or course specifically about managing your money"
2018,estudiantes,FL150Q02TA,FL150Q02TA,Learned how to manage your money in a course: At school as part of another subject or course
2018,estudiantes,FL150Q03TA,FL150Q03TA,Learned how to manage your money in a course: In an activity outside school
2018,estudiantes,FL151Q01HA,FL151Q01HA,Text books used in the last 12 months: Have you had a specific text book on money matters?
2018,estudiantes,FL151Q02HA,FL151Q02HA,Text books used in the last 12 months: Have you had a text book on some other subject that discusses money matters?
2018,estudiantes,FL164Q01HA,FL164Q01HA,"School lessons in the last 12 months, have you heard of, or learnt about, the following term: Interest payment"
2018,estudiantes,FL164Q02HA,FL164Q02HA,"School lessons in the last 12 months, have you heard of, or learnt about, the following term: Compound interest"
2018,estudiantes,FL164Q03HA,FL164Q03HA,"School lessons in the last 12 months, have you heard of, or learnt about, the following term: Exchange rate"
2018,estudiantes,FL164Q04HA,FL164Q04HA,"School lessons in the last 12 months, have you heard of, or learnt about, the following term: Depreciation"
2018,estudiantes,FL164Q05HA,FL164Q05HA,"School lessons in the last 12 months, have you heard of, or learnt about, the following term: Shares/stocks"
2018,estudiantes,FL164Q06HA,FL164Q06HA,"School lessons in the last 12 months, have you heard of, or learnt about, the following term: Return on investment"
2018,estudiantes,FL164Q07HA,FL164Q07HA,"School lessons in the last 12 months, have you heard of, or learnt about, the following term: Dividend"
2018,estudiantes,FL164Q08HA,FL164Q08HA,"School lessons in the last 12 months, have you heard of, or learnt about, the following term: Diversification"
2018,estudiantes,FL164Q09HA,FL164Q09HA,"School lessons in the last 12 months, have you heard of, or learnt about, the following term: Debit card"
2018,estudiantes,FL164Q10HA,FL164Q10HA,"School lessons in the last 12 months, have you heard of, or learnt about, the following term: Bank loan"
2018,estudiantes,FL164Q11HA,FL164Q11HA,"School lessons in the last 12 months, have you heard of, or learnt about, the following term: Pension plan"
2018,estudiantes,FL164Q12HA,FL164Q12HA,"School lessons in the last 12 months, have you heard of, or learnt about, the following term: Budget"
2018,estudiantes,FL164Q13HA,FL164Q13HA,"School lessons in the last 12 months, have you heard of, or learnt about, the following term: Wage"
2018,estudiantes,FL164Q14HA,FL164Q14HA,"School lessons in the last 12 months, have you heard of, or learnt about, the following term: Entrepreneur"
2018,estudiantes,FL164Q15HA,FL164Q15HA,"School lessons in the last 12 months, have you heard of, or learnt about, the following term: Central bank"
2018,estudiantes,FL164Q16HA,FL164Q16HA,"School lessons in the last 12 months, have you heard of, or learnt about, the following term: Income tax"
2018,estudiantes,FL164Q17HA,FL164Q17HA,"School lessons in the last 12 months, have you heard of, or learnt about, the following term: Credit default swap"
2018,estudiantes,FL164Q18HA,FL164Q18HA,"School lessons in the last 12 months, have you heard of, or learnt about, the following term: Call option"
2018,estudiantes,FL165Q01HA,FL165Q01HA,Encountered types of problems about money matters: During your mathematics class
2018,estudiantes,FL165Q02HA,FL165Q02HA,Encountered types of problems about money matters: During another class
2018,estudiantes,FL165Q03HA,FL165Q03HA,Encountered types of problems about money matters: During [...] school time from an outside visitor [...]
2018,estudiantes,FL165Q04HA,FL165Q04HA,Encountered types of problems about money matters: During extra-curricular activity outside of school time
2018,estudiantes,FL166Q01HA,FL166Q01HA,Encountered in a school lesson in the last 12 months: Describing the purpose and uses of money
2018,estudiantes,FL166Q02HA,FL166Q02HA,Encountered in a school lesson in the last 12 months: Exploring the difference between spending money on needs and wants
2018,estudiantes,FL166Q03HA,FL166Q03HA,Encountered in a school lesson in the last 12 months: Exploring ways of planning to pay an expense
2018,estudiantes,FL166Q05HA,FL166Q05HA,Encountered in a school lesson in the last 12 months: Discussing the rights of consumers when dealing with [...]
2018,estudiantes,FL166Q06HA,FL166Q06HA,Encountered in a school lesson in the last 12 months: Discussing the ways in which money invested in the stock [...]
2018,estudiantes,FL166Q07HA,FL166Q07HA,Encountered in a school lesson in the last 12 months: Analysing advertisements to understand how they encourage [...]
2018,estudiantes,FL153Q01HA,FL153Q01HA,"Get information about money matters (spending, saving, banking, investment): Parents/guardians or other adult relations"
2018,estudiantes,FL153Q02HA,FL153Q02HA,"Get information about money matters (spending, saving, banking, investment): Friends"
2018,estudiantes,FL153Q03HA,FL153Q03HA,"Get information about money matters (spending, saving, banking, investment): Television or radio"
2018,estudiantes,FL153Q04HA,FL153Q04HA,"Get information about money matters (spending, saving, banking, investment): The Internet"
2018,estudiantes,FL153Q05HA,FL153Q05HA,"Get information about money matters (spending, saving, banking, investment): Magazines"
2018,estudiantes,FL153Q06HA,FL153Q06HA,"Get information about money matters (spending, saving, banking, investment): Teachers"
2018,estudiantes,FL167Q01HA,FL167Q01HA,Discuss the following with your parents (or guardians or relatives): Your spending decisions
2018,estudiantes,FL167Q02HA,FL167Q02HA,Discuss the following with your parents (or guardians or relatives): Your savings decisions
2018,estudiantes,FL167Q03HA,FL167Q03HA,Discuss the following with your parents (or guardians or relatives): The family budget
2018,estudiantes,FL167Q04HA,FL167Q04HA,Discuss the following with your parents (or guardians or relatives): Money for things you want to buy
2018,estudiantes,FL167Q05HA,FL167Q05HA,Discuss the following with your parents (or guardians or relatives): News related to economics or finance
2018,estudiantes,FL156Q01TA,FL156Q01TA,Do you get money from any of these sources? An allowance or pocket money for regularly doing chores at home
2018,estudiantes,FL156Q02TA,FL156Q02TA,"Do you get money from any of these sources? An allowance or pocket money, without having to do any chores"
2018,estudiantes,FL156Q03TA,FL156Q03TA,"Do you get money from any of these sources? Working outside school hours (e.g. a holiday job, part-time work)"
2018,estudiantes,FL156Q04TA,FL156Q04TA,Do you get money from any of these sources? Working in a family business
2018,estudiantes,FL156Q05TA,FL156Q05TA,Do you get money from any of these sources? Occasional informal jobs (e.g. baby-sitting or gardening)
2018,estudiantes,FL156Q06TA,FL156Q06TA,Do you get money from any of these sources? Gifts from friends or relatives
2018,estudiantes,FL156Q07HA,FL156Q07HA,Do you get money from any of these sources? Selling things (e.g. at local markets or on [eBay])
2018,estudiantes,FL159Q01HA,FL159Q01HA,Agree: I can decide independently what to spend my money on.
2018,estudiantes,FL159Q02HA,FL159Q02HA,"Agree: I can spend small amounts of my money independently, but for larger amounts I need to ask my parents or [...]"
2018,estudiantes,FL159Q03HA,FL159Q03HA,Agree: I need to ask my parents or guardians for permission before I spend any money on my own.
2018,estudiantes,FL159Q04HA,FL159Q04HA,Agree: I am responsible for my own money matters (e.g. for preventing theft).
2018,estudiantes,FL160Q01HA,FL160Q01HA,Think about buying a new product from your allowance: Compare prices in different shops
2018,estudiantes,FL160Q02HA,FL160Q02HA,Think about buying a new product from your allowance: Compare prices between a shop and an online shop
2018,estudiantes,FL160Q03HA,FL160Q03HA,Think about buying a new product from your allowance: Buy the product without comparing prices
2018,estudiantes,FL160Q04HA,FL160Q04HA,Think about buying a new product from your allowance: Wait until the product gets cheaper before buying it
2018,estudiantes,FL161Q01HA,FL161Q01HA,"Do you have any of the following things? An account with a [bank, building society, post office or credit union]"
2018,estudiantes,FL161Q02HA,FL161Q02HA,Do you have any of the following things? A payment card/debit card
2018,estudiantes,FL161Q03HA,FL161Q03HA,Do you have any of the following things? A mobile app to access your account
2018,estudiantes,FL162Q01HA,FL162Q01HA,Confidence about doing the following: Making a money transfer (e.g. paying a bill)
2018,estudiantes,FL162Q02HA,FL162Q02HA,Confidence about doing the following: Filling in forms at the bank
2018,estudiantes,FL162Q03HA,FL162Q03HA,Confidence about doing the following: Understanding bank statements
2018,estudiantes,FL162Q04HA,FL162Q04HA,Confidence about doing the following: Understanding a sales contract
2018,estudiantes,FL162Q05HA,FL162Q05HA,Confidence about doing the following: Keeping track of my account balance
2018,estudiantes,FL162Q06HA,FL162Q06HA,Confidence about doing the following: Planning my spending with consideration of my current financial situation
2018,estudiantes,FL163Q01HA,FL163Q01HA,Confidence using digital or electronic devices outside of bank: Transferring money
2018,estudiantes,FL163Q02HA,FL163Q02HA,Confidence using digital or electronic devices outside of bank: Keeping track of my balance
2018,estudiantes,FL163Q03HA,FL163Q03HA,Confidence using digital or electronic devices outside of bank: Paying with a debit card instead of using cash
2018,estudiantes,FL163Q04HA,FL163Q04HA,Confidence using digital or electronic devices outside of bank: Paying with a mobile device [...] instead of using cash
2018,estudiantes,FL163Q05HA,FL163Q05HA,Confidence using digital or electronic devices outside of bank: Ensuring the safety of sensitive information when [...]
2018,estudiantes,FL168Q01HA,FL168Q01HA,In the last 12 months: Checked that you were given the right change when you bought something
2018,estudiantes,FL168Q02HA,FL168Q02HA,In the last 12 months: Talked to someone about the job you would like to do when you finish your education
2018,estudiantes,FL168Q03HA,FL168Q03HA,In the last 12 months: Complained that you did not have enough money for something you wanted to buy
2018,estudiantes,FL168Q04HA,FL168Q04HA,In the last 12 months: Bought something online (alone or with a family member)
2018,estudiantes,FL168Q05HA,FL168Q05HA,In the last 12 months: Undertook voluntary work
2018,estudiantes,FL168Q06HA,FL168Q06HA,In the last 12 months: Made a payment using a mobile phone
2018,estudiantes,FL168Q07HA,FL168Q07HA,In the last 12 months: Bought something that cost more money than you intended to spend
2018,estudiantes,FL168Q08HA,FL168Q08HA,In the last 12 months: Checked how much money you have
2018,estudiantes,FL169Q01HA,FL169Q01HA,Agree: I enjoy talking about money matters.
2018,estudiantes,FL169Q02HA,FL169Q02HA,Agree: Young people should make their own decisions about how to spend their money.
2018,estudiantes,FL169Q03HA,FL169Q03HA,Agree: Money matters are not relevant for me right now.
2018,estudiantes,FL169Q04HA,FL169Q04HA,Agree: I would like to run my own business in the future.
2018,estudiantes,PA001Q01TA,PA001Q01TA,Who will complete this questionnaire? Mother or other female guardian
2018,estudiantes,PA001Q02TA,PA001Q02TA,Who will complete this questionnaire? Father or other male guardian
2018,estudiantes,PA001Q03TA,PA001Q03TA,Who will complete this questionnaire? Other
2018,estudiantes,PA003Q01TA,PA003Q01TA,"Activities with your child, how often: Discuss how well my child is doing at school"
2018,estudiantes,PA003Q02TA,PA003Q02TA,"Activities with your child, how often: Eat <the main meal> with my child around a table"
2018,estudiantes,PA003Q03TA,PA003Q03TA,"Activities with your child, how often: Spend time just talking to my child"
2018,estudiantes,PA003Q04HA,PA003Q04HA,"Activities with your child, how often: Help my child with his/her reading and writing homework"
2018,estudiantes,PA003Q05IA,PA003Q05IA,"Activities with your child, how often: Discuss political or social issues"
2018,estudiantes,PA003Q06IA,PA003Q06IA,"Activities with your child, how often: Go to a bookstore or library with my child"
2018,estudiantes,PA003Q07IA,PA003Q07IA,"Activities with your child, how often: Talk with my child about what he/she is reading on his/her own"
2018,estudiantes,PA154Q01IA,PA154Q01IA,"When child attended the first year of <ISCED 1>, how often: Read books"
2018,estudiantes,PA154Q02IA,PA154Q02IA,"When child attended the first year of <ISCED 1>, how often: Tell stories"
2018,estudiantes,PA154Q03IA,PA154Q03IA,"When child attended the first year of <ISCED 1>, how often: Sing songs"
2018,estudiantes,PA154Q04IA,PA154Q04IA,"When child attended the first year of <ISCED 1>, how often: Play with alphabet toys [...]"
2018,estudiantes,PA154Q05IA,PA154Q05IA,"When child attended the first year of <ISCED 1>, how often: Talk about things you had done"
2018,estudiantes,PA154Q06IA,PA154Q06IA,"When child attended the first year of <ISCED 1>, how often: Talk about what you had read"
2018,estudiantes,PA154Q07IA,PA154Q07IA,"When child attended the first year of <ISCED 1>, how often: Play word games"
2018,estudiantes,PA154Q08IA,PA154Q08IA,"When child attended the first year of <ISCED 1>, how often: Write letters or words"
2018,estudiantes,PA154Q09IA,PA154Q09IA,"When child attended the first year of <ISCED 1>, how often: Read aloud signs and labels"
2018,estudiantes,PA154Q10HA,PA154Q10HA,"When child attended the first year of <ISCED 1>, how often: Say counting rhymes or sing counting songs"
2018,estudiantes,PA155Q01IA,PA155Q01IA,In what language did most of the activities in the previous question take place?
2018,estudiantes,PA156Q01HA,PA156Q01HA,"Thinking back to when your child was about 10 years old, how often would he or she read the following? Comic books"
2018,estudiantes,PA156Q02HA,PA156Q02HA,"Thinking back to when your child was about 10 years old, how often would he or she read the following? Magazines"
2018,estudiantes,PA156Q03HA,PA156Q03HA,"Thinking back to when your child was about 10 years old, how often would he or she read the following? Books"
2018,estudiantes,PA156Q04HA,PA156Q04HA,"Thinking back to when your child was about 10 years old, how often would he or she read the following? Newspapers"
2018,estudiantes,PA004Q02NA,PA004Q02NA,Thinking about <the last academic year>: I am supportive of my child's efforts at school and his/her achievements.
2018,estudiantes,PA004Q03NA,PA004Q03NA,Thinking about <the last academic year>: I support my child when he/she is facing difficulties at school.
2018,estudiantes,PA004Q04NA,PA004Q04NA,Thinking about <the last academic year>: I encourage my child to be confident.
2018,estudiantes,PA008Q01TA,PA008Q01TA,<the last academic year>: Discussed my child's behaviour with a teacher on my own initiative.
2018,estudiantes,PA008Q02TA,PA008Q02TA,<the last academic year>: Discussed my child's behaviour on the initiative of one of his/her teachers.
2018,estudiantes,PA008Q03TA,PA008Q03TA,<the last academic year>: Discussed my child's progress with a teacher on my own initiative.
2018,estudiantes,PA008Q04TA,PA008Q04TA,<the last academic year>: Discussed my child's progress on the initiative of one of their teachers.
2018,estudiantes,PA008Q05TA,PA008Q05TA,"<the last academic year>: Participated in local school government, e.g. parent council or school management committee."
2018,estudiantes,PA008Q06NA,PA008Q06NA,<the last academic year>: Volunteered in physical or extra-curricular activities [...]
2018,estudiantes,PA008Q07NA,PA008Q07NA,<the last academic year>: Volunteered to support school activities [...]
2018,estudiantes,PA008Q08NA,PA008Q08NA,<the last academic year>: Attended a scheduled meeting or conferences for parents.
2018,estudiantes,PA008Q09NA,PA008Q09NA,<the last academic year>: Talked about how to support learning at home and homework with my child's teachers.
2018,estudiantes,PA008Q10NA,PA008Q10NA,<the last academic year>: Exchanged ideas on parenting [...] or the child's development with my child's teachers.
2018,estudiantes,PA009Q01NA,PA009Q01NA,"<the last academic year>, participation hindered: The meeting times were inconvenient."
2018,estudiantes,PA009Q02NA,PA009Q02NA,"<the last academic year>, participation hindered: I was not able to get off from work."
2018,estudiantes,PA009Q03NA,PA009Q03NA,"<the last academic year>, participation hindered: I had no one to take care of my child/ children."
2018,estudiantes,PA009Q04NA,PA009Q04NA,"<the last academic year>, participation hindered: The way to school is unsafe."
2018,estudiantes,PA009Q05NA,PA009Q05NA,"<the last academic year>, participation hindered: I had problems with transportation."
2018,estudiantes,PA009Q06NA,PA009Q06NA,"<the last academic year>, participation hindered: I felt unwelcome at my child's school."
2018,estudiantes,PA009Q07NA,PA009Q07NA,"<the last academic year>, participation hindered: I feel generally awkward in a school."
2018,estudiantes,PA009Q08NA,PA009Q08NA,"<the last academic year>, participation hindered: My <language skills> were not sufficient."
2018,estudiantes,PA009Q09NA,PA009Q09NA,"<the last academic year>, participation hindered: I think participation is not relevant for my child's development."
2018,estudiantes,PA009Q10NA,PA009Q10NA,"<the last academic year>, participation hindered: I do not know how I could participate in school activities."
2018,estudiantes,PA009Q11NA,PA009Q11NA,"<the last academic year>, participation hindered: My child does not want me to participate."
2018,estudiantes,PA007Q01TA,PA007Q01TA,Agree: Most of my child's school teachers seem competent and dedicated.
2018,estudiantes,PA007Q02TA,PA007Q02TA,Agree: Standards of achievement are high in my child's school.
2018,estudiantes,PA007Q03TA,PA007Q03TA,Agree: I am happy with the content taught and the instructional methods used in my child's school.
2018,estudiantes,PA007Q04TA,PA007Q04TA,Agree: I am satisfied with the disciplinary atmosphere in my child's school.
2018,estudiantes,PA007Q05TA,PA007Q05TA,Agree: My child's progress is carefully monitored by the school.
2018,estudiantes,PA007Q06TA,PA007Q06TA,Agree: My child's school provides regular and useful information on my child's progress.
2018,estudiantes,PA007Q07TA,PA007Q07TA,Agree: My child's school does a good job in educating students.
2018,estudiantes,PA007Q09NA,PA007Q09NA,Agree: My child's school provides an inviting atmosphere for parents to get involved.
2018,estudiantes,PA007Q11NA,PA007Q11NA,Agree: My child's school provides effective communication between the school and families.
2018,estudiantes,PA007Q12NA,PA007Q12NA,Agree: My child's school involves parents in the school's decision-making process.
2018,estudiantes,PA007Q13NA,PA007Q13NA,Agree: My child's school offers parent education [...] or family support programmes [...]
2018,estudiantes,PA007Q14NA,PA007Q14NA,Agree: My child's school informs families about how to help students with homework and other school-related activities.
2018,estudiantes,PA007Q15NA,PA007Q15NA,Agree: My child's school cooperates with <community services> to strengthen school programmes and student development.
2018,estudiantes,PA005Q01TA,PA005Q01TA,Which of the following statements best describes the schooling available to students in your location?
2018,estudiantes,PA006Q01TA,PA006Q01TA,Importance for choosing a school: The school is at a short distance to home.
2018,estudiantes,PA006Q02TA,PA006Q02TA,Importance for choosing a school: The school has a good reputation.
2018,estudiantes,PA006Q03TA,PA006Q03TA,Importance for choosing a school: The school offers particular courses or school subjects.
2018,estudiantes,PA006Q04TA,PA006Q04TA,Importance for choosing a school: The school adheres to a particular <religious philosophy>.
2018,estudiantes,PA006Q05TA,PA006Q05TA,"Importance for choosing a school: The school has a particular approach to <pedagogy/didactics, e.g. example>."
2018,estudiantes,PA006Q06TA,PA006Q06TA,Importance for choosing a school: Other family members attended the school.
2018,estudiantes,PA006Q07TA,PA006Q07TA,"Importance for choosing a school: Expenses are low (e.g. tuition, books, room and board)."
2018,estudiantes,PA006Q08TA,PA006Q08TA,"Importance for choosing a school: The school has financial aid available, such as a school loan, scholarship, or grant."
2018,estudiantes,PA006Q09TA,PA006Q09TA,Importance for choosing a school: The school has an active and pleasant school climate.
2018,estudiantes,PA006Q10TA,PA006Q10TA,Importance for choosing a school: The academic achievements of students in the school are high.
2018,estudiantes,PA006Q11TA,PA006Q11TA,Importance for choosing a school: There is a safe school environment.
2018,estudiantes,PA006Q12HA,PA006Q12HA,Importance for choosing a school: The school has an international student body.
2018,estudiantes,PA006Q13HA,PA006Q13HA,Importance for choosing a school: The school offers exchange programmes with schools in other countries.
2018,estudiantes,PA006Q14HA,PA006Q14HA,Importance for choosing a school: The school has a focus on foreign language instruction.
2018,estudiantes,PA158Q01HA,PA158Q01HA,Statements about reading? I read only if I have to
2018,estudiantes,PA158Q02IA,PA158Q02IA,Statements about reading? Reading is one of my favourite hobbies
2018,estudiantes,PA158Q03HA,PA158Q03HA,Statements about reading? I like talking about books with other people
2018,estudiantes,PA158Q04IA,PA158Q04IA,"Statements about reading? For me, reading is a waste of time"
2018,estudiantes,PA158Q05HA,PA158Q05HA,Statements about reading? I read only to get information that I need
2018,estudiantes,PA159Q01HA,PA159Q01HA,About how much time do you usually spend reading for enjoyment?
2018,estudiantes,PA160Q01HA,PA160Q01HA,How often do you read these types of texts because you want to? Magazines
2018,estudiantes,PA160Q02HA,PA160Q02HA,How often do you read these types of texts because you want to? Comic books
2018,estudiantes,PA160Q03HA,PA160Q03HA,"How often do you read these types of texts because you want to? Fiction (novels, narratives, stories)"
2018,estudiantes,PA160Q04HA,PA160Q04HA,"How often do you read these types of texts because you want to? Non-fiction books (informational, documentary)"
2018,estudiantes,PA160Q05HA,PA160Q05HA,How often do you read these types of texts because you want to? Newspapers
2018,estudiantes,PA161Q01HA,PA161Q01HA,How often are you involved in reading activities: Reading emails
2018,estudiantes,PA161Q02HA,PA161Q02HA,"How often are you involved in reading activities: <Chat on line> (e.g. <Whatsapp> , <Messenger>)"
2018,estudiantes,PA161Q03HA,PA161Q03HA,How often are you involved in reading activities: Reading online news
2018,estudiantes,PA161Q05HA,PA161Q05HA,How often are you involved in reading activities: Searching information online to learn about a particular topic
2018,estudiantes,PA161Q06HA,PA161Q06HA,How often are you involved in reading activities: Taking part in online group discussions or forums
2018,estudiantes,PA161Q07HA,PA161Q07HA,How often are you involved in reading activities: Searching for practical information online [...]
2018,estudiantes,PA162Q01HA,PA162Q01HA,Which of the following statements best describes how you read books (on any topic)?
2018,estudiantes,PA163Q01HA,PA163Q01HA,"Which of the following statements best describes how you read the news (e.g. politics, culture, sport, local news)?"
2018,estudiantes,PA166Q01HA,PA166Q01HA,"How many languages, including the language(s) you speak at home, do you speak well enough to converse with others?"
2018,estudiantes,PA167Q02HA,PA167Q02HA,Agree: Immigrant children should have the same opportunities for education that other children in the country have.
2018,estudiantes,PA167Q03HA,PA167Q03HA,Agree: Immigrants who live in a country for several years should have the opportunity to vote in elections.
2018,estudiantes,PA167Q04HA,PA167Q04HA,Agree: Immigrants should have the opportunity to continue their own customs and lifestyle.
2018,estudiantes,PA167Q05HA,PA167Q05HA,Agree: Immigrants should have all the same rights that everyone else in the country has.
2018,estudiantes,PA168Q01HA,PA168Q01HA,How well does the following describe you: I want to learn how people live in different countries.
2018,estudiantes,PA168Q02HA,PA168Q02HA,How well does the following describe you: I want to learn more about the religions of the world.
2018,estudiantes,PA168Q03HA,PA168Q03HA,How well does the following describe you: I am interested in how people from various cultures see the world.
2018,estudiantes,PA168Q06HA,PA168Q06HA,How well does the following describe you: I am interested in finding out about the traditions of other cultures.
2018,estudiantes,PA169Q01HA,PA169Q01HA,How interested are you in the following issues? Political or social issues in your country
2018,estudiantes,PA169Q02HA,PA169Q02HA,How interested are you in the following issues? Political or social issues in other countries
2018,estudiantes,PA169Q03HA,PA169Q03HA,How interested are you in the following issues? Environmental issues in your country
2018,estudiantes,PA169Q04HA,PA169Q04HA,How interested are you in the following issues? Environmental issues in other countries
2018,estudiantes,PA169Q05HA,PA169Q05HA,"How interested are you in the following issues? History, culture and arts of your country"
2018,estudiantes,PA169Q06HA,PA169Q06HA,"How interested are you in the following issues? History, culture and arts of other countries"
2018,estudiantes,PA170Q01HA,PA170Q01HA,How informed are you about the following topics? Climate change and global warming
2018,estudiantes,PA170Q02HA,PA170Q02HA,How informed are you about the following topics? Global health (e.g. epidemics)
2018,estudiantes,PA170Q04HA,PA170Q04HA,How informed are you about the following topics? Migration (movement of people)
2018,estudiantes,PA170Q07HA,PA170Q07HA,How informed are you about the following topics? International conflicts
2018,estudiantes,PA170Q08HA,PA170Q08HA,How informed are you about the following topics? Hunger or malnutrition in different parts of the world
2018,estudiantes,PA170Q09HA,PA170Q09HA,How informed are you about the following topics? Causes of poverty
2018,estudiantes,PA170Q12HA,PA170Q12HA,How informed are you about the following topics? Equality between men and women in different parts of the world
2018,estudiantes,PA171Q01HA,PA171Q01HA,Involved in: I reduce the energy I use at home [...] to protect the environment.
2018,estudiantes,PA171Q03HA,PA171Q03HA,"Involved in: I choose certain products for ethical or environmental reasons, even if they are a bit more expensive."
2018,estudiantes,PA171Q04HA,PA171Q04HA,Involved in: I sign environmental or social petitions online.
2018,estudiantes,PA171Q05HA,PA171Q05HA,Involved in: I keep myself informed about world events instantly via <Twitter> or <Facebook>.
2018,estudiantes,PA171Q06HA,PA171Q06HA,"Involved in: I boycott products or companies for political, ethical or environmental reasons."
2018,estudiantes,PA171Q08HA,PA171Q08HA,Involved in: I participate in activities promoting equality between men and women.
2018,estudiantes,PA171Q09HA,PA171Q09HA,Involved in: I participate in activities in favour of environmental protection.
2018,estudiantes,PA171Q10HA,PA171Q10HA,"Involved in: I regularly read websites on international social issues (e.g. poverty, human rights)."
2018,estudiantes,PA172Q01WA,PA172Q01WA,Which of the following do you expect your child to complete? [ISCED level 2]
2018,estudiantes,PA172Q02WA,PA172Q02WA,Which of the following do you expect your child to complete? [ISCED level 3B or C]
2018,estudiantes,PA172Q03WA,PA172Q03WA,Which of the following do you expect your child to complete? [ISCED level 3A]
2018,estudiantes,PA172Q04WA,PA172Q04WA,Which of the following do you expect your child to complete? [ISCED level 4]
2018,estudiantes,PA172Q05WA,PA172Q05WA,Which of the following do you expect your child to complete? [ISCED level 5B]
2018,estudiantes,PA172Q06WA,PA172Q06WA,Which of the following do you expect your child to complete? [ISCED level 5A or 6]
2018,estudiantes,PA018Q01NA,PA018Q01NA,Child regularly attended prior to <grade 1 in ISCED 1>: Supervision and care [...]
2018,estudiantes,PA018Q02NA,PA018Q02NA,Child regularly attended prior to <grade 1 in ISCED 1>: Early childhood educational development [...]
2018,estudiantes,PA018Q03NA,PA018Q03NA,Child regularly attended prior to <grade 1 in ISCED 1>: Pre-primary education [...]
2018,estudiantes,PA177Q01HA,PA177Q01HA,Ages child attended <early childhood education and care arrangement> prior to <grade 1 in ISCED 1>: Up to age 1
2018,estudiantes,PA177Q02HA,PA177Q02HA,Ages child attended <early childhood education and care arrangement> prior to <grade 1 in ISCED 1>: Age 1
2018,estudiantes,PA177Q03HA,PA177Q03HA,Ages child attended <early childhood education and care arrangement> prior to <grade 1 in ISCED 1>: Age 2
2018,estudiantes,PA177Q04HA,PA177Q04HA,Ages child attended <early childhood education and care arrangement> prior to <grade 1 in ISCED 1>: Age 3
2018,estudiantes,PA177Q05HA,PA177Q05HA,Ages child attended <early childhood education and care arrangement> prior to <grade 1 in ISCED 1>: Age 4
2018,estudiantes,PA177Q06HA,PA177Q06HA,Ages child attended <early childhood education and care arrangement> prior to <grade 1 in ISCED 1>: Age 5
2018,estudiantes,PA177Q07HA,PA177Q07HA,Ages child attended <early childhood education and care arrangement> prior to <grade 1 in ISCED 1>: Age 6
2018,estudiantes,PA177Q08HA,PA177Q08HA,Ages child attended <early childhood education and care arrangement> prior to <grade 1 in ISCED 1>: Age 7
2018,estudiantes,PA180Q01HA,PA180Q01HA,What was the most important reason why your child attended an [early childhood education and care arrangement]?
2018,estudiantes,PA182Q01HA,PA182Q01HA,Hours per week child attended a <early childhood education and care arrangement> at the age of three years
2018,estudiantes,PA175Q01HA,PA175Q01HA,Did your child attend the following additional instructions during [ISCED 1]? [Enrichment lessons] in [test language]
2018,estudiantes,PA175Q02HA,PA175Q02HA,Did your child attend the following additional instructions during [ISCED 1]? [Remedial lessons] in [test language]
2018,estudiantes,PA041Q01TA,PA041Q01TA,"In the last twelve months, about how much would you have paid to educational providers for services?"
2018,estudiantes,PA042Q01TA,PA042Q01TA,What is your annual household income?
2018,estudiantes,EFFORT1,EFFORT1,How much effort did you put into this test?
2018,estudiantes,EFFORT2,EFFORT2,How much effort would you have invested?
2018,estudiantes,OCOD1,OCOD1,ISCO-08 Occupation code - Mother
2018,estudiantes,OCOD2,OCOD2,ISCO-08 Occupation code - Father
2018,estudiantes,OCOD3,OCOD3,ISCO-08 Occupation code - Self
2018,estudiantes,GRADE,GRADE,Grade compared to modal grade in country
2018,estudiantes,AGE,AGE,Age
2018,estudiantes,PROGN,PROGN,Unique national study programme code
2018,estudiantes,COBN_S,COBN_S,Country of Birth National Categories- Self
2018,estudiantes,COBN_M,COBN_M,Country of Birth National Categories- Mother
2018,estudiantes,COBN_F,COBN_F,Country of Birth National Categories- Father
2018,estudiantes,LANGN,LANGN,Language at home (3-digit code)
2018,estudiantes,ISCEDL,ISCEDL,ISCED level
2018,estudiantes,ISCEDD,ISCEDD,ISCED designation
2018,estudiantes,ISCEDO,ISCEDO,ISCED orientation
2018,estudiantes,MISCED,MISCED,Mother’s Education (ISCED)
2018,estudiantes,FISCED,FISCED,Father’s Education (ISCED)
2018,estudiantes,HISCED,HISCED,Highest Education of parents (ISCED)
2018,estudiantes,PARED,PARED,Index highest parental education in years of schooling
2018,estudiantes,MISCED_D,MISCED_D,Mother’s Education - alternate definition (ISCED)
2018,estudiantes,FISCED_D,FISCED_D,Father’s Education - alternate definition (ISCED)
2018,estudiantes,HISCED_D,HISCED_D,Highest Education of parents - alternate definition (ISCED)
2018,estudiantes,PAREDINT,PAREDINT,Index highest parental education (international years of schooling scale)
2018,estudiantes,BMMJ1,BMMJ1,ISEI of mother
2018,estudiantes,BFMJ2,BFMJ2,ISEI of father
2018,estudiantes,HISEI,HISEI,Index highest parental occupational status
2018,estudiantes,LANGMOTHER,LANGMOTHER,Language spoken with their mother for students who do not speak the test language at home
2018,estudiantes,LANGFATHER,LANGFATHER,Language spoken with their father for students who do not speak the test language at home
2018,estudiantes,LANGSIBLINGS,LANGSIBLINGS,Language spoken with their brother(s) and/or sister(s) for students who do not speak the test language at home
2018,estudiantes,LANGFRIEND,LANGFRIEND,Language spoken with their best friend for students who do not speak the test language at home
2018,estudiantes,LANGSCHMATES,LANGSCHMATES,Language spoken with their school mates for students who do not speak the test language at home
2018,estudiantes,IMMIG,IMMIG,Index Immigration status
2018,estudiantes,DURECEC,DURECEC,Duration in early childhood education and care
2018,estudiantes,REPEAT,REPEAT,Grade Repetition
2018,estudiantes,BSMJ,BSMJ,Student’s expected occupational status (SEI)
2018,estudiantes,MMINS,MMINS,Learning time (minutes per week) - <Mathematics>
2018,estudiantes,LMINS,LMINS,Learning time (minutes per week) - <test language>
2018,estudiantes,SMINS,SMINS,Learning time (minutes per week) - <science>
2018,estudiantes,TMINS,TMINS,Learning time (minutes per week) - in total
2018,estudiantes,FCFMLRTY,FCFMLRTY,Familiarity with concepts of finance (Sum)
2018,estudiantes,SCCHANGE,SCCHANGE,Number of school changes
2018,estudiantes,CHANGE,CHANGE,Number of changes in educational biography (Sum)
2018,estudiantes,STUBMI,STUBMI,Body mass index of student
2018,estudiantes,ESCS,ESCS,"Index of economic, social and cultural status"
2018,estudiantes,UNDREM,UNDREM,Meta-cognition: understanding and remembering
2018,estudiantes,METASUM,METASUM,Meta-cognition: summarising
2018,estudiantes,METASPAM,METASPAM,Meta-cognition: assess credibility
2018,estudiantes,ICTHOME,ICTHOME,ICT available at home
2018,estudiantes,ICTSCH,ICTSCH,ICT available at school
2018,estudiantes,HOMEPOS,HOMEPOS,Home possessions (WLE)
2018,estudiantes,CULTPOSS,CULTPOSS,Cultural possessions at home (WLE)
2018,estudiantes,HEDRES,HEDRES,Home educational resources (WLE)
2018,estudiantes,WEALTH,WEALTH,Family wealth (WLE)
2018,estudiantes,ICTRES,ICTRES,ICT resources (WLE)
2018,estudiantes,DISCLIMA,DISCLIMA,Disciplinary climate in test language lessons (WLE)
2018,estudiantes,TEACHSUP,TEACHSUP,Teacher support in test language lessons (WLE)
2018,estudiantes,DIRINS,DIRINS,Teacher-directed instruction (WLE)
2018,estudiantes,PERFEED,PERFEED,Perceived feedback (WLE)
2018,estudiantes,EMOSUPS,EMOSUPS,Parents' emotional support perceived by student (WLE)
2018,estudiantes,STIMREAD,STIMREAD,Teacher's stimulation of reading engagement perceived by student (WLE)
2018,estudiantes,ADAPTIVITY,ADAPTIVITY,Adaptation of instruction (WLE)
2018,estudiantes,TEACHINT,TEACHINT,Perceived teacher's interest (WLE)
2018,estudiantes,JOYREAD,JOYREAD,Joy/Like reading (WLE)
2018,estudiantes,SCREADCOMP,SCREADCOMP,Self-concept of reading: Perception of competence (WLE)
2018,estudiantes,SCREADDIFF,SCREADDIFF,Self-concept of reading: Perception of difficulty (WLE)
2018,estudiantes,PISADIFF,PISADIFF,Perception of difficulty of the PISA test (WLE)
2018,estudiantes,PERCOMP,PERCOMP,Perception of competitiveness at school (WLE)
2018,estudiantes,PERCOOP,PERCOOP,Perception of cooperation at school (WLE)
2018,estudiantes,ATTLNACT,ATTLNACT,Attitude towards school: learning activities (WLE)
2018,estudiantes,COMPETE,COMPETE,Competitiveness (WLE)
2018,estudiantes,WORKMAST,WORKMAST,Work mastery (WLE)
2018,estudiantes,GFOFAIL,GFOFAIL,General fear of failure (WLE)
2018,estudiantes,EUDMO,EUDMO,Eudaemonia: meaning in life (WLE)
2018,estudiantes,SWBP,SWBP,Subjective well-being: Positive affect (WLE)
2018,estudiantes,RESILIENCE,RESILIENCE,Resilience (WLE)
2018,estudiantes,MASTGOAL,MASTGOAL,Mastery goal orientation (WLE)
2018,estudiantes,GCSELFEFF,GCSELFEFF,Self-efficacy regarding global issues (WLE)
2018,estudiantes,GCAWARE,GCAWARE,Student's awareness of global issues (WLE)
2018,estudiantes,ATTIMM,ATTIMM,Student's attitudes towards immigrants (WLE)
2018,estudiantes,INTCULT,INTCULT,Student's interest in learning about other cultures (WLE)
2018,estudiantes,PERSPECT,PERSPECT,Perspective-taking (WLE)
2018,estudiantes,COGFLEX,COGFLEX,Cognitive flexibility/adaptability (WLE)
2018,estudiantes,RESPECT,RESPECT,Respect for people from other cultures (WLE)
2018,estudiantes,AWACOM,AWACOM,Awareness of intercultural communication (WLE)
2018,estudiantes,GLOBMIND,GLOBMIND,Global-mindedness (WLE)
2018,estudiantes,DISCRIM,DISCRIM,Discriminating school climate (WLE)
2018,estudiantes,BELONG,BELONG,Subjective well-being: Sense of belonging to school (WLE)
2018,estudiantes,BEINGBULLIED,BEINGBULLIED,Student's experience of being bullied (WLE)
2018,estudiantes,ENTUSE,ENTUSE,ICT use outside of school (leisure) (WLE)
2018,estudiantes,HOMESCH,HOMESCH,Use of ICT outside of school (for school work activities) (WLE)
2018,estudiantes,USESCH,USESCH,Use of ICT at school in general (WLE)
2018,estudiantes,INTICT,INTICT,Interest in ICT (WLE)
2018,estudiantes,COMPICT,COMPICT,Perceived ICT competence (WLE)
2018,estudiantes,AUTICT,AUTICT,Perceived autonomy related to ICT use (WLE)
2018,estudiantes,SOIAICT,SOIAICT,ICT as a topic in social interaction (WLE)
2018,estudiantes,ICTCLASS,ICTCLASS,Subject-related ICT use during lessons (WLE)
2018,estudiantes,ICTOUTSIDE,ICTOUTSIDE,Subject-related ICT use outside of lessons (WLE)
2018,estudiantes,INFOCAR,INFOCAR,Information about careers (WLE)
2018,estudiantes,INFOJOB1,INFOJOB1,Information about the labour market provided by the school (WLE)
2018,estudiantes,INFOJOB2,INFOJOB2,Information about the labour market provided outside of school (WLE)
2018,estudiantes,FLCONFIN,FLCONFIN,Confidence about financial matters (WLE)
2018,estudiantes,FLCONICT,FLCONICT,Confidence about financial matters using digital devices (WLE)
2018,estudiantes,FLSCHOOL,FLSCHOOL,Financial education in school lessons (WLE)
2018,estudiantes,FLFAMILY,FLFAMILY,Parental involvement in matters of Financial Literacy (WLE)
2018,estudiantes,CURSUPP,CURSUPP,Current parental support for learning at home (WLE)
2018,estudiantes,EMOSUPP,EMOSUPP,Parents' emotional support (WLE)
2018,estudiantes,PQSCHOOL,PQSCHOOL,Parents' perceived school quality (WLE)
2018,estudiantes,PASCHPOL,PASCHPOL,School policies for parental involvement (WLE)
2018,estudiantes,PRESUPP,PRESUPP,Previous parental support for learning at home (WLE)
2018,estudiantes,JOYREADP,JOYREADP,Parents‘ enjoyment of reading (WLE)
2018,estudiantes,ATTIMMP,ATTIMMP,Parents' attitudes towards immigrants (WLE)
2018,estudiantes,INTCULTP,INTCULTP,Parents' interest in learning about other cultures (WLE)
2018,estudiantes,GCAWAREP,GCAWAREP,Parents' awareness of global issues (WLE)
2018,estudiantes,BODYIMA,BODYIMA,Body image (WLE)
2018,estudiantes,SOCONPA,SOCONPA,Social Connections: Parents (WLE)
2018,estudiantes,W_FSTUWT,W_FSTUWT,FINAL TRIMMED NONRESPONSE ADJUSTED STUDENT WEIGHT
2018,estudiantes,W_FSTURWT1,W_FSTURWT1,FINAL TRIMMED NONRESPONSE ADJUSTED STUDENT REPLICATE BRR-FAY WEIGHTS 1
2018,estudiantes,W_FSTURWT2,W_FSTURWT2,FINAL TRIMMED NONRESPONSE ADJUSTED STUDENT REPLICATE BRR-FAY WEIGHTS 2
2018,estudiantes,W_FSTURWT3,W_FSTURWT3,FINAL TRIMMED NONRESPONSE ADJUSTED STUDENT REPLICATE BRR-FAY WEIGHTS 3
2018,estudiantes,W_FSTURWT4,W_FSTURWT4,FINAL TRIMMED NONRESPONSE ADJUSTED STUDENT REPLICATE BRR-FAY WEIGHTS 4
2018,estudiantes,W_FSTURWT5,W_FSTURWT5,FINAL TRIMMED NONRESPONSE ADJUSTED STUDENT REPLICATE BRR-FAY WEIGHTS 5
2018,estudiantes,W_FSTURWT6,W_FSTURWT6,FINAL TRIMMED NONRESPONSE ADJUSTED STUDENT REPLICATE BRR-FAY WEIGHTS 6
2018,estudiantes,W_FSTURWT7,W_FSTURWT7,FINAL TRIMMED NONRESPONSE ADJUSTED STUDENT REPLICATE BRR-FAY WEIGHTS 7
2018,estudiantes,W_FSTURWT8,W_FSTURWT8,FINAL TRIMMED NONRESPONSE ADJUSTED STUDENT REPLICATE BRR-FAY WEIGHTS 8
2018,estudiantes,W_FSTURWT9,W_FSTURWT9,FINAL TRIMMED NONRESPONSE ADJUSTED STUDENT REPLICATE BRR-FAY WEIGHTS 9
2018,estudiantes,W_FSTURWT10,W_FSTURWT10,FINAL TRIMMED NONRESPONSE ADJUSTED STUDENT REPLICATE BRR-FAY WEIGHTS 10
2018,estudiantes,W_FSTURWT11,W_FSTURWT11,FINAL TRIMMED NONRESPONSE ADJUSTED STUDENT REPLICATE BRR-FAY WEIGHTS 11
2018,estudiantes,W_FSTURWT12,W_FSTURWT12,FINAL TRIMMED NONRESPONSE ADJUSTED STUDENT REPLICATE BRR-FAY WEIGHTS 12
2018,estudiantes,W_FSTURWT13,W_FSTURWT13,FINAL TRIMMED NONRESPONSE ADJUSTED STUDENT REPLICATE BRR-FAY WEIGHTS 13
2018,estudiantes,W_FSTURWT14,W_FSTURWT14,FINAL TRIMMED NONRESPONSE ADJUSTED STUDENT REPLICATE BRR-FAY WEIGHTS 14
2018,estudiantes,W_FSTURWT15,W_FSTURWT15,FINAL TRIMMED NONRESPONSE ADJUSTED STUDENT REPLICATE BRR-FAY WEIGHTS 15
2018,estudiantes,W_FSTURWT16,W_FSTURWT16,FINAL TRIMMED NONRESPONSE ADJUSTED STUDENT REPLICATE BRR-FAY WEIGHTS 16
2018,estudiantes,W_FSTURWT17,W_FSTURWT17,FINAL TRIMMED NONRESPONSE ADJUSTED STUDENT REPLICATE BRR-FAY WEIGHTS 17
2018,estudiantes,W_FSTURWT18,W_FSTURWT18,FINAL TRIMMED NONRESPONSE ADJUSTED STUDENT REPLICATE BRR-FAY WEIGHTS 18
2018,estudiantes,W_FSTURWT19,W_FSTURWT19,FINAL TRIMMED NONRESPONSE ADJUSTED STUDENT REPLICATE BRR-FAY WEIGHTS 19
2018,estudiantes,W_FSTURWT20,W_FSTURWT20,FINAL TRIMMED NONRESPONSE ADJUSTED STUDENT REPLICATE BRR-FAY WEIGHTS 20
2018,estudiantes,W_FSTURWT21,W_FSTURWT21,FINAL TRIMMED NONRESPONSE ADJUSTED STUDENT REPLICATE BRR-FAY WEIGHTS 21
2018,estudiantes,W_FSTURWT22,W_FSTURWT22,FINAL TRIMMED NONRESPONSE ADJUSTED STUDENT REPLICATE BRR-FAY WEIGHTS 22
2018,estudiantes,W_FSTURWT23,W_FSTURWT23,FINAL TRIMMED NONRESPONSE ADJUSTED STUDENT REPLICATE BRR-FAY WEIGHTS 23
2018,estudiantes,W_FSTURWT24,W_FSTURWT24,FINAL TRIMMED NONRESPONSE ADJUSTED STUDENT REPLICATE BRR-FAY WEIGHTS 24
2018,estudiantes,W_FSTURWT25,W_FSTURWT25,FINAL TRIMMED NONRESPONSE ADJUSTED STUDENT REPLICATE BRR-FAY WEIGHTS 25
2018,estudiantes,W_FSTURWT26,W_FSTURWT26,FINAL TRIMMED NONRESPONSE ADJUSTED STUDENT REPLICATE BRR-FAY WEIGHTS 26
2018,estudiantes,W_FSTURWT27,W_FSTURWT27,FINAL TRIMMED NONRESPONSE ADJUSTED STUDENT REPLICATE BRR-FAY WEIGHTS 27
2018,estudiantes,W_FSTURWT28,W_FSTURWT28,FINAL TRIMMED NONRESPONSE ADJUSTED STUDENT REPLICATE BRR-FAY WEIGHTS 28
2018,estudiantes,W_FSTURWT29,W_FSTURWT29,FINAL TRIMMED NONRESPONSE ADJUSTED STUDENT REPLICATE BRR-FAY WEIGHTS 29
2018,estudiantes,W_FSTURWT30,W_FSTURWT30,FINAL TRIMMED NONRESPONSE ADJUSTED STUDENT REPLICATE BRR-FAY WEIGHTS 30
2018,estudiantes,W_FSTURWT31,W_FSTURWT31,FINAL TRIMMED NONRESPONSE ADJUSTED STUDENT REPLICATE BRR-FAY WEIGHTS 31
2018,estudiantes,W_FSTURWT32,W_FSTURWT32,FINAL TRIMMED NONRESPONSE ADJUSTED STUDENT REPLICATE BRR-FAY WEIGHTS 32
2018,estudiantes,W_FSTURWT33,W_FSTURWT33,FINAL TRIMMED NONRESPONSE ADJUSTED STUDENT REPLICATE BRR-FAY WEIGHTS 33
2018,estudiantes,W_FSTURWT34,W_FSTURWT34,FINAL TRIMMED NONRESPONSE ADJUSTED STUDENT REPLICATE BRR-FAY WEIGHTS 34
2018,estudiantes,W_FSTURWT35,W_FSTURWT35,FINAL TRIMMED NONRESPONSE ADJUSTED STUDENT REPLICATE BRR-FAY WEIGHTS 35
2018,estudiantes,W_FSTURWT36,W_FSTURWT36,FINAL TRIMMED NONRESPONSE ADJUSTED STUDENT REPLICATE BRR-FAY WEIGHTS 36
2018,estudiantes,W_FSTURWT37,W_FSTURWT37,FINAL TRIMMED NONRESPONSE ADJUSTED STUDENT REPLICATE BRR-FAY WEIGHTS 37
2018,estudiantes,W_FSTURWT38,W_FSTURWT38,FINAL TRIMMED NONRESPONSE ADJUSTED STUDENT REPLICATE BRR-FAY WEIGHTS 38
2018,estudiantes,W_FSTURWT39,W_FSTURWT39,FINAL TRIMMED NONRESPONSE ADJUSTED STUDENT REPLICATE BRR-FAY WEIGHTS 39
2018,estudiantes,W_FSTURWT40,W_FSTURWT40,FINAL TRIMMED NONRESPONSE ADJUSTED STUDENT REPLICATE BRR-FAY WEIGHTS 40
2018,estudiantes,W_FSTURWT41,W_FSTURWT41,FINAL TRIMMED NONRESPONSE ADJUSTED STUDENT REPLICATE BRR-FAY WEIGHTS 41
2018,estudiantes,W_FSTURWT42,W_FSTURWT42,FINAL TRIMMED NONRESPONSE ADJUSTED STUDENT REPLICATE BRR-FAY WEIGHTS 42
2018,estudiantes,W_FSTURWT43,W_FSTURWT43,FINAL TRIMMED NONRESPONSE ADJUSTED STUDENT REPLICATE BRR-FAY WEIGHTS 43
2018,estudiantes,W_FSTURWT44,W_FSTURWT44,FINAL TRIMMED NONRESPONSE ADJUSTED STUDENT REPLICATE BRR-FAY WEIGHTS 44
2018,estudiantes,W_FSTURWT45,W_FSTURWT45,FINAL TRIMMED NONRESPONSE ADJUSTED STUDENT REPLICATE BRR-FAY WEIGHTS 45
2018,estudiantes,W_FSTURWT46,W_FSTURWT46,FINAL TRIMMED NONRESPONSE ADJUSTED STUDENT REPLICATE BRR-FAY WEIGHTS 46
2018,estudiantes,W_FSTURWT47,W_FSTURWT47,FINAL TRIMMED NONRESPONSE ADJUSTED STUDENT REPLICATE BRR-FAY WEIGHTS 47
2018,estudiantes,W_FSTURWT48,W_FSTURWT48,FINAL TRIMMED NONRESPONSE ADJUSTED STUDENT REPLICATE BRR-FAY WEIGHTS 48
2018,estudiantes,W_FSTURWT49,W_FSTURWT49,FINAL TRIMMED NONRESPONSE ADJUSTED STUDENT REPLICATE BRR-FAY WEIGHTS 49
2018,estudiantes,W_FSTURWT50,W_FSTURWT50,FINAL TRIMMED NONRESPONSE ADJUSTED STUDENT REPLICATE BRR-FAY WEIGHTS 50
2018,estudiantes,W_FSTURWT51,W_FSTURWT51,FINAL TRIMMED NONRESPONSE ADJUSTED STUDENT REPLICATE BRR-FAY WEIGHTS 51
2018,estudiantes,W_FSTURWT52,W_FSTURWT52,FINAL TRIMMED NONRESPONSE ADJUSTED STUDENT REPLICATE BRR-FAY WEIGHTS 52
2018,estudiantes,W_FSTURWT53,W_FSTURWT53,FINAL TRIMMED NONRESPONSE ADJUSTED STUDENT REPLICATE BRR-FAY WEIGHTS 53
2018,estudiantes,W_FSTURWT54,W_FSTURWT54,FINAL TRIMMED NONRESPONSE ADJUSTED STUDENT REPLICATE BRR-FAY WEIGHTS 54
2018,estudiantes,W_FSTURWT55,W_FSTURWT55,FINAL TRIMMED NONRESPONSE ADJUSTED STUDENT REPLICATE BRR-FAY WEIGHTS 55
2018,estudiantes,W_FSTURWT56,W_FSTURWT56,FINAL TRIMMED NONRESPONSE ADJUSTED STUDENT REPLICATE BRR-FAY WEIGHTS 56
2018,estudiantes,W_FSTURWT57,W_FSTURWT57,FINAL TRIMMED NONRESPONSE ADJUSTED STUDENT REPLICATE BRR-FAY WEIGHTS 57
2018,estudiantes,W_FSTURWT58,W_FSTURWT58,FINAL TRIMMED NONRESPONSE ADJUSTED STUDENT REPLICATE BRR-FAY WEIGHTS 58
2018,estudiantes,W_FSTURWT59,W_FSTURWT59,FINAL TRIMMED NONRESPONSE ADJUSTED STUDENT REPLICATE BRR-FAY WEIGHTS 59
2018,estudiantes,W_FSTURWT60,W_FSTURWT60,FINAL TRIMMED NONRESPONSE ADJUSTED STUDENT REPLICATE BRR-FAY WEIGHTS 60
2018,estudiantes,W_FSTURWT61,W_FSTURWT61,FINAL TRIMMED NONRESPONSE ADJUSTED STUDENT REPLICATE BRR-FAY WEIGHTS 61
2018,estudiantes,W_FSTURWT62,W_FSTURWT62,FINAL TRIMMED NONRESPONSE ADJUSTED STUDENT REPLICATE BRR-FAY WEIGHTS 62
2018,estudiantes,W_FSTURWT63,W_FSTURWT63,FINAL TRIMMED NONRESPONSE ADJUSTED STUDENT REPLICATE BRR-FAY WEIGHTS 63
2018,estudiantes,W_FSTURWT64,W_FSTURWT64,FINAL TRIMMED NONRESPONSE ADJUSTED STUDENT REPLICATE BRR-FAY WEIGHTS 64
2018,estudiantes,W_FSTURWT65,W_FSTURWT65,FINAL TRIMMED NONRESPONSE ADJUSTED STUDENT REPLICATE BRR-FAY WEIGHTS 65
2018,estudiantes,W_FSTURWT66,W_FSTURWT66,FINAL TRIMMED NONRESPONSE ADJUSTED STUDENT REPLICATE BRR-FAY WEIGHTS 66
2018,estudiantes,W_FSTURWT67,W_FSTURWT67,FINAL TRIMMED NONRESPONSE ADJUSTED STUDENT REPLICATE BRR-FAY WEIGHTS 67
2018,estudiantes,W_FSTURWT68,W_FSTURWT68,FINAL TRIMMED NONRESPONSE ADJUSTED STUDENT REPLICATE BRR-FAY WEIGHTS 68
2018,estudiantes,W_FSTURWT69,W_FSTURWT69,FINAL TRIMMED NONRESPONSE ADJUSTED STUDENT REPLICATE BRR-FAY WEIGHTS 69
2018,estudiantes,W_FSTURWT70,W_FSTURWT70,FINAL TRIMMED NONRESPONSE ADJUSTED STUDENT REPLICATE BRR-FAY WEIGHTS 70
2018,estudiantes,W_FSTURWT71,W_FSTURWT71,FINAL TRIMMED NONRESPONSE ADJUSTED STUDENT REPLICATE BRR-FAY WEIGHTS 71
2018,estudiantes,W_FSTURWT72,W_FSTURWT72,FINAL TRIMMED NONRESPONSE ADJUSTED STUDENT REPLICATE BRR-FAY WEIGHTS 72
2018,estudiantes,W_FSTURWT73,W_FSTURWT73,FINAL TRIMMED NONRESPONSE ADJUSTED STUDENT REPLICATE BRR-FAY WEIGHTS 73
2018,estudiantes,W_FSTURWT74,W_FSTURWT74,FINAL TRIMMED NONRESPONSE ADJUSTED STUDENT REPLICATE BRR-FAY WEIGHTS 74
2018,estudiantes,W_FSTURWT75,W_FSTURWT75,FINAL TRIMMED NONRESPONSE ADJUSTED STUDENT REPLICATE BRR-FAY WEIGHTS 75
2018,estudiantes,W_FSTURWT76,W_FSTURWT76,FINAL TRIMMED NONRESPONSE ADJUSTED STUDENT REPLICATE BRR-FAY WEIGHTS 76
2018,estudiantes,W_FSTURWT77,W_FSTURWT77,FINAL TRIMMED NONRESPONSE ADJUSTED STUDENT REPLICATE BRR-FAY WEIGHTS 77
2018,estudiantes,W_FSTURWT78,W_FSTURWT78,FINAL TRIMMED NONRESPONSE ADJUSTED STUDENT REPLICATE BRR-FAY WEIGHTS 78
2018,estudiantes,W_FSTURWT79,W_FSTURWT79,FINAL TRIMMED NONRESPONSE ADJUSTED STUDENT REPLICATE BRR-FAY WEIGHTS 79
2018,estudiantes,W_FSTURWT80,W_FSTURWT80,FINAL TRIMMED NONRESPONSE ADJUSTED STUDENT REPLICATE BRR-FAY WEIGHTS 80
2018,estudiantes,UNIT,UNIT,REP_BWGT: RANDOMLY ASSIGNED UNIT NUMBER
2018,estudiantes,WVARSTRR,WVARSTRR,RANDOMIZED FINAL VARIANCE STRATUM (1-80)
2018,estudiantes,PV1MATH,PV1MATH,Plausible Value 1 in Mathematics
2018,estudiantes,PV2MATH,PV2MATH,Plausible Value 2 in Mathematics
2018,estudiantes,PV3MATH,PV3MATH,Plausible Value 3 in Mathematics
2018,estudiantes,PV4MATH,PV4MATH,Plausible Value 4 in Mathematics
2018,estudiantes,PV5MATH,PV5MATH,Plausible Value 5 in Mathematics
2018,estudiantes,PV6MATH,PV6MATH,Plausible Value 6 in Mathematics
2018,estudiantes,PV7MATH,PV7MATH,Plausible Value 7 in Mathematics
2018,estudiantes,PV8MATH,PV8MATH,Plausible Value 8 in Mathematics
2018,estudiantes,PV9MATH,PV9MATH,Plausible Value 9 in Mathematics
2018,estudiantes,PV10MATH,PV10MATH,Plausible Value 10 in Mathematics
2018,estudiantes,PV1READ,PV1READ,Plausible Value 1 in Reading
2018,estudiantes,PV2READ,PV2READ,Plausible Value 2 in Reading
2018,estudiantes,PV3READ,PV3READ,Plausible Value 3 in Reading
2018,estudiantes,PV4READ,PV4READ,Plausible Value 4 in Reading
2018,estudiantes,PV5READ,PV5READ,Plausible Value 5 in Reading
2018,estudiantes,PV6READ,PV6READ,Plausible Value 6 in Reading
2018,estudiantes,PV7READ,PV7READ,Plausible Value 7 in Reading
2018,estudiantes,PV8READ,PV8READ,Plausible Value 8 in Reading
2018,estudiantes,PV9READ,PV9READ,Plausible Value 9 in Reading
2018,estudiantes,PV10READ,PV10READ,Plausible Value 10 in Reading
2018,estudiantes,PV1SCIE,PV1SCIE,Plausible Value 1 in Science
2018,estudiantes,PV2SCIE,PV2SCIE,Plausible Value 2 in Science
2018,estudiantes,PV3SCIE,PV3SCIE,Plausible Value 3 in Science
2018,estudiantes,PV4SCIE,PV4SCIE,Plausible Value 4 in Science
2018,estudiantes,PV5SCIE,PV5SCIE,Plausible Value 5 in Science
2018,estudiantes,PV6SCIE,PV6SCIE,Plausible Value 6 in Science
2018,estudiantes,PV7SCIE,PV7SCIE,Plausible Value 7 in Science
2018,estudiantes,PV8SCIE,PV8SCIE,Plausible Value 8 in Science
2018,estudiantes,PV9SCIE,PV9SCIE,Plausible Value 9 in Science
2018,estudiantes,PV10SCIE,PV10SCIE,Plausible Value 10 in Science
2018,estudiantes,PV1GLCM,PV1GLCM,Plausible Value 1 in Global Competency
2018,estudiantes,PV2GLCM,PV2GLCM,Plausible Value 2 in Global Competency
2018,estudiantes,PV3GLCM,PV3GLCM,Plausible Value 3 in Global Competency
2018,estudiantes,PV4GLCM,PV4GLCM,Plausible Value 4 in Global Competency
2018,estudiantes,PV5GLCM,PV5GLCM,Plausible Value 5 in Global Competency
2018,estudiantes,PV6GLCM,PV6GLCM,Plausible Value 6 in Global Competency
2018,estudiantes,PV7GLCM,PV7GLCM,Plausible Value 7 in Global Competency
2018,estudiantes,PV8GLCM,PV8GLCM,Plausible Value 8 in Global Competency
2018,estudiantes,PV9GLCM,PV9GLCM,Plausible Value 9 in Global Competency
2018,estudiantes,PV10GLCM,PV10GLCM,Plausible Value 10 in Global Competency
2018,estudiantes,PV1RCLI,PV1RCLI,Plausible Value 1 in Cognitive Process Subscale of Reading - Locate Information
2018,estudiantes,PV2RCLI,PV2RCLI,Plausible Value 2 in Cognitive Process Subscale of Reading - Locate Information
2018,estudiantes,PV3RCLI,PV3RCLI,Plausible Value 3 in Cognitive Process Subscale of Reading - Locate Information
2018,estudiantes,PV4RCLI,PV4RCLI,Plausible Value 4 in Cognitive Process Subscale of Reading - Locate Information
2018,estudiantes,PV5RCLI,PV5RCLI,Plausible Value 5 in Cognitive Process Subscale of Reading - Locate Information
2018,estudiantes,PV6RCLI,PV6RCLI,Plausible Value 6 in Cognitive Process Subscale of Reading - Locate Information
2018,estudiantes,PV7RCLI,PV7RCLI,Plausible Value 7 in Cognitive Process Subscale of Reading - Locate Information
2018,estudiantes,PV8RCLI,PV8RCLI,Plausible Value 8 in Cognitive Process Subscale of Reading - Locate Information
2018,estudiantes,PV9RCLI,PV9RCLI,Plausible Value 9 in Cognitive Process Subscale of Reading - Locate Information
2018,estudiantes,PV10RCLI,PV10RCLI,Plausible Value 10 in Cognitive Process Subscale of Reading - Locate Information
2018,estudiantes,PV1RCUN,PV1RCUN,Plausible Value 1 in Cognitive Process Subscale of Reading - Understand
2018,estudiantes,PV2RCUN,PV2RCUN,Plausible Value 2 in Cognitive Process Subscale of Reading - Understand
2018,estudiantes,PV3RCUN,PV3RCUN,Plausible Value 3 in Cognitive Process Subscale of Reading - Understand
2018,estudiantes,PV4RCUN,PV4RCUN,Plausible Value 4 in Cognitive Process Subscale of Reading - Understand
2018,estudiantes,PV5RCUN,PV5RCUN,Plausible Value 5 in Cognitive Process Subscale of Reading - Understand
2018,estudiantes,PV6RCUN,PV6RCUN,Plausible Value 6 in Cognitive Process Subscale of Reading - Understand
2018,estudiantes,PV7RCUN,PV7RCUN,Plausible Value 7 in Cognitive Process Subscale of Reading - Understand
2018,estudiantes,PV8RCUN,PV8RCUN,Plausible Value 8 in Cognitive Process Subscale of Reading - Understand
2018,estudiantes,PV9RCUN,PV9RCUN,Plausible Value 9 in Cognitive Process Subscale of Reading - Understand
2018,estudiantes,PV10RCUN,PV10RCUN,Plausible Value 10 in Cognitive Process Subscale of Reading - Understand
2018,estudiantes,PV1RCER,PV1RCER,Plausible Value 1 in Cognitive Process Subscale of Reading - Evaluate and Reflect
2018,estudiantes,PV2RCER,PV2RCER,Plausible Value 2 in Cognitive Process Subscale of Reading - Evaluate and Reflect
2018,estudiantes,PV3RCER,PV3RCER,Plausible Value 3 in Cognitive Process Subscale of Reading - Evaluate and Reflect
2018,estudiantes,PV4RCER,PV4RCER,Plausible Value 4 in Cognitive Process Subscale of Reading - Evaluate and Reflect
2018,estudiantes,PV5RCER,PV5RCER,Plausible Value 5 in Cognitive Process Subscale of Reading - Evaluate and Reflect
2018,estudiantes,PV6RCER,PV6RCER,Plausible Value 6 in Cognitive Process Subscale of Reading - Evaluate and Reflect
2018,estudiantes,PV7RCER,PV7RCER,Plausible Value 7 in Cognitive Process Subscale of Reading - Evaluate and Reflect
2018,estudiantes,PV8RCER,PV8RCER,Plausible Value 8 in Cognitive Process Subscale of Reading - Evaluate and Reflect
2018,estudiantes,PV9RCER,PV9RCER,Plausible Value 9 in Cognitive Process Subscale of Reading - Evaluate and Reflect
2018,estudiantes,PV10RCER,PV10RCER,Plausible Value 10 in Cognitive Process Subscale of Reading - Evaluate and Reflect
2018,estudiantes,PV1RTSN,PV1RTSN,Plausible Value 1 in Text Structure Subscale of Reading - Single
2018,estudiantes,PV2RTSN,PV2RTSN,Plausible Value 2 in Text Structure Subscale of Reading - Single
2018,estudiantes,PV3RTSN,PV3RTSN,Plausible Value 3 in Text Structure Subscale of Reading - Single
2018,estudiantes,PV4RTSN,PV4RTSN,Plausible Value 4 in Text Structure Subscale of Reading - Single
2018,estudiantes,PV5RTSN,PV5RTSN,Plausible Value 5 in Text Structure Subscale of Reading - Single
2018,estudiantes,PV6RTSN,PV6RTSN,Plausible Value 6 in Text Structure Subscale of Reading - Single
2018,estudiantes,PV7RTSN,PV7RTSN,Plausible Value 7 in Text Structure Subscale of Reading - Single
2018,estudiantes,PV8RTSN,PV8RTSN,Plausible Value 8 in Text Structure Subscale of Reading - Single
2018,estudiantes,PV9RTSN,PV9RTSN,Plausible Value 9 in Text Structure Subscale of Reading - Single
2018,estudiantes,PV10RTSN,PV10RTSN,Plausible Value 10 in Text Structure Subscale of Reading - Single
2018,estudiantes,PV1RTML,PV1RTML,Plausible Value 1 in Text Structure Subscale of Reading - Multiple
2018,estudiantes,PV2RTML,PV2RTML,Plausible Value 2 in Text Structure Subscale of Reading - Multiple
2018,estudiantes,PV3RTML,PV3RTML,Plausible Value 3 in Text Structure Subscale of Reading - Multiple
2018,estudiantes,PV4RTML,PV4RTML,Plausible Value 4 in Text Structure Subscale of Reading - Multiple
2018,estudiantes,PV5RTML,PV5RTML,Plausible Value 5 in Text Structure Subscale of Reading - Multiple
2018,estudiantes,PV6RTML,PV6RTML,Plausible Value 6 in Text Structure Subscale of Reading - Multiple
2018,estudiantes,PV7RTML,PV7RTML,Plausible Value 7 in Text Structure Subscale of Reading - Multiple
2018,estudiantes,PV8RTML,PV8RTML,Plausible Value 8 in Text Structure Subscale of Reading - Multiple
2018,estudiantes,PV9RTML,PV9RTML,Plausible Value 9 in Text Structure Subscale of Reading - Multiple
2018,estudiantes,PV10RTML,PV10RTML,Plausible Value 10 in Text Structure Subscale of Reading - Multiple
2018,estudiantes,SENWT,SENWT,Senate Weight (sum of 5000 per country)
2018,estudiantes,VER_DAT,VER_DAT,Date of the database creation
2018,estudiantes,i,i,
2018,estudiantes,EDICION,,Añadida por el pipeline: año de la edición
2018,colegios,CNTRYID,CNTRYID,Country Identifier
2018,colegios,CNT,CNT,Country code 3-character
2018,colegios,CNTSCHID,CNTSCHID,Intl. School ID
2018,colegios,CYC,CYC,PISA Assessment Cycle (2 digits + 2 character Assessment type - MS/FT)
2018,colegios,NatCen,NatCen,National Centre 6-digit Code
2018,colegios,Region,Region,Region
2018,colegios,STRATUM,STRATUM,Stratum ID 7-character (cnt + region ID + original stratum ID)
2018,colegios,SUBNATIO,SUBNATIO,Adjudicated sub-region code 7-digit code (3-digit country code + region ID + stratum ID)
2018,colegios,OECD,OECD,OECD country
2018,colegios,ADMINMODE,ADMINMODE,Mode of Respondent
2018,colegios,LANGTEST,LANGTEST,Language of Questionnaire/Assessment
2018,colegios,SC001Q01TA,SC001Q01TA,Which of the following definitions best describes the community in which your school is located?
2018,colegios,SC013Q01TA,SC013Q01TA,Is your school a public or a private school?
2018,colegios,SC016Q01TA,SC016Q01TA,Percentage of total funding for school year from: Government
2018,colegios,SC016Q02TA,SC016Q02TA,Percentage of total funding for school year from: Student fees or school charges paid by parents
2018,colegios,SC016Q03TA,SC016Q03TA,"Percentage of total funding for school year from: Benefactors, donations, bequests, sponsorships, parent fundraising"
2018,colegios,SC016Q04TA,SC016Q04TA,Percentage of total funding for school year from: Other
2018,colegios,SC017Q01NA,SC017Q01NA,School's instruction hindered by: A lack of teaching staff.
2018,colegios,SC017Q02NA,SC017Q02NA,School's instruction hindered by: Inadequate or poorly qualified teaching staff.
2018,colegios,SC017Q03NA,SC017Q03NA,School's instruction hindered by: A lack of assisting staff.
2018,colegios,SC017Q04NA,SC017Q04NA,School's instruction hindered by: Inadequate or poorly qualified assisting staff.
2018,colegios,SC017Q05NA,SC017Q05NA,School's instruction hindered by: A lack of educational material [...]
2018,colegios,SC017Q06NA,SC017Q06NA,School's instruction hindered by: Inadequate or poor quality educational material [...]
2018,colegios,SC017Q07NA,SC017Q07NA,School's instruction hindered by: A lack of physical infrastructure [...]
2018,colegios,SC017Q08NA,SC017Q08NA,School's instruction hindered by: Inadequate or poor quality physical infrastructure [...]
2018,colegios,SC161Q01SA,SC161Q01SA,"Main responsibility for career guidance at school: Not applicable, career guidance is not available in this school"
2018,colegios,SC161Q02SA,SC161Q02SA,Main responsibility for career guidance at school: All teachers share the responsibility for career guidance
2018,colegios,SC161Q03SA,SC161Q03SA,Main responsibility for career guidance at school: Specific teachers have the main responsibility for career guidance
2018,colegios,SC161Q04SA,SC161Q04SA,Main responsibility for career guidance at school: We have [...] career guidance counsellors employed at school
2018,colegios,SC161Q05SA,SC161Q05SA,Main responsibility for career guidance at school: We have [...] career guidance counsellors who regularly visit [...]
2018,colegios,SC162Q01SA,SC162Q01SA,"If career guidance is available at your school, which of the statements below best describes the situation for [...]"
2018,colegios,SC155Q01HA,SC155Q01HA,School's capacity using digital devices: The number of digital devices connected to the Internet is sufficient
2018,colegios,SC155Q02HA,SC155Q02HA,School's capacity using digital devices: The school's Internet bandwidth or speed is sufficient
2018,colegios,SC155Q03HA,SC155Q03HA,School's capacity using digital devices: The number of digital devices for instruction is sufficient
2018,colegios,SC155Q04HA,SC155Q04HA,School's capacity using digital devices: Digital devices [...] are sufficiently powerful in terms of computing capacity
2018,colegios,SC155Q05HA,SC155Q05HA,School's capacity using digital devices: The availability of adequate software is sufficient
2018,colegios,SC155Q06HA,SC155Q06HA,School's capacity using digital devices: Teachers have the [...] skills to integrate digital devices in instruction
2018,colegios,SC155Q07HA,SC155Q07HA,School's capacity using digital devices: Teachers have sufficient time to prepare lessons integrating digital devices
2018,colegios,SC155Q08HA,SC155Q08HA,School's capacity using digital devices: Effective professional resources for teachers to learn how to use digital [...]
2018,colegios,SC155Q09HA,SC155Q09HA,School's capacity using digital devices: An effective online learning support platform is available
2018,colegios,SC155Q10HA,SC155Q10HA,School's capacity using digital devices: Teachers are provided with incentives to integrate digital devices in [...]
2018,colegios,SC155Q11HA,SC155Q11HA,School's capacity using digital devices: The school has sufficient qualified technical assistant staff
2018,colegios,SC156Q01HA,SC156Q01HA,At school: Its own written statement about the use of digital devices
2018,colegios,SC156Q02HA,SC156Q02HA,At school: Its own written statement specifically about the use of digital devices for pedagogical purposes
2018,colegios,SC156Q03HA,SC156Q03HA,At school: A programme to use digital devices for teaching and learning in specific subjects
2018,colegios,SC156Q04HA,SC156Q04HA,At school: Regular discussions with teaching staff about the use of digital devices for pedagogical purposes
2018,colegios,SC156Q05HA,SC156Q05HA,At school: A specific programme to prepare students for responsible Internet behaviour
2018,colegios,SC156Q06HA,SC156Q06HA,"At school: A specific policy about using Social Networks (<Facebook>, etc.) in teaching and learning"
2018,colegios,SC156Q07HA,SC156Q07HA,At school: A specific programme to promote collaboration on the use of digital devices among teachers
2018,colegios,SC156Q08HA,SC156Q08HA,"At school: Scheduled time for teachers to meet to share, evaluate or develop instructional materials and [...]"
2018,colegios,SC011Q01TA,SC011Q01TA,Which of the following statements best describes the schooling available to students in your location?
2018,colegios,SC012Q01TA,SC012Q01TA,Student admission to school: Student's record of academic performance (including placement tests)
2018,colegios,SC012Q02TA,SC012Q02TA,Student admission to school: Recommendation of feeder schools
2018,colegios,SC012Q03TA,SC012Q03TA,Student admission to school: Parents' endorsement of the instructional or religious philosophy of the school
2018,colegios,SC012Q04TA,SC012Q04TA,Student admission to school: Whether the student requires or is interested in a special programme
2018,colegios,SC012Q05TA,SC012Q05TA,Student admission to school: Preference given to family members of current or former students
2018,colegios,SC012Q06TA,SC012Q06TA,Student admission to school: Residence in a particular area
2018,colegios,SC012Q07TA,SC012Q07TA,Student admission to school: Other
2018,colegios,SC042Q01TA,SC042Q01TA,School's policy for <national modal grade for 15-year-olds>: Students are grouped by ability into different classes.
2018,colegios,SC042Q02TA,SC042Q02TA,School's policy for <national modal grade for 15-year-olds>: Students are grouped by ability within their classes.
2018,colegios,SC154Q01HA,SC154Q01HA,School's use of assessments of students: To guide students' learning
2018,colegios,SC154Q02WA,SC154Q02WA,School's use of assessments of students: To inform parents about their child's progress
2018,colegios,SC154Q03WA,SC154Q03WA,School's use of assessments of students: To make decisions about students' retention or promotion
2018,colegios,SC154Q04WA,SC154Q04WA,School's use of assessments of students: To group students for instructional purposes
2018,colegios,SC154Q05WA,SC154Q05WA,School's use of assessments of students: To compare the school to <district or national> performance
2018,colegios,SC154Q06WA,SC154Q06WA,School's use of assessments of students: To monitor the school’s progress from year to year
2018,colegios,SC154Q07WA,SC154Q07WA,School's use of assessments of students: To make judgements about teachers' effectiveness
2018,colegios,SC154Q08WA,SC154Q08WA,School's use of assessments of students: To identify aspects of instruction or the curriculum that could be improved
2018,colegios,SC154Q09HA,SC154Q09HA,School's use of assessments of students: To adapt teaching to the students' needs
2018,colegios,SC154Q10WA,SC154Q10WA,School's use of assessments of students: To compare the school with other schools
2018,colegios,SC154Q11HA,SC154Q11HA,School's use of assessments of students: To award certificates to students
2018,colegios,SC036Q01TA,SC036Q01TA,Use of achievement data in school: Achievement data are posted publicly (e.g. in the media)
2018,colegios,SC036Q02TA,SC036Q02TA,Use of achievement data in school: Achievement data are tracked over time by an administrative authority
2018,colegios,SC036Q03NA,SC036Q03NA,Use of achievement data in school: Achievement data are provided directly to parents
2018,colegios,SC037Q01TA,SC037Q01TA,Quality assurance at school: Internal evaluation/Self-evaluation
2018,colegios,SC037Q02TA,SC037Q02TA,Quality assurance at school: External evaluation
2018,colegios,SC037Q03TA,SC037Q03TA,Quality assurance at school: Written specification of the school's curricular profile and educational goals
2018,colegios,SC037Q04TA,SC037Q04TA,Quality assurance at school: Written specification of student performance standards
2018,colegios,SC037Q05NA,SC037Q05NA,Quality assurance at school: Systematic recording of data such as [...] attendance and professional development
2018,colegios,SC037Q06NA,SC037Q06NA,Quality assurance at school: Systematic recording of student test results and graduation rates
2018,colegios,SC037Q07TA,SC037Q07TA,"Quality assurance at school: Seeking written feedback from students (e.g. regarding lessons, teachers or resources)"
2018,colegios,SC037Q08TA,SC037Q08TA,Quality assurance at school: Teacher mentoring
2018,colegios,SC037Q09TA,SC037Q09TA,Quality assurance at school: Regular consultation aimed at school improvement [...] over a period of at least six months
2018,colegios,SC037Q10NA,SC037Q10NA,Quality assurance at school: Implementation of a standardised policy for reading subjects [...]
2018,colegios,SC165Q01HA,SC165Q01HA,Teachers' practices: [...] students learn about the histories of diverse cultural groups that live in <country of test>.
2018,colegios,SC165Q02HA,SC165Q02HA,Teachers' practices: [...] students learn about the histories of diverse cultural groups that live in other countries.
2018,colegios,SC165Q03HA,SC165Q03HA,Teachers' practices: [...] students learn about the cultures [...] of [...] groups that live in <country of test>
2018,colegios,SC165Q04HA,SC165Q04HA,Teachers' practices: [...] students learn about different cultural perspectives on historical and social events.
2018,colegios,SC165Q05HA,SC165Q05HA,Teachers' practices: Our school supports activities that encourage students’ expression of diverse identities [...]
2018,colegios,SC165Q06HA,SC165Q06HA,Teachers' practices: Our school offers an exchange programme with schools in other countries.
2018,colegios,SC165Q07HA,SC165Q07HA,Teachers' practices: Our school organises multicultural events (e.g. cultural diversity day).
2018,colegios,SC165Q08HA,SC165Q08HA,"Teachers' practices: In our school, we celebrate festivities from other cultures."
2018,colegios,SC165Q09HA,SC165Q09HA,"Teachers' practices: In our school, students are encouraged to communicate with people from other cultures via [...]"
2018,colegios,SC165Q10HA,SC165Q10HA,Teachers' practices: Our school adopts different approaches to educate students about cultural differences [...]
2018,colegios,SC166Q02HA,SC166Q02HA,Opinion shared by teaching staff: It is important for students to learn that people from other cultures can have [...]
2018,colegios,SC166Q03HA,SC166Q03HA,Opinion shared by teaching staff: Respecting other cultures is something that students should learn as early as possible
2018,colegios,SC166Q05HA,SC166Q05HA,"Opinion shared by teaching staff: In the classroom, it is important that students of different origins recognise [...]"
2018,colegios,SC166Q06HA,SC166Q06HA,"Opinion shared by teaching staff: When there are conflicts between students of different origins, they should be [...]"
2018,colegios,SC167Q01HA,SC167Q01HA,Curriculum for the following in <national modal grade for 15-year-olds>: Communicating with people from different [...]
2018,colegios,SC167Q02HA,SC167Q02HA,Curriculum for the following in <national modal grade for 15-year-olds>: Knowledge of different cultures
2018,colegios,SC167Q03HA,SC167Q03HA,Curriculum for the following in <national modal grade for 15-year-olds>: Openness to intercultural experiences
2018,colegios,SC167Q04HA,SC167Q04HA,Curriculum for the following in <national modal grade for 15-year-olds>: Respect for cultural diversity
2018,colegios,SC167Q05HA,SC167Q05HA,Curriculum for the following in <national modal grade for 15-year-olds>: Foreign languages
2018,colegios,SC167Q06HA,SC167Q06HA,Curriculum for the following in <national modal grade for 15-year-olds>: Critical thinking skills
2018,colegios,SC158Q01HA,SC158Q01HA,Formal curriculum in <national modal grade for 15-year-olds>: Climate change and global warming
2018,colegios,SC158Q02HA,SC158Q02HA,Formal curriculum in <national modal grade for 15-year-olds>: Global health (e.g. epidemics)
2018,colegios,SC158Q04HA,SC158Q04HA,Formal curriculum in <national modal grade for 15-year-olds>: Migration (movement of people)
2018,colegios,SC158Q07HA,SC158Q07HA,Formal curriculum in <national modal grade for 15-year-olds>: International conflicts
2018,colegios,SC158Q08HA,SC158Q08HA,Formal curriculum in <national modal grade for 15-year-olds>: Hunger or malnutrition in different parts of the world
2018,colegios,SC158Q09HA,SC158Q09HA,Formal curriculum in <national modal grade for 15-year-olds>: Causes of poverty
2018,colegios,SC158Q12HA,SC158Q12HA,Formal curriculum in <national modal grade for 15-year-olds>: Equality between men and women in [...] the world
2018,colegios,SC061Q01TA,SC061Q01TA,Extent to which student learning is hindered by: Student truancy
2018,colegios,SC061Q02TA,SC061Q02TA,Extent to which student learning is hindered by: Students skipping classes
2018,colegios,SC061Q03TA,SC061Q03TA,Extent to which student learning is hindered by: Students lacking respect for teachers
2018,colegios,SC061Q04TA,SC061Q04TA,Extent to which student learning is hindered by: Student use of alcohol or illegal drugs
2018,colegios,SC061Q05TA,SC061Q05TA,Extent to which student learning is hindered by: Students intimidating or bullying other students
2018,colegios,SC061Q11HA,SC061Q11HA,Extent to which student learning is hindered by: Students not being attentive
2018,colegios,SC061Q06TA,SC061Q06TA,Extent to which student learning is hindered by: Teachers not meeting individual students' needs
2018,colegios,SC061Q07TA,SC061Q07TA,Extent to which student learning is hindered by: Teacher absenteeism
2018,colegios,SC061Q08TA,SC061Q08TA,Extent to which student learning is hindered by: Staff resisting change
2018,colegios,SC061Q09TA,SC061Q09TA,Extent to which student learning is hindered by: Teachers being too strict with students
2018,colegios,SC061Q10TA,SC061Q10TA,Extent to which student learning is hindered by: Teachers not being well prepared for classes
2018,colegios,SC002Q01TA,SC002Q01TA,"As of <February 1, 2018>, what was the total school enrolment (number of students)? Number of boys"
2018,colegios,SC002Q02TA,SC002Q02TA,"As of <February 1, 2018>, what was the total school enrolment (number of students)? Number of girls"
2018,colegios,SC048Q01NA,SC048Q01NA,Percentage <national modal grade for 15-year-olds>: Students whose <heritage language> is different from <test language>
2018,colegios,SC048Q02NA,SC048Q02NA,Percentage <national modal grade for 15-year-olds>: Students with special needs
2018,colegios,SC048Q03NA,SC048Q03NA,Percentage <national modal grade for 15-year-olds>: Students from socioeconomically disadvantaged homes
2018,colegios,SC004Q01TA,SC004Q01TA,"At your school, what is the total number of students in the <national modal grade for 15-year-olds>?"
2018,colegios,SC004Q02TA,SC004Q02TA,"Approximately, how many computers are available for these students for educational purposes?"
2018,colegios,SC004Q03TA,SC004Q03TA,"Approximately, how many of these computers are connected to Internet/World Wide Web?"
2018,colegios,SC004Q04NA,SC004Q04NA,"Approximately, how many of these computers are portable (e.g. laptop, tablet)?"
2018,colegios,SC004Q05NA,SC004Q05NA,"Approximately, how many interactive Whiteboards are available in the school altogether?"
2018,colegios,SC004Q06NA,SC004Q06NA,"Approximately, how many data projectors are available in the school altogether?"
2018,colegios,SC004Q07NA,SC004Q07NA,"Approximately, how many computers with Internet connection are available for teachers in your school?"
2018,colegios,SC018Q01TA01,SC018Q01TA01,Teachers in TOTAL: Full-time
2018,colegios,SC018Q01TA02,SC018Q01TA02,Teachers in TOTAL: Part-time
2018,colegios,SC018Q02TA01,SC018Q02TA01,Teachers <fully certified> by <the appropriate authority>: Full-time
2018,colegios,SC018Q02TA02,SC018Q02TA02,Teachers <fully certified> by <the appropriate authority>: Part-time
2018,colegios,SC018Q05NA01,SC018Q05NA01,Teachers with an <ISCED Level 5A Bachelor degree> qualification: Full-time
2018,colegios,SC018Q05NA02,SC018Q05NA02,Teachers with an <ISCED Level 5A Bachelor degree> qualification: Part-time
2018,colegios,SC018Q06NA01,SC018Q06NA01,Teachers with an <ISCED Level 5A Master's degree> qualification: Full-time
2018,colegios,SC018Q06NA02,SC018Q06NA02,Teachers with an <ISCED Level 5A Master's degree> qualification: Part-time
2018,colegios,SC018Q07NA01,SC018Q07NA01,Teachers with an <ISCED Level 6> qualification: Full-time
2018,colegios,SC018Q07NA02,SC018Q07NA02,Teachers with an <ISCED Level 6> qualification: Part-time
2018,colegios,SC025Q01NA,SC025Q01NA,"During the last three months, what percentage of teaching staff [...] attended a programme of professional development?"
2018,colegios,SC159Q01HA,SC159Q01HA,Does your school host visiting teachers from other countries?
2018,colegios,SC003Q01TA,SC003Q01TA,What is the average size of <test language> classes in <national modal grade for 15-year-olds> in your school?
2018,colegios,SC053Q01TA,SC053Q01TA,"<This academic year>, activities offered to <national modal grade for 15-year-olds>: Band, orchestra or choir"
2018,colegios,SC053Q02TA,SC053Q02TA,"<This academic year>, activities offered to <national modal grade for 15-year-olds>: School play or school musical"
2018,colegios,SC053Q03TA,SC053Q03TA,"<This academic year>, activities offered to <national modal grade for 15-year-olds>: School yearbook, newspaper [...]"
2018,colegios,SC053Q04TA,SC053Q04TA,"<This academic year>, activities offered to <national modal grade for 15-year-olds>: Volunteering [...]"
2018,colegios,SC053Q12IA,SC053Q12IA,"<This academic year>, activities offered to <national modal grade for 15-year-olds>: Book club"
2018,colegios,SC053Q13IA,SC053Q13IA,"<This academic year>, activities offered to <national modal grade for 15-year-olds>: Debating club or debating [...]"
2018,colegios,SC053Q09TA,SC053Q09TA,"<This academic year>, activities offered to <national modal grade for 15-year-olds>: Art club or art activities"
2018,colegios,SC053Q10TA,SC053Q10TA,"<This academic year>, activities offered to <national modal grade for 15-year-olds>: Sporting team or sporting [...]"
2018,colegios,SC053Q14IA,SC053Q14IA,"<This academic year>, activities offered to <national modal grade for 15-year-olds>: Lectures and/or seminars [...]"
2018,colegios,SC053Q15IA,SC053Q15IA,"<This academic year>, activities offered to <national modal grade for 15-year-olds>: Collaboration with local libraries"
2018,colegios,SC053Q16IA,SC053Q16IA,"<This academic year>, activities offered to <national modal grade for 15-year-olds>: Collaboration with local newspapers"
2018,colegios,SC053D11TA,SC053D11TA,"<This academic year>,follow. activities/school offers<national modal grade for 15-year-olds>? <country specific item>"
2018,colegios,SC150Q01IA,SC150Q01IA,School's equity-oriented policies: These students attend regular classes and receive additional periods of [...]
2018,colegios,SC150Q02IA,SC150Q02IA,"School's equity-oriented policies: Before transferring to regular classes, [...] preparatory programme aimed at [...]"
2018,colegios,SC150Q03IA,SC150Q03IA,"School's equity-oriented policies: Before transferring to regular classes, [...] instruction in school subjects [...]"
2018,colegios,SC150Q04IA,SC150Q04IA,School's equity-oriented policies: These students receive [...] amounts of instruction in their <heritage language>
2018,colegios,SC150Q05IA,SC150Q05IA,School’s equity-oriented policies: Class size is reduced to cater to the special needs of these students.
2018,colegios,SC164Q01HA,SC164Q01HA,"In the last full academic year, what proportion of students in [...] final grade left school without a <certificate>?"
2018,colegios,SC064Q01TA,SC064Q01TA,Proportion of parents: Discussed their child's progress with a teacher on their own initiative
2018,colegios,SC064Q02TA,SC064Q02TA,Proportion of parents: Discussed their child's progress on the initiative of one of their child's teachers
2018,colegios,SC064Q03TA,SC064Q03TA,Proportion of parents: Participated in local school government (e.g. parent council or school management committee)
2018,colegios,SC064Q04NA,SC064Q04NA,Proportion of parents: Volunteered in physical or extra-curricular activities [...]
2018,colegios,SC152Q01HA,SC152Q01HA,Does your school offer additional <test language> lessons [...] during the usual school hours?
2018,colegios,SC160Q01WA,SC160Q01WA,What is the purpose of these additional <test language> lessons?
2018,colegios,SC052Q01NA,SC052Q01NA,"For 15-year old students, school provides study help: Room(s) where the students can do their homework"
2018,colegios,SC052Q02NA,SC052Q02NA,"For 15-year old students, school provides study help: Staff help with homework"
2018,colegios,SC052Q03HA,SC052Q03HA,"For 15-year old students, school provides study help: Peer-to-peer tutoring"
2018,colegios,PRIVATESCH,PRIVATESCH,"School type derived from sampling information; values = public, private, missing"
2018,colegios,SCHLTYPE,SCHLTYPE,School Ownership
2018,colegios,STRATIO,STRATIO,Student-Teacher ratio
2018,colegios,SCHSIZE,SCHSIZE,School Size (Sum)
2018,colegios,RATCMP1,RATCMP1,Number of available computers per student at modal grade
2018,colegios,RATCMP2,RATCMP2,Proportion of available computers that are connected to the Internet
2018,colegios,TOTAT,TOTAT,Total number of all teachers at school
2018,colegios,PROATCE,PROATCE,Index proportion of all teachers fully certified
2018,colegios,PROAT5AB,PROAT5AB,Index proportion of all teachers ISCED LEVEL 5A Bachelor
2018,colegios,PROAT5AM,PROAT5AM,Index proportion of all teachers ISCED LEVEL 5A Master
2018,colegios,PROAT6,PROAT6,Index proportion of all teachers ISCED LEVEL 6
2018,colegios,CLSIZE,CLSIZE,Class Size
2018,colegios,CREACTIV,CREACTIV,Creative extra-curricular activities (Sum)
2018,colegios,EDUSHORT,EDUSHORT,Shortage of educational material (WLE)
2018,colegios,STAFFSHORT,STAFFSHORT,Shortage of educational staff (WLE)
2018,colegios,STUBEHA,STUBEHA,Student behaviour hindering learning (WLE)
2018,colegios,TEACHBEHA,TEACHBEHA,Teacher behaviour hindering learning (WLE)
2018,colegios,SCMCEG,SCMCEG,School principal's view on teachers' multicultural and egalitarian beliefs (WLE)
2018,colegios,W_SCHGRNRABWT,W_SCHGRNRABWT,GRADE NONRESPONSE ADJUSTED SCHOOL BASE WEIGHT
2018,colegios,W_FSTUWT_SCH_SUM,W_FSTUWT_SCH_SUM,Sum of W_FSTUWT
2018,colegios,SENWT,SENWT,Senate Weight (sum of 5000 per country)
2018,colegios,VER_DAT,VER_DAT,Date of the database creation
2018,colegios,M,M,
2018,colegios,BOOKID,BOOKID,
2018,colegios,EDICION,,Añadida por el pipeline: año de la edición
2018,estudiantes,DOMINIO_PRINCIPAL,,Añadida por el pipeline: dominio focal del ciclo
2018,estudiantes,ESCS_TREND,,"Añadida por el pipeline: ESCS reescalado por la OCDE (escs_trend.csv), comparable con 2022"
2018,estudiantes,HISEI_TREND,,"Añadida por el pipeline: HISEI reescalado por la OCDE (escs_trend.csv), comparable con 2022"
2018,estudiantes,HOMEPOS_TREND,,"Añadida por el pipeline: HOMEPOS reescalado por la OCDE (escs_trend.csv), comparable con 2022"
2018,estudiantes,PAREDINT_TREND,,"Añadida por el pipeline: PAREDINT reescalado por la OCDE (escs_trend.csv), comparable con 2022"
2022,estudiantes,CNT,CNT,Country code 3-character
2022,estudiantes,CNTRYID,CNTRYID,Country Identifier
2022,estudiantes,CNTSCHID,CNTSCHID,Intl. School ID
2022,estudiantes,CNTSTUID,CNTSTUID,Intl. Student ID
2022,estudiantes,CYC,CYC,PISA Assessment Cycle (2 digits + 2 character Assessment type - MS/FT)
2022,estudiantes,NatCen,NatCen,National Centre 6-digit Code
2022,estudiantes,STRATUM,STRATUM,Stratum ID 5-character (cnt + original stratum ID)
2022,estudiantes,SUBNATIO,SUBNATIO,Adjudicated sub-region code 7-digit code (3-digit country code + region ID + stratum ID)
2022,estudiantes,REGION,REGION,REGION
2022,estudiantes,OECD,OECD,OECD country
2022,estudiantes,ADMINMODE,ADMINMODE,Mode of Respondent
2022,estudiantes,LANGTEST_QQQ,LANGTEST_QQQ,Language of Questionnaire
2022,estudiantes,LANGTEST_COG,LANGTEST_COG,Language of Assessment
2022,estudiantes,LANGTEST_PAQ,LANGTEST_PAQ,Language of Parent Questionnaire
2022,estudiantes,Option_CT,Option_CT,Creative Thinking Option
2022,estudiantes,Option_FL,Option_FL,Financial Literacy Option
2022,estudiantes,Option_ICTQ,Option_ICTQ,ICT Questionnaire Option
2022,estudiantes,Option_WBQ,Option_WBQ,Well-Being Questionnaire Option
2022,estudiantes,Option_PQ,Option_PQ,Parent Questionnaire Option
2022,estudiantes,Option_TQ,Option_TQ,Teacher Questionnaire Option
2022,estudiantes,Option_UH,Option_UH,Une Heure Option
2022,estudiantes,BOOKID,BOOKID,Form Identifier
2022,estudiantes,ST001D01T,ST001D01T,Student International Grade (Derived)
2022,estudiantes,ST003D02T,ST003D02T,Student (Standardized) Birth - Month
2022,estudiantes,ST003D03T,ST003D03T,Student (Standardized) Birth -Year
2022,estudiantes,ST004D01T,ST004D01T,Student (Standardized) Gender
2022,estudiantes,ST250Q01JA,ST250Q01JA,Which of the following are in your [home]: A room of your own
2022,estudiantes,ST250Q02JA,ST250Q02JA,"Which of the following are in your [home]: A computer (laptop, desktop, or tablet) that you can use for school work"
2022,estudiantes,ST250Q03JA,ST250Q03JA,Which of the following are in your [home]: Educational Software or Apps
2022,estudiantes,ST250Q04JA,ST250Q04JA,Which of the following are in your [home]: Your own [cell phone] with Internet access (e.g. smartphone)
2022,estudiantes,ST250Q05JA,ST250Q05JA,Which of the following are in your [home]: Internet access (e.g. Wi-fi) (excluding through smartphones)
2022,estudiantes,ST250D06JA,ST250D06JA,Which of the following are in your home? <Country-specific item 1>
2022,estudiantes,ST250D07JA,ST250D07JA,Which of the following are in your home? <Country-specific item 2>
2022,estudiantes,ST251Q01JA,ST251Q01JA,"How many of these items are there at your [home]: Cars, vans, or trucks"
2022,estudiantes,ST251Q02JA,ST251Q02JA,How many of these items are there at your [home]: Mopeds or motorcycles
2022,estudiantes,ST251Q03JA,ST251Q03JA,How many of these items are there at your [home]: Rooms with a bath or shower
2022,estudiantes,ST251Q04JA,ST251Q04JA,How many of these items are there at your [home]: Rooms with a [flush toilet]
2022,estudiantes,ST251Q06JA,ST251Q06JA,"How many of these items are there at your [home]: Musical instruments (e.g. guitar, piano, [country-specific example])"
2022,estudiantes,ST251Q07JA,ST251Q07JA,"How many of these items are there at your [home]: Works of art (e.g. paintings, sculptures, [country-specific example])"
2022,estudiantes,ST251D08JA,ST251D08JA,How many of these items are there at your home? <Country-specific item 1>
2022,estudiantes,ST251D09JA,ST251D09JA,How many of these items are there at your home? <Country-specific item 2>
2022,estudiantes,ST253Q01JA,ST253Q01JA,How many [digital devices] with screens are there in your [home]?
2022,estudiantes,ST254Q01JA,ST254Q01JA,How many of the following [digital devices] are in your [home]: Televisions
2022,estudiantes,ST254Q02JA,ST254Q02JA,How many of the following [digital devices] are in your [home]: Desktop computers
2022,estudiantes,ST254Q03JA,ST254Q03JA,How many of the following [digital devices] are in your [home]: Laptop computers or notebooks
2022,estudiantes,ST254Q04JA,ST254Q04JA,"How many of the following [digital devices] are in your [home]: Tablets (e.g. [iPad®], [BlackBerry® Playbook™])"
2022,estudiantes,ST254Q05JA,ST254Q05JA,"How many of the following [digital devices] are in your [home]: E-book readers (e.g. [Kindle™], [Kobo], [Bookeen])"
2022,estudiantes,ST254Q06JA,ST254Q06JA,How many of the following [digital devices] are in your [home]: [Cell phones] with Internet access (i.e. smartphones)
2022,estudiantes,ST255Q01JA,ST255Q01JA,How many books are there in your [home]?
2022,estudiantes,ST256Q01JA,ST256Q01JA,"How many of these books at [home]: Religious books (e.g. [Bible], [Example 2])"
2022,estudiantes,ST256Q02JA,ST256Q02JA,"How many of these books at [home]: Classical literature (e.g. [Shakespeare], [Example 2])"
2022,estudiantes,ST256Q03JA,ST256Q03JA,How many of these books at [home]: Contemporary literature
2022,estudiantes,ST256Q06JA,ST256Q06JA,How many of these books at [home]: Books on science
2022,estudiantes,ST256Q07JA,ST256Q07JA,"How many of these books at [home]: Books on art, music, or design"
2022,estudiantes,ST256Q08JA,ST256Q08JA,How many of these books at [home]: [Technical reference books]
2022,estudiantes,ST256Q09JA,ST256Q09JA,How many of these books at [home]: Dictionaries
2022,estudiantes,ST256Q10JA,ST256Q10JA,How many of these books at [home]: Books to help with your school work
2022,estudiantes,ST230Q01JA,ST230Q01JA,"How many siblings (including brothers, sisters, step-brothers, and step-sisters) do you have?"
2022,estudiantes,ST005Q01JA,ST005Q01JA,What is the [highest level of schooling] completed by your mother?
2022,estudiantes,ST006Q01JA,ST006Q01JA,Does your mother have any of the following qualifications: [ISCED level 8]
2022,estudiantes,ST006Q02JA,ST006Q02JA,Does your mother have any of the following qualifications: [ISCED level 7]
2022,estudiantes,ST006Q03JA,ST006Q03JA,Does your mother have any of the following qualifications: [ISCED level 6]
2022,estudiantes,ST006Q04JA,ST006Q04JA,Does your mother have any of the following qualifications: [ISCED level 5]
2022,estudiantes,ST006Q05JA,ST006Q05JA,Does your mother have any of the following qualifications: [ISCED level 4]
2022,estudiantes,ST007Q01JA,ST007Q01JA,What is the [highest level of schooling] completed by your father?
2022,estudiantes,ST008Q01JA,ST008Q01JA,Does your father have any of the following qualifications: [ISCED level 8]
2022,estudiantes,ST008Q02JA,ST008Q02JA,Does your father have any of the following qualifications: [ISCED level 7]
2022,estudiantes,ST008Q03JA,ST008Q03JA,Does your father have any of the following qualifications: [ISCED level 6]
2022,estudiantes,ST008Q04JA,ST008Q04JA,Does your father have any of the following qualifications: [ISCED level 5]
2022,estudiantes,ST008Q05JA,ST008Q05JA,Does your father have any of the following qualifications: [ISCED level 4]
2022,estudiantes,ST258Q01JA,ST258Q01JA,"In the past 30 days, how often did you not eat because there was not enough money to buy food?"
2022,estudiantes,ST259Q01JA,ST259Q01JA,Now think about where you would place your family on this scale. Where would you say your family stands at this time?
2022,estudiantes,ST259Q02JA,ST259Q02JA,Now think about where you would place your family on this scale. Where do you think you will stand when you are 30?
2022,estudiantes,ST019AQ01T,ST019AQ01T,In what country were you and your parents born? You
2022,estudiantes,ST019BQ01T,ST019BQ01T,In what country were you and your parents born? Mother
2022,estudiantes,ST019CQ01T,ST019CQ01T,In what country were you and your parents born? Father
2022,estudiantes,ST021Q01TA,ST021Q01TA,How old were you when you arrived in [country of test]?
2022,estudiantes,ST022Q01TA,ST022Q01TA,What language do you speak at home most of the time?
2022,estudiantes,ST226Q01JA,ST226Q01JA,How long have you been enrolled at this school?
2022,estudiantes,ST125Q01NA,ST125Q01NA,How old were you when you started [ISCED 0]: Years
2022,estudiantes,ST126Q01TA,ST126Q01TA,How old were you when you started [ISCED 1]: Years
2022,estudiantes,ST127Q01TA,ST127Q01TA,Have you ever repeated a [grade]: At [ISCED 1]
2022,estudiantes,ST127Q02TA,ST127Q02TA,Have you ever repeated a [grade]: At [ISCED 2]
2022,estudiantes,ST127Q03TA,ST127Q03TA,Have you ever repeated a [grade]: At [ISCED 3]
2022,estudiantes,ST260Q01JA,ST260Q01JA,Have you ever missed school for more than three months in a row: At [ISCED 1]
2022,estudiantes,ST260Q02JA,ST260Q02JA,Have you ever missed school for more than three months in a row: At [ISCED 2]
2022,estudiantes,ST260Q03JA,ST260Q03JA,Have you ever missed school for more than three months in a row: At [ISCED 3]
2022,estudiantes,ST261Q01JA,ST261Q01JA,Why miss school for 3+ months: I was bored.
2022,estudiantes,ST261Q02JA,ST261Q02JA,"Why miss school for 3+ months: I was suspended for something (e.g. violence, aggression, use of drugs, drug dealing)."
2022,estudiantes,ST261Q03JA,ST261Q03JA,Why miss school for 3+ months: I was pregnant.
2022,estudiantes,ST261Q04JA,ST261Q04JA,Why miss school for 3+ months: I could not reach school because of transportation problems.
2022,estudiantes,ST261Q05JA,ST261Q05JA,Why miss school for 3+ months: I had to take care of a family member.
2022,estudiantes,ST261Q06JA,ST261Q06JA,"Why miss school for 3+ months: I had to help with work at home, the family business, or on the family land."
2022,estudiantes,ST261Q07JA,ST261Q07JA,Why miss school for 3+ months: I had to get work to bring money home.
2022,estudiantes,ST261Q08JA,ST261Q08JA,Why miss school for 3+ months: I was sick.
2022,estudiantes,ST261Q09JA,ST261Q09JA,Why miss school for 3+ months: I did not feel safe at school.
2022,estudiantes,ST261Q10JA,ST261Q10JA,Why miss school for 3+ months: I could not pay [school fees].
2022,estudiantes,ST261Q11JA,ST261Q11JA,"Why miss school for 3+ months: School was closed because of a natural disaster (e.g. flood, earthquake)."
2022,estudiantes,ST062Q01TA,ST062Q01TA,"In the last two full weeks of school, how often: I [skipped] a whole school day"
2022,estudiantes,ST062Q02TA,ST062Q02TA,"In the last two full weeks of school, how often: I [skipped] some classes"
2022,estudiantes,ST062Q03TA,ST062Q03TA,"In the last two full weeks of school, how often: I arrived late for school"
2022,estudiantes,ST267Q01JA,ST267Q01JA,Agree/disagree: The teachers at my school are respectful towards me.
2022,estudiantes,ST267Q02JA,ST267Q02JA,"Agree/disagree: If I walked into my classes upset, my teachers would be concerned about me."
2022,estudiantes,ST267Q03JA,ST267Q03JA,"Agree/disagree: If I came back to visit my school 3 years from now, my teachers would be excited to see me."
2022,estudiantes,ST267Q04JA,ST267Q04JA,Agree/disagree: I feel intimidated by the teachers at my school.
2022,estudiantes,ST267Q05JA,ST267Q05JA,"Agree/disagree: When my teachers ask how I am doing, they are really interested in my answer."
2022,estudiantes,ST267Q06JA,ST267Q06JA,Agree/disagree: The teachers at my school are friendly towards me.
2022,estudiantes,ST267Q07JA,ST267Q07JA,Agree/disagree: The teachers at my school are interested in students' well-being.
2022,estudiantes,ST267Q08JA,ST267Q08JA,Agree/disagree: The teachers at my school are mean towards me.
2022,estudiantes,ST034Q01TA,ST034Q01TA,Agree/disagree:  I feel like an outsider (or left out of things) at school.
2022,estudiantes,ST034Q02TA,ST034Q02TA,Agree/disagree:  I make friends easily at school.
2022,estudiantes,ST034Q03TA,ST034Q03TA,Agree/disagree:  I feel like I belong at school.
2022,estudiantes,ST034Q04TA,ST034Q04TA,Agree/disagree:  I feel awkward and out of place in my school.
2022,estudiantes,ST034Q05TA,ST034Q05TA,Agree/disagree:  Other students seem to like me.
2022,estudiantes,ST034Q06TA,ST034Q06TA,Agree/disagree:  I feel lonely at school.
2022,estudiantes,ST038Q03NA,ST038Q03NA,"In past 12 months, how often: Other students left me out of things on purpose."
2022,estudiantes,ST038Q04NA,ST038Q04NA,"In past 12 months, how often: Other students made fun of me."
2022,estudiantes,ST038Q05NA,ST038Q05NA,"In past 12 months, how often: I was threatened by other students."
2022,estudiantes,ST038Q06NA,ST038Q06NA,"In past 12 months, how often: Other students took away or destroyed things that belonged to me."
2022,estudiantes,ST038Q07NA,ST038Q07NA,"In past 12 months, how often: I got hit or pushed around by other students."
2022,estudiantes,ST038Q08NA,ST038Q08NA,"In past 12 months, how often: Other students spread nasty rumours about me."
2022,estudiantes,ST038Q09JA,ST038Q09JA,"In past 12 months, how often: I was in a physical fight on school property."
2022,estudiantes,ST038Q10JA,ST038Q10JA,"In past 12 months, how often: I stayed home from school because I felt unsafe."
2022,estudiantes,ST038Q11JA,ST038Q11JA,"In past 12 months, how often: I gave money to someone at school because they threatened me."
2022,estudiantes,ST265Q01JA,ST265Q01JA,Agree/disagree: I feel safe on my way to school.
2022,estudiantes,ST265Q02JA,ST265Q02JA,Agree/disagree: I feel safe on my way home from school.
2022,estudiantes,ST265Q03JA,ST265Q03JA,Agree/disagree: I feel safe in my classrooms at school.
2022,estudiantes,ST265Q04JA,ST265Q04JA,"Agree/disagree: I feel safe at other places at school (e.g. hallway, cafeteria, restroom)."
2022,estudiantes,ST266Q01JA,ST266Q01JA,Occur during past four weeks:  Our school was vandalised.
2022,estudiantes,ST266Q02JA,ST266Q02JA,Occur during past four weeks:  I witnessed a fight on school property in which someone got hurt.
2022,estudiantes,ST266Q03JA,ST266Q03JA,Occur during past four weeks:  I saw gangs in school.
2022,estudiantes,ST266Q04JA,ST266Q04JA,Occur during past four weeks:  I heard a student threaten to hurt another student.
2022,estudiantes,ST266Q05JA,ST266Q05JA,Occur during past four weeks:  I saw a student carrying a gun or knife at school.
2022,estudiantes,ST294Q01JA,ST294Q01JA,How many days/wk before school: Eat breakfast
2022,estudiantes,ST294Q02JA,ST294Q02JA,How many days/wk before school: Study for school or homework
2022,estudiantes,ST294Q03JA,ST294Q03JA,How many days/wk before school: Work in the household or take care of family members
2022,estudiantes,ST294Q04JA,ST294Q04JA,How many days/wk before school: Work for pay
2022,estudiantes,ST294Q05JA,ST294Q05JA,"How many days/wk before school: Exercise or practise a sport (e.g. running, cycling, aerobics, soccer, skating, [country-specific])"
2022,estudiantes,ST295Q01JA,ST295Q01JA,How many days/wk after school: Eat dinner
2022,estudiantes,ST295Q02JA,ST295Q02JA,How many days/wk after school: Study for school or homework
2022,estudiantes,ST295Q03JA,ST295Q03JA,How many days/wk after school: Work in the household or take care of family members
2022,estudiantes,ST295Q04JA,ST295Q04JA,How many days/wk after school: Work for pay
2022,estudiantes,ST295Q05JA,ST295Q05JA,"How many days/wk after school: Exercise or practise a sport (e.g. running, cycling, aerobics, soccer, skating, [country-specific])"
2022,estudiantes,ST326Q01JA,ST326Q01JA,"This school year, how many hours/day use [digital resources] for: For learning activities at school"
2022,estudiantes,ST326Q02JA,ST326Q02JA,"This school year, how many hours/day use [digital resources] for: For learning activities before and after school"
2022,estudiantes,ST326Q03JA,ST326Q03JA,"This school year, how many hours/day use [digital resources] for: For learning activities on weekends"
2022,estudiantes,ST326Q04JA,ST326Q04JA,"This school year, how many hours/day use [digital resources] for: For leisure at school"
2022,estudiantes,ST326Q05JA,ST326Q05JA,"This school year, how many hours/day use [digital resources] for: For leisure before and after school"
2022,estudiantes,ST326Q06JA,ST326Q06JA,"This school year, how many hours/day use [digital resources] for: For leisure on weekends"
2022,estudiantes,ST326Q07JA,ST326Q07JA,"This school year, how many hours/day use [digital resources] for: For learning activities at school"
2022,estudiantes,ST326Q08JA,ST326Q08JA,"This school year, how many hours/day use [digital resources] for: For learning activities before and after school"
2022,estudiantes,ST326Q09JA,ST326Q09JA,"This school year, how many hours/day use [digital resources] for: For learning activities on weekends"
2022,estudiantes,ST326Q10JA,ST326Q10JA,"This school year, how many hours/day use [digital resources] for: For leisure at school"
2022,estudiantes,ST326Q11JA,ST326Q11JA,"This school year, how many hours/day use [digital resources] for: For leisure before and after school"
2022,estudiantes,ST326Q12JA,ST326Q12JA,"This school year, how many hours/day use [digital resources] for: For leisure on weekends"
2022,estudiantes,ST322Q01JA,ST322Q01JA,How often: I turn off notifications from social networks and apps on my [digital devices] during class.
2022,estudiantes,ST322Q02JA,ST322Q02JA,How often: I turn off notifications from social networks and apps on my [digital devices] when I go to sleep.
2022,estudiantes,ST322Q03JA,ST322Q03JA,How often: I keep my [digital device] near me to answer messages when I am home.
2022,estudiantes,ST322Q04JA,ST322Q04JA,How often:  I have my [digital device] open in class so I can take notes or search for information.
2022,estudiantes,ST322Q06JA,ST322Q06JA,How often: I feel pressured to be online and answer messages when I am in class.
2022,estudiantes,ST322Q07JA,ST322Q07JA,How often:  I feel nervous/anxious when I don't have my [digital device] near me.
2022,estudiantes,ST307Q01JA,ST307Q01JA,Agree/disagree: I keep working on a task until it is finished.
2022,estudiantes,ST307Q02JA,ST307Q02JA,Agree/disagree: I apply additional effort when work becomes challenging.
2022,estudiantes,ST307Q03JA,ST307Q03JA,Agree/disagree: I finish tasks that I started even when they become boring.
2022,estudiantes,ST307Q04JA,ST307Q04JA,Agree/disagree: I stop when work becomes too difficult.
2022,estudiantes,ST307Q05JA,ST307Q05JA,Agree/disagree: I am more persistent than most people I know.
2022,estudiantes,ST307Q06JA,ST307Q06JA,Agree/disagree: I give up after making mistakes.
2022,estudiantes,ST307Q07JA,ST307Q07JA,Agree/disagree: I quit doing homework if it is too long.
2022,estudiantes,ST307Q08JA,ST307Q08JA,Agree/disagree: I complete tasks even when they become more difficult than I thought.
2022,estudiantes,ST307Q09JA,ST307Q09JA,Agree/disagree: I finish what I start.
2022,estudiantes,ST307Q10JA,ST307Q10JA,Agree/disagree: I give up easily.
2022,estudiantes,ST309Q01JA,ST309Q01JA,Agree/disagree: I am careful with what I say to others.
2022,estudiantes,ST309Q02JA,ST309Q02JA,Agree/disagree: I get easily distracted.
2022,estudiantes,ST309Q03JA,ST309Q03JA,Agree/disagree: I say the first thing that comes to my mind.
2022,estudiantes,ST309Q04JA,ST309Q04JA,Agree/disagree: I like to make sure there are no mistakes.
2022,estudiantes,ST309Q05JA,ST309Q05JA,Agree/disagree: I carefully check homework before turning it in.
2022,estudiantes,ST309Q06JA,ST309Q06JA,Agree/disagree: I stop to think before acting.
2022,estudiantes,ST309Q07JA,ST309Q07JA,Agree/disagree: I rush into activities without thinking.
2022,estudiantes,ST309Q08JA,ST309Q08JA,Agree/disagree: I wait for my turn to speak in class.
2022,estudiantes,ST309Q09JA,ST309Q09JA,Agree/disagree: I am more impulsive than most people I know.
2022,estudiantes,ST309Q10JA,ST309Q10JA,Agree/disagree: I think carefully before doing something.
2022,estudiantes,ST301Q01JA,ST301Q01JA,Agree/disagree: I am curious about many different things.
2022,estudiantes,ST301Q02JA,ST301Q02JA,Agree/disagree: I like to ask questions.
2022,estudiantes,ST301Q03JA,ST301Q03JA,Agree/disagree: I get frustrated when I have to learn the details of a topic.
2022,estudiantes,ST301Q04JA,ST301Q04JA,Agree/disagree: I like to know how things work.
2022,estudiantes,ST301Q05JA,ST301Q05JA,Agree/disagree: I love learning new things in school.
2022,estudiantes,ST301Q06JA,ST301Q06JA,Agree/disagree: I am more curious than most people I know.
2022,estudiantes,ST301Q07JA,ST301Q07JA,Agree/disagree: I like to develop hypotheses and check them based on what I observe.
2022,estudiantes,ST301Q08JA,ST301Q08JA,Agree/disagree: I find learning new things to be boring.
2022,estudiantes,ST301Q09JA,ST301Q09JA,Agree/disagree: I spend time to find more information about things that interest me.
2022,estudiantes,ST301Q10JA,ST301Q10JA,Agree/disagree: I like learning new things.
2022,estudiantes,ST343Q01JA,ST343Q01JA,Agree/disagree: I like to help others.
2022,estudiantes,ST343Q02JA,ST343Q02JA,Agree/disagree: I get annoyed when I have to compromise with others.
2022,estudiantes,ST343Q03JA,ST343Q03JA,Agree/disagree: I work well with other people.
2022,estudiantes,ST343Q04JA,ST343Q04JA,Agree/disagree: I start arguments with others.
2022,estudiantes,ST343Q05JA,ST343Q05JA,Agree/disagree: I avoid working together with other students.
2022,estudiantes,ST343Q06JA,ST343Q06JA,Agree/disagree: I am ready to help anybody.
2022,estudiantes,ST343Q07JA,ST343Q07JA,Agree/disagree: I tend to be selfish.
2022,estudiantes,ST343Q08JA,ST343Q08JA,Agree/disagree: I work better when I am part of a team.
2022,estudiantes,ST343Q09JA,ST343Q09JA,Agree/disagree: I enjoy cooperating with my classmates.
2022,estudiantes,ST343Q10JA,ST343Q10JA,Agree/disagree: I argue a lot.
2022,estudiantes,ST311Q01JA,ST311Q01JA,Agree/disagree: I do not care what happens to other people.
2022,estudiantes,ST311Q02JA,ST311Q02JA,Agree/disagree: I can sense how others feel.
2022,estudiantes,ST311Q03JA,ST311Q03JA,Agree/disagree: It is important to me that my friends are okay.
2022,estudiantes,ST311Q04JA,ST311Q04JA,Agree/disagree: I can see situations from my friends' perspectives.
2022,estudiantes,ST311Q05JA,ST311Q05JA,Agree/disagree: I ignore the feelings of others.
2022,estudiantes,ST311Q06JA,ST311Q06JA,Agree/disagree: I am more compassionate than most people I know.
2022,estudiantes,ST311Q07JA,ST311Q07JA,Agree/disagree: It is difficult for me to sense what others think.
2022,estudiantes,ST311Q08JA,ST311Q08JA,Agree/disagree: I predict the needs of others.
2022,estudiantes,ST311Q09JA,ST311Q09JA,Agree/disagree: I get upset if bad things happen to other people.
2022,estudiantes,ST311Q10JA,ST311Q10JA,Agree/disagree: I understand what others want.
2022,estudiantes,ST315Q01JA,ST315Q01JA,Agree/disagree: I am suspicious of others' intentions.
2022,estudiantes,ST315Q02JA,ST315Q02JA,Agree/disagree: I think most of my classmates keep their promises.
2022,estudiantes,ST315Q03JA,ST315Q03JA,Agree/disagree: I believe that most people are honest.
2022,estudiantes,ST315Q04JA,ST315Q04JA,Agree/disagree: I believe that my friends can keep my secrets.
2022,estudiantes,ST315Q05JA,ST315Q05JA,Agree/disagree: I think most people are selfish.
2022,estudiantes,ST315Q06JA,ST315Q06JA,Agree/disagree: I trust what people say.
2022,estudiantes,ST315Q07JA,ST315Q07JA,Agree/disagree: I think others will try to harm me.
2022,estudiantes,ST315Q08JA,ST315Q08JA,Agree/disagree: I am more trusting with others than most people I know.
2022,estudiantes,ST315Q09JA,ST315Q09JA,Agree/disagree: I believe most people are kind.
2022,estudiantes,ST315Q10JA,ST315Q10JA,Agree/disagree: I am willing to forgive those who have done wrong.
2022,estudiantes,ST303Q01JA,ST303Q01JA,Agree/disagree: I try to consider everybody's perspective before I take a position.
2022,estudiantes,ST303Q02JA,ST303Q02JA,Agree/disagree: I want to understand my classmates' ways of thinking.
2022,estudiantes,ST303Q03JA,ST303Q03JA,Agree/disagree: I can view almost all things from different angles.
2022,estudiantes,ST303Q04JA,ST303Q04JA,Agree/disagree: I imagine how I would feel if I were in somebody else's place.
2022,estudiantes,ST303Q05JA,ST303Q05JA,Agree/disagree: I think there is only one correct position in a disagreement.
2022,estudiantes,ST303Q06JA,ST303Q06JA,Agree/disagree: I want to understand why people behave the way they do.
2022,estudiantes,ST303Q07JA,ST303Q07JA,Agree/disagree: I find it difficult to anticipate what other people think.
2022,estudiantes,ST303Q08JA,ST303Q08JA,Agree/disagree: I try to envision how things look from my friends' points of view.
2022,estudiantes,ST305Q01JA,ST305Q01JA,Agree/disagree: I am comfortable with taking the lead role in a group.
2022,estudiantes,ST305Q02JA,ST305Q02JA,Agree/disagree: I know how to convince others to do what I want.
2022,estudiantes,ST305Q03JA,ST305Q03JA,Agree/disagree: I enjoy leading others.
2022,estudiantes,ST305Q04JA,ST305Q04JA,Agree/disagree: I keep my opinion to myself in group discussions.
2022,estudiantes,ST305Q05JA,ST305Q05JA,Agree/disagree: I speak up to others about things that matter to me.
2022,estudiantes,ST305Q06JA,ST305Q06JA,Agree/disagree: I take initiative when working with my classmates.
2022,estudiantes,ST305Q07JA,ST305Q07JA,Agree/disagree: I wait for others to take a lead.
2022,estudiantes,ST305Q08JA,ST305Q08JA,Agree/disagree: I find it hard to influence people.
2022,estudiantes,ST305Q09JA,ST305Q09JA,Agree/disagree: I want to be in charge.
2022,estudiantes,ST305Q10JA,ST305Q10JA,Agree/disagree: I like to be a leader in my class.
2022,estudiantes,ST345Q01JA,ST345Q01JA,Agree/disagree: I get nervous easily.
2022,estudiantes,ST345Q02JA,ST345Q02JA,Agree/disagree: I am more relaxed than most people I know.
2022,estudiantes,ST345Q03JA,ST345Q03JA,Agree/disagree: I worry about many things.
2022,estudiantes,ST345Q04JA,ST345Q04JA,Agree/disagree: I panic easily.
2022,estudiantes,ST345Q05JA,ST345Q05JA,Agree/disagree: I am able to work under pressure.
2022,estudiantes,ST345Q06JA,ST345Q06JA,Agree/disagree: I remain calm under stress.
2022,estudiantes,ST345Q07JA,ST345Q07JA,Agree/disagree: I feel nervous about approaching exams.
2022,estudiantes,ST345Q08JA,ST345Q08JA,Agree/disagree: I can recover quickly after something bad has happened.
2022,estudiantes,ST345Q09JA,ST345Q09JA,Agree/disagree: I handle stress well.
2022,estudiantes,ST345Q10JA,ST345Q10JA,Agree/disagree: I am afraid of many things.
2022,estudiantes,ST313Q01JA,ST313Q01JA,Agree/disagree: I keep my emotions under control.
2022,estudiantes,ST313Q02JA,ST313Q02JA,Agree/disagree: I get mad easily.
2022,estudiantes,ST313Q03JA,ST313Q03JA,Agree/disagree: I change my mood a lot.
2022,estudiantes,ST313Q04JA,ST313Q04JA,Agree/disagree: I overreact to every little thing in life.
2022,estudiantes,ST313Q05JA,ST313Q05JA,Agree/disagree: I stay calm even in tense situations.
2022,estudiantes,ST313Q06JA,ST313Q06JA,Agree/disagree: I am easily upset.
2022,estudiantes,ST313Q07JA,ST313Q07JA,Agree/disagree: I know how to control my feelings.
2022,estudiantes,ST313Q08JA,ST313Q08JA,Agree/disagree: I have unpredictable emotions.
2022,estudiantes,ST313Q09JA,ST313Q09JA,Agree/disagree: I am moody.
2022,estudiantes,ST313Q10JA,ST313Q10JA,Agree/disagree: I get frustrated quickly.
2022,estudiantes,ST263Q02JA,ST263Q02JA,Agree/disagree: Your intelligence is something about you that you cannot change very much.
2022,estudiantes,ST263Q04JA,ST263Q04JA,"Agree/disagree: Some people are just not good at mathematics, no matter how hard they study."
2022,estudiantes,ST263Q06JA,ST263Q06JA,"Agree/disagree: Some people are just not good in [test language], no matter how hard they study."
2022,estudiantes,ST263Q08JA,ST263Q08JA,Agree/disagree: Your creativity is something about you that you cannot change very much.
2022,estudiantes,ST016Q01NA,ST016Q01NA,"Overall, how satisfied are you with your life as a whole these days?"
2022,estudiantes,ST059Q01TA,ST059Q01TA,Number of [class periods] per week in mathematics
2022,estudiantes,ST059Q02JA,ST059Q02JA,"Total number of [class periods] per week for all subjects, including mathematics"
2022,estudiantes,ST296Q01JA,ST296Q01JA,How much time spent on homework in: Mathematics homework
2022,estudiantes,ST296Q02JA,ST296Q02JA,How much time spent on homework in: [Test language] homework
2022,estudiantes,ST296Q03JA,ST296Q03JA,How much time spent on homework in: [Science] homework
2022,estudiantes,ST296Q04JA,ST296Q04JA,"How much time spent on homework in: Total time for all homework in all subjects, including subjects not listed above"
2022,estudiantes,ST272Q01JA,ST272Q01JA,"On 1-10 scale, rate quality of mathematics instruction this school year? Quality of mathematics instruction?"
2022,estudiantes,ST273Q01JA,ST273Q01JA,How often: Students do not listen to what the teacher said.
2022,estudiantes,ST273Q02JA,ST273Q02JA,How often: There is noise and disorder.
2022,estudiantes,ST273Q03JA,ST273Q03JA,How often: The teacher has to wait a long time for students to quiet down.
2022,estudiantes,ST273Q04JA,ST273Q04JA,How often: Students cannot work well.
2022,estudiantes,ST273Q05JA,ST273Q05JA,How often: Students do not start working for a long time after the lesson begins.
2022,estudiantes,ST273Q06JA,ST273Q06JA,"How often: Students get distracted by using [digital resources] (e.g. smartphones, websites, apps)."
2022,estudiantes,ST273Q07JA,ST273Q07JA,"How often: Students get distracted by other students who are using [digital resources] (e.g. smartphones, websites, apps)."
2022,estudiantes,ST270Q01JA,ST270Q01JA,How often: The teacher shows an interest in every student's learning.
2022,estudiantes,ST270Q02JA,ST270Q02JA,How often: The teacher gives extra help when students need it.
2022,estudiantes,ST270Q03JA,ST270Q03JA,How often: The teacher helps students with their learning.
2022,estudiantes,ST270Q04JA,ST270Q04JA,How often: The teacher continues teaching until the students understand.
2022,estudiantes,ST285Q01JA,ST285Q01JA,How often: The teacher asked us to solve mathematics problems without computing anything.
2022,estudiantes,ST285Q02JA,ST285Q02JA,How often: The teacher asked us to explain how we solved a mathematics problem.
2022,estudiantes,ST285Q03JA,ST285Q03JA,How often: The teacher asked us to explain what assumptions we were making when solving a mathematics problem.
2022,estudiantes,ST285Q04JA,ST285Q04JA,How often: The teacher asked us to explain our reasoning when solving a mathematics problem.
2022,estudiantes,ST285Q05JA,ST285Q05JA,How often: The teacher asked us to defend our answer to a mathematics problem.
2022,estudiantes,ST285Q06JA,ST285Q06JA,How often: The teacher asked us to think about how new and old mathematics topics were related.
2022,estudiantes,ST285Q07JA,ST285Q07JA,How often: The teacher encouraged us to think about how to solve mathematics problems in different ways than demonstrated in class.
2022,estudiantes,ST285Q08JA,ST285Q08JA,How often: The teacher told us to keep trying even when we face difficulties with a mathematics task.
2022,estudiantes,ST285Q09JA,ST285Q09JA,How often: The teacher taught us to memorize rules and apply them to solve mathematics problems.
2022,estudiantes,ST283Q01JA,ST283Q01JA,How often: The teacher asked us to think of problems from everyday life that could be solved with new mathematics knowledge we learned.
2022,estudiantes,ST283Q02JA,ST283Q02JA,How often: The teacher showed us how mathematics can be useful in our everyday lives.
2022,estudiantes,ST283Q03JA,ST283Q03JA,How often: The teacher encouraged us to 'think mathematically'.
2022,estudiantes,ST283Q04JA,ST283Q04JA,How often: The teacher taught us how to use mathematical logic when approaching new situations.
2022,estudiantes,ST283Q05JA,ST283Q05JA,How often: The teacher showed us how some problems that look difficult can be solved more easily by understanding how the number system is organized.
2022,estudiantes,ST283Q06JA,ST283Q06JA,How often: The teacher gave problems from everyday life involving numbers and asked us to make a decision about the situation.
2022,estudiantes,ST283Q07JA,ST283Q07JA,How often: The teacher asked us how different topics are connected to a bigger mathematical idea.
2022,estudiantes,ST283Q08JA,ST283Q08JA,How often: The teacher encouraged us to think about how a problem from everyday life could be solved using mathematics.
2022,estudiantes,ST283Q09JA,ST283Q09JA,How often: The teacher explained how different mathematical ideas connect to a larger context.
2022,estudiantes,ST275Q01WA,ST275Q01WA,How often at school: Working out from a [train timetable] how long it would take to get from one place to another
2022,estudiantes,ST275Q02WA,ST275Q02WA,How often at school: Calculating how much more expensive a computer would be after adding tax
2022,estudiantes,ST275Q03WA,ST275Q03WA,How often at school: Calculating how many square metres of tiles you need to cover a floor
2022,estudiantes,ST275Q04WA,ST275Q04WA,How often at school: Understanding scientific tables presented in an article
2022,estudiantes,ST275Q05WA,ST275Q05WA,How often at school: Solving an equation like 6x[sup]2[/sup]+5 = 29
2022,estudiantes,ST275Q06WA,ST275Q06WA,"How often at school: Finding the actual distance between two places on a map with a 1?10,000 scale"
2022,estudiantes,ST275Q07WA,ST275Q07WA,How often at school: Solving an equation like 2(x+3) = (x+3)(x-3)
2022,estudiantes,ST275Q08WA,ST275Q08WA,How often at school: Calculating the power consumption of an electronic appliance per week
2022,estudiantes,ST275Q09WA,ST275Q09WA,How often at school: Solving an equation like 3x+5=17
2022,estudiantes,ST276Q01JA,ST276Q01JA,"How often at school: Extracting mathematical information from diagrams, graphs, or simulations"
2022,estudiantes,ST276Q02JA,ST276Q02JA,How often at school: Interpreting mathematical solutions in the context of a real-life challenge
2022,estudiantes,ST276Q03JA,ST276Q03JA,How often at school: Using the concept of statistical variation to make a decision
2022,estudiantes,ST276Q04JA,ST276Q04JA,How often at school: Identifying mathematical aspects of a real-world problem
2022,estudiantes,ST276Q05JA,ST276Q05JA,How often at school: Identifying constraints and assumptions behind mathematical modelling
2022,estudiantes,ST276Q06JA,ST276Q06JA,"How often at school: Representing a situation mathematically using variables, symbols, or diagrams"
2022,estudiantes,ST276Q07JA,ST276Q07JA,How often at school: Evaluating the significance of observed patterns in data
2022,estudiantes,ST276Q08JA,ST276Q08JA,How often at school: Coding/programming computers
2022,estudiantes,ST276Q09JA,ST276Q09JA,"How often at school: Working with computer mathematics systems (e.g. spreadsheets, programming software, graphing calculators)"
2022,estudiantes,ST276Q10JA,ST276Q10JA,How often at school: Calculating the properties of an irregularly shaped object
2022,estudiantes,ST268Q01JA,ST268Q01JA,Agree/disagree: Mathematics is one of my favourite subjects.
2022,estudiantes,ST268Q02JA,ST268Q02JA,Agree/disagree: [Test language] is one of my favourite subjects.
2022,estudiantes,ST268Q03JA,ST268Q03JA,Agree/disagree: [Science] is one of my favourite subjects.
2022,estudiantes,ST268Q04JA,ST268Q04JA,Agree/disagree: Mathematics is easy for me.
2022,estudiantes,ST268Q05JA,ST268Q05JA,Agree/disagree: [Test language] is easy for me.
2022,estudiantes,ST268Q06JA,ST268Q06JA,Agree/disagree: [Science] is easy for me.
2022,estudiantes,ST268Q07JA,ST268Q07JA,Agree/disagree: I want to do well in my mathematics class.
2022,estudiantes,ST268Q08JA,ST268Q08JA,Agree/disagree: I want to do well in my [test language] class.
2022,estudiantes,ST268Q09JA,ST268Q09JA,Agree/disagree: I want to do well in my [science] class.
2022,estudiantes,ST290Q01WA,ST290Q01WA,How confident in math tasks: Working out from a [train timetable] how long it would take to get from one place to another
2022,estudiantes,ST290Q02WA,ST290Q02WA,How confident in math tasks: Calculating how much more expensive a computer would be after adding tax
2022,estudiantes,ST290Q03WA,ST290Q03WA,How confident in math tasks: Calculating how many square metres of tiles you need to cover a floor
2022,estudiantes,ST290Q04WA,ST290Q04WA,How confident in math tasks: Understanding scientific tables presented in an article
2022,estudiantes,ST290Q05WA,ST290Q05WA,How confident in math tasks: Solving an equation like 6x[sup]2[/sup]+5=29
2022,estudiantes,ST290Q06WA,ST290Q06WA,"How confident in math tasks: Finding the actual distance between two places on a map with a 1?10,000 scale"
2022,estudiantes,ST290Q07WA,ST290Q07WA,How confident in math tasks: Solving an equation like 2(x+3) = (x+3)(x-3)
2022,estudiantes,ST290Q08WA,ST290Q08WA,How confident in math tasks: Calculating the power consumption of an electronic appliance per week
2022,estudiantes,ST290Q09WA,ST290Q09WA,How confident in math tasks: Solving an equation like 3x+5=17
2022,estudiantes,ST291Q01JA,ST291Q01JA,"How confident in math tasks: Extracting mathematical information from diagrams, graphs, or simulations"
2022,estudiantes,ST291Q02JA,ST291Q02JA,How confident in math tasks: Interpreting mathematical solutions in the context of a real-life challenge
2022,estudiantes,ST291Q03JA,ST291Q03JA,How confident in math tasks: Using the concept of statistical variation to make a decision
2022,estudiantes,ST291Q04JA,ST291Q04JA,How confident in math tasks: Identifying mathematical aspects of a real-world problem
2022,estudiantes,ST291Q05JA,ST291Q05JA,How confident in math tasks: Identifying constraints and assumptions behind mathematical modelling
2022,estudiantes,ST291Q06JA,ST291Q06JA,"How confident in math tasks: Representing a situation mathematically using variables, symbols, or diagrams"
2022,estudiantes,ST291Q07JA,ST291Q07JA,How confident in math tasks: Evaluating the significance of observed patterns in data
2022,estudiantes,ST291Q08JA,ST291Q08JA,How confident in math tasks: Coding/programming computers
2022,estudiantes,ST291Q09JA,ST291Q09JA,"How confident in math tasks: Working with computer mathematics systems (e.g. spreadsheets, programming software, graphing calculators)"
2022,estudiantes,ST291Q10JA,ST291Q10JA,How confident in math tasks: Calculating the properties of an irregularly shaped object
2022,estudiantes,ST289Q01WA,ST289Q01WA,How familiar are you with the following mathematical terms: Divisor
2022,estudiantes,ST289Q02JA,ST289Q02JA,How familiar are you with the following mathematical terms: Area of a circle
2022,estudiantes,ST289Q03WA,ST289Q03WA,How familiar are you with the following mathematical terms: [Subjunctive scaling]
2022,estudiantes,ST289Q04JA,ST289Q04JA,How familiar are you with the following mathematical terms: Congruent figures
2022,estudiantes,ST289Q05WA,ST289Q05WA,How familiar are you with the following mathematical terms: Linear equation
2022,estudiantes,ST289Q06JA,ST289Q06JA,How familiar are you with the following mathematical terms: Pythagorean theorem
2022,estudiantes,ST289Q07JA,ST289Q07JA,How familiar are you with the following mathematical terms: Linear inequalities
2022,estudiantes,ST289Q08WA,ST289Q08WA,How familiar are you with the following mathematical terms: Complex number
2022,estudiantes,ST289Q09WA,ST289Q09WA,How familiar are you with the following mathematical terms: Exponential function
2022,estudiantes,ST289Q10WA,ST289Q10WA,How familiar are you with the following mathematical terms: Probability
2022,estudiantes,ST289Q11WA,ST289Q11WA,How familiar are you with the following mathematical terms: [Declarative fraction]
2022,estudiantes,ST289Q14JA,ST289Q14JA,How familiar are you with the following mathematical terms: 3-dimensional geometry
2022,estudiantes,ST293Q01JA,ST293Q01JA,"This school year, how often: I actively participated in group discussions during mathematics class."
2022,estudiantes,ST293Q02JA,ST293Q02JA,"This school year, how often: I paid attention when my mathematics teacher was speaking."
2022,estudiantes,ST293Q03JA,ST293Q03JA,"This school year, how often: I put effort into my assignments for mathematics class."
2022,estudiantes,ST293Q04JA,ST293Q04JA,"This school year, how often: I gave up when I did not understand the mathematics material that was being taught."
2022,estudiantes,ST293Q05JA,ST293Q05JA,"This school year, how often: I made time to learn the material for mathematics class."
2022,estudiantes,ST293Q06JA,ST293Q06JA,"This school year, how often: I asked questions when I did not understand the mathematics material that was being taught."
2022,estudiantes,ST293Q07JA,ST293Q07JA,"This school year, how often: I lost interest during mathematics lessons."
2022,estudiantes,ST293Q08JA,ST293Q08JA,"This school year, how often:  I tried to connect new material to what I have learned in previous mathematics lessons."
2022,estudiantes,ST293Q09JA,ST293Q09JA,"This school year, how often: I started my work on mathematics assignments right away."
2022,estudiantes,ST292Q01JA,ST292Q01JA,Agree/disagree: I often worry that it will be difficult for me in mathematics classes.
2022,estudiantes,ST292Q02JA,ST292Q02JA,Agree/disagree: I get very tense when I have to do mathematics homework.
2022,estudiantes,ST292Q03JA,ST292Q03JA,Agree/disagree: I get very nervous doing mathematics problems.
2022,estudiantes,ST292Q04JA,ST292Q04JA,Agree/disagree: I feel helpless when doing a mathematics problem.
2022,estudiantes,ST292Q05JA,ST292Q05JA,Agree/disagree: I worry that I will get poor [marks] in mathematics.
2022,estudiantes,ST292Q06JA,ST292Q06JA,Agree/disagree: I feel anxious about failing in mathematics.
2022,estudiantes,ST297Q01JA,ST297Q01JA,[Additional math instruction] received: One-on-one tutoring with a person
2022,estudiantes,ST297Q03JA,ST297Q03JA,[Additional math instruction] received: Internet or computer tutoring with a programme or application
2022,estudiantes,ST297Q05JA,ST297Q05JA,[Additional math instruction] received: Video-recorded instruction by a person
2022,estudiantes,ST297Q06JA,ST297Q06JA,[Additional math instruction] received: Small group study or practice (2 to 7 students)
2022,estudiantes,ST297Q07JA,ST297Q07JA,[Additional math instruction] received: Large group study or practice (8 or more students)
2022,estudiantes,ST297Q09JA,ST297Q09JA,[Additional math instruction] received: I do not participate in [additional mathematics instruction]
2022,estudiantes,ST334Q01JA,ST334Q01JA,How confident about doing: Coming up with creative ideas for school projects
2022,estudiantes,ST334Q02JA,ST334Q02JA,How confident about doing: Being creative
2022,estudiantes,ST334Q03JA,ST334Q03JA,How confident about doing: Telling creative stories
2022,estudiantes,ST334Q04JA,ST334Q04JA,How confident about doing: Expressing your ideas creatively
2022,estudiantes,ST334Q05JA,ST334Q05JA,How confident about doing: Making creative drawings
2022,estudiantes,ST334Q06JA,ST334Q06JA,How confident about doing: Thinking of many good ideas for science experiments
2022,estudiantes,ST334Q07JA,ST334Q07JA,How confident about doing: Inventing new things
2022,estudiantes,ST334Q08JA,ST334Q08JA,How confident about doing: Thinking of many ideas for solving disagreements with people
2022,estudiantes,ST334Q09JA,ST334Q09JA,How confident about doing: Addressing social problems like pollution
2022,estudiantes,ST334Q10JA,ST334Q10JA,How confident about doing: Coming up with many good ideas for helping people in need
2022,estudiantes,ST335Q01JA,ST335Q01JA,Agree/disagree: My teachers give me enough time to come up with creative solutions on assignments.
2022,estudiantes,ST335Q02JA,ST335Q02JA,Agree/disagree: My teachers value students' creativity.
2022,estudiantes,ST335Q03JA,ST335Q03JA,Agree/disagree: The activities we do in my classes help me think about new ways to solve problems.
2022,estudiantes,ST335Q05JA,ST335Q05JA,Agree/disagree: My mathematics assignments require me to come up with different solutions for a problem.
2022,estudiantes,ST335Q06JA,ST335Q06JA,Agree/disagree: My teachers encourage me to come up with original answers.
2022,estudiantes,ST335Q07JA,ST335Q07JA,"Agree/disagree: At school, I am given a chance to express my ideas."
2022,estudiantes,ST336Q01JA,ST336Q01JA,Agree/disagree: My friends are open to new ideas.
2022,estudiantes,ST336Q03JA,ST336Q03JA,Agree/disagree: My friends and I give one another feedback about our ideas.
2022,estudiantes,ST336Q04JA,ST336Q04JA,Agree/disagree: My friends and I encourage each other to come up with new ideas.
2022,estudiantes,ST336Q05JA,ST336Q05JA,Agree/disagree: My family encourages me to try new things.
2022,estudiantes,ST336Q06JA,ST336Q06JA,"Agree/disagree: At home, I am encouraged to use my imagination."
2022,estudiantes,ST336Q07JA,ST336Q07JA,Agree/disagree: Discussions I have at home help me come up with new ideas.
2022,estudiantes,ST337Q01JA,ST337Q01JA,"In your school, how often participate in: Art classes/activities (e.g. painting, drawing)"
2022,estudiantes,ST337Q02JA,ST337Q02JA,"In your school, how often participate in: Creative writing classes/activities"
2022,estudiantes,ST337Q03JA,ST337Q03JA,"In your school, how often participate in: Music classes/activities (e.g. chorus, band)"
2022,estudiantes,ST337Q04JA,ST337Q04JA,"In your school, how often participate in: Debate [club]"
2022,estudiantes,ST337Q05JA,ST337Q05JA,"In your school, how often participate in: Dramatics, theatre class/activities"
2022,estudiantes,ST337Q06JA,ST337Q06JA,"In your school, how often participate in: Publications (e.g. newspaper, [yearbooks], literary magazine)"
2022,estudiantes,ST337Q07JA,ST337Q07JA,"In your school, how often participate in: Science [club]"
2022,estudiantes,ST337Q08JA,ST337Q08JA,"In your school, how often participate in: Computer programming classes/activities"
2022,estudiantes,ST338Q01JA,ST338Q01JA,"Out of school, how often participate in: Art classes/activities (e.g. painting, drawing)"
2022,estudiantes,ST338Q02JA,ST338Q02JA,"Out of school, how often participate in: Creative writing classes/activities"
2022,estudiantes,ST338Q03JA,ST338Q03JA,"Out of school, how often participate in: Music classes/activities (e.g. chorus, band)"
2022,estudiantes,ST338Q04JA,ST338Q04JA,"Out of school, how often participate in: Debate [club]"
2022,estudiantes,ST338Q05JA,ST338Q05JA,"Out of school, how often participate in: Dramatics, theatre class/activities"
2022,estudiantes,ST338Q06JA,ST338Q06JA,"Out of school, how often participate in: Publications (e.g. newspaper, [yearbooks], literary magazine)"
2022,estudiantes,ST338Q07JA,ST338Q07JA,"Out of school, how often participate in: Science [club]"
2022,estudiantes,ST338Q08JA,ST338Q08JA,"Out of school, how often participate in: Computer programming classes/activities"
2022,estudiantes,ST339Q04JA,ST339Q04JA,"Agree/disagree: Creativity can only be expressed through the arts (e.g. drawing, music, or writing)."
2022,estudiantes,ST339Q06JA,ST339Q06JA,Agree/disagree: It is possible to be creative in nearly any subject.
2022,estudiantes,ST340Q01JA,ST340Q01JA,Agree/disagree: Doing something creative satisfies me.
2022,estudiantes,ST340Q02JA,ST340Q02JA,Agree/disagree: I am very creative.
2022,estudiantes,ST340Q03JA,ST340Q03JA,Agree/disagree: I like creating stories.
2022,estudiantes,ST340Q04JA,ST340Q04JA,Agree/disagree: I like games that challenge my creativity.
2022,estudiantes,ST340Q05JA,ST340Q05JA,Agree/disagree: I enjoy projects that require creative solutions.
2022,estudiantes,ST340Q06JA,ST340Q06JA,Agree/disagree: I enjoy thinking about new ways to solve problems.
2022,estudiantes,ST340Q07JA,ST340Q07JA,Agree/disagree: I enjoy solving complex problems.
2022,estudiantes,ST340Q08JA,ST340Q08JA,Agree/disagree: I like school work that is challenging.
2022,estudiantes,ST340Q09JA,ST340Q09JA,Agree/disagree: I can suggest several solutions to problems.
2022,estudiantes,ST340Q10JA,ST340Q10JA,Agree/disagree: I enjoy learning new things.
2022,estudiantes,ST341Q01JA,ST341Q01JA,Agree/disagree: I enjoy creating art.
2022,estudiantes,ST341Q02JA,ST341Q02JA,Agree/disagree: I enjoy artistic activities.
2022,estudiantes,ST341Q03JA,ST341Q03JA,Agree/disagree: I express myself through art.
2022,estudiantes,ST341Q04JA,ST341Q04JA,Agree/disagree: I reflect on movies I watch.
2022,estudiantes,ST341Q05JA,ST341Q05JA,Agree/disagree: I see beauty in everyday things.
2022,estudiantes,ST342Q01JA,ST342Q01JA,Agree/disagree: I have difficulty using my imagination.
2022,estudiantes,ST342Q02JA,ST342Q02JA,Agree/disagree: I often get lost in thought.
2022,estudiantes,ST342Q03JA,ST342Q03JA,Agree/disagree: Coming up with new ideas is satisfying to me.
2022,estudiantes,ST342Q04JA,ST342Q04JA,Agree/disagree: I have a good imagination.
2022,estudiantes,ST342Q06JA,ST342Q06JA,Agree/disagree: I would get bored doing the same thing every day.
2022,estudiantes,ST342Q07JA,ST342Q07JA,Agree/disagree: I like to be spontaneous.
2022,estudiantes,ST342Q08JA,ST342Q08JA,Agree/disagree: I would like to travel to places I have never been.
2022,estudiantes,ST300Q01JA,ST300Q01JA,How often parents/family member: Discuss how well you are doing at school.
2022,estudiantes,ST300Q02JA,ST300Q02JA,How often parents/family member: Eat [the main meal] with you.
2022,estudiantes,ST300Q03JA,ST300Q03JA,How often parents/family member: Spend time just talking with you.
2022,estudiantes,ST300Q04JA,ST300Q04JA,How often parents/family member: Talk to you about the importance of [completing ISCED 3].
2022,estudiantes,ST300Q05JA,ST300Q05JA,How often: parents/family member: Talk to you about any problems you might have at school.
2022,estudiantes,ST300Q06JA,ST300Q06JA,How often parents/family member: Ask you about how well you are getting along with other students at school.
2022,estudiantes,ST300Q07JA,ST300Q07JA,How often parents/family member: Encourage you to get good [marks].
2022,estudiantes,ST300Q08JA,ST300Q08JA,How often parents/family member: Take an interest in what you are learning at school.
2022,estudiantes,ST300Q09JA,ST300Q09JA,How often parents/family member: Talk to you about your future education.
2022,estudiantes,ST300Q10JA,ST300Q10JA,How often parents/family member: Ask you what you did in school that day.
2022,estudiantes,ST327Q01JA,ST327Q01JA,Which of the following qualifications do you expect to complete: [ISCED level 2]
2022,estudiantes,ST327Q02JA,ST327Q02JA,Which of the following qualifications do you expect to complete: [ISCED level 3.3]
2022,estudiantes,ST327Q03JA,ST327Q03JA,Which of the following qualifications do you expect to complete: [ISCED level 3.4]
2022,estudiantes,ST327Q04JA,ST327Q04JA,Which of the following qualifications do you expect to complete: [ISCED level 4]
2022,estudiantes,ST327Q05JA,ST327Q05JA,Which of the following qualifications do you expect to complete: [ISCED level 5]
2022,estudiantes,ST327Q06JA,ST327Q06JA,Which of the following qualifications do you expect to complete: [ISCED level 6]
2022,estudiantes,ST327Q07JA,ST327Q07JA,Which of the following qualifications do you expect to complete: [ISCED level 7]
2022,estudiantes,ST327Q08JA,ST327Q08JA,Which of the following qualifications do you expect to complete: [ISCED level 8]
2022,estudiantes,ST330Q01WA,ST330Q01WA,"To learn about future study/work, have you: I did an internship."
2022,estudiantes,ST330Q02WA,ST330Q02WA,"To learn about future study/work, have you: I attended [job shadowing or work-site visits]."
2022,estudiantes,ST330Q03WA,ST330Q03WA,"To learn about future study/work, have you: I visited a [job fair]."
2022,estudiantes,ST330Q04WA,ST330Q04WA,"To learn about future study/work, have you: I spoke to a [career advisor] at my school."
2022,estudiantes,ST330Q05WA,ST330Q05WA,"To learn about future study/work, have you: I spoke to a [career advisor] outside of my school."
2022,estudiantes,ST330Q06WA,ST330Q06WA,"To learn about future study/work, have you: I completed a questionnaire to find out about my interests and abilities."
2022,estudiantes,ST330Q07WA,ST330Q07WA,"To learn about future study/work, have you: I researched the internet for information about careers."
2022,estudiantes,ST330Q08WA,ST330Q08WA,"To learn about future study/work, have you: I went to an organised tour in an [ISCED 3-7] institution."
2022,estudiantes,ST330Q09WA,ST330Q09WA,"To learn about future study/work, have you: I researched the internet for information about [ISCED 3-7] programmes."
2022,estudiantes,ST330Q11WA,ST330Q11WA,"To learn about future study/work, have you: I researched information on student financing (e.g. student loans or grants)."
2022,estudiantes,ST330D10WA,ST330D10WA,Have you done any of the following to find out about future study or types of work? <Country-specific item>
2022,estudiantes,ST324Q02JA,ST324Q02JA,Agree/disagree: I worry that I am not prepared for life after [the final year of compulsory education].
2022,estudiantes,ST324Q04JA,ST324Q04JA,Agree/disagree: I feel well-informed about possible paths for me after [the final year of compulsory education].
2022,estudiantes,ST324Q05JA,ST324Q05JA,"Agree/disagree: I feel pressure from my family to follow a specific path (e.g. go to college, work in the family business, learn a trade) after [the final year of compulsory education]."
2022,estudiantes,ST324Q07JA,ST324Q07JA,Agree/disagree: I worry that I won't have enough money to do what I'd like to do after [the final year of compulsory education].
2022,estudiantes,ST324Q10JA,ST324Q10JA,Agree/disagree: School has done little to prepare me for adult life when I leave school.
2022,estudiantes,ST324Q11JA,ST324Q11JA,Agree/disagree: School has been a waste of time.
2022,estudiantes,ST324Q12JA,ST324Q12JA,Agree/disagree: School has helped give me confidence to make decisions.
2022,estudiantes,ST324Q13JA,ST324Q13JA,Agree/disagree: School has taught me things which could be useful in a job.
2022,estudiantes,ST324Q14JA,ST324Q14JA,Agree/disagree: I feel well-prepared for my future path after [the final year of compulsory education].
2022,estudiantes,ST347Q01JA,ST347Q01JA,"In last 3 years, did school close because: Because of COVID-19"
2022,estudiantes,ST347Q02JA,ST347Q02JA,"In last 3 years, did school close because: For another reason (e.g. a natural disaster, strikes or demonstrations, air pollution)"
2022,estudiantes,ST348Q01JA,ST348Q01JA,"During COVID closures, how often: Sent you learning materials to study on your own"
2022,estudiantes,ST348Q02JA,ST348Q02JA,"During COVID closures, how often: Sent you assignments"
2022,estudiantes,ST348Q03JA,ST348Q03JA,"During COVID closures, how often: Uploaded material on a learning management system or school learning platform (e.g. [Blackboard®], [Edmodo®], [Moodle®], [Google® Classroom™])"
2022,estudiantes,ST348Q04JA,ST348Q04JA,"During COVID closures, how often: Checked in with you to ensure that you were completing your assignments"
2022,estudiantes,ST348Q05JA,ST348Q05JA,"During COVID closures, how often: Offered live virtual classes on a video communication program (e.g. Zoom™, Skype™, Google® Meet™, Microsoft® Teams)"
2022,estudiantes,ST348Q06JA,ST348Q06JA,"During COVID closures, how often: Asked you to submit completed school assignments"
2022,estudiantes,ST348Q07JA,ST348Q07JA,"During COVID closures, how often: Gave you helpful tips about how to study on your own"
2022,estudiantes,ST348Q08JA,ST348Q08JA,"During COVID closures, how often: Checked in with you to ask how you were feeling"
2022,estudiantes,ST349Q01JA,ST349Q01JA,"During COVID closures, which of the following digital devices did you use most often for your school work?"
2022,estudiantes,ST350Q01JA,ST350Q01JA,"During COVID closures, how much learned compared to typical week of in person school?"
2022,estudiantes,ST351Q01JA,ST351Q01JA,"During COVID closures, how often use: Paper textbooks, workbooks, or worksheets"
2022,estudiantes,ST351Q02JA,ST351Q02JA,"During COVID closures, how often use: Digital textbooks, workbooks, or worksheets"
2022,estudiantes,ST351Q03JA,ST351Q03JA,"During COVID closures, how often use: Real-time lessons by a teacher from my school on a video communication program (e.g. ZoomTM, SkypeTM, Google® Meet™, Microsoft® Teams)"
2022,estudiantes,ST351Q04JA,ST351Q04JA,"During COVID closures, how often use: Real time lessons by a private tutor on a video communication program (e.g. Zoom™, Skype™, Google® Meet™, Microsoft® Teams)"
2022,estudiantes,ST351Q05JA,ST351Q05JA,"During COVID closures, how often use: Learning material my teachers sent via SMS or WhatsApp™"
2022,estudiantes,ST351Q06JA,ST351Q06JA,"During COVID closures, how often use: Recorded lessons or other digital material provided by teachers from my school"
2022,estudiantes,ST351Q07JA,ST351Q07JA,"During COVID closures, how often use: Recorded lessons or other digital material from other sources (e.g. Khan Academy®, Coursera®)"
2022,estudiantes,ST351Q08JA,ST351Q08JA,"During COVID closures, how often use: Lessons broadcast over television or radio"
2022,estudiantes,ST352Q01JA,ST352Q01JA,"During COVID closures, how often problems with: Problems with access to a digital device when I needed it"
2022,estudiantes,ST352Q02JA,ST352Q02JA,"During COVID closures, how often problems with: Problems with Internet access"
2022,estudiantes,ST352Q03JA,ST352Q03JA,"During COVID closures, how often problems with: Problems with access to school supplies (e.g. paper, pencil)"
2022,estudiantes,ST352Q04JA,ST352Q04JA,"During COVID closures, how often problems with: Problems with finding a quiet place to study"
2022,estudiantes,ST352Q05JA,ST352Q05JA,"During COVID closures, how often problems with: Problems finding time to study because I had household responsibilities"
2022,estudiantes,ST352Q06JA,ST352Q06JA,"During COVID closures, how often problems with: Problems with motivating myself to do school work"
2022,estudiantes,ST352Q07JA,ST352Q07JA,"During COVID closures, how often problems with: Problems with understanding my school assignments"
2022,estudiantes,ST352Q08JA,ST352Q08JA,"During COVID closures, how often problems with: Problems with finding someone who could help me with my school work"
2022,estudiantes,ST353Q01JA,ST353Q01JA,"During COVID closures, how often did family member: Help you with your school work"
2022,estudiantes,ST353Q02JA,ST353Q02JA,"During COVID closures, how often did family member: Ask you what you were learning"
2022,estudiantes,ST353Q03JA,ST353Q03JA,"During COVID closures, how often did family member: Help you create a learning schedule"
2022,estudiantes,ST353Q04JA,ST353Q04JA,"During COVID closures, how often did family member: Help you access learning materials online"
2022,estudiantes,ST353Q05JA,ST353Q05JA,"During COVID closures, how often did family member: Check whether you were completing your school assignments"
2022,estudiantes,ST353Q06JA,ST353Q06JA,"During COVID closures, how often did family member: Explain new content to you"
2022,estudiantes,ST353Q07JA,ST353Q07JA,"During COVID closures, how often did family member: Help you find additional learning resources"
2022,estudiantes,ST353Q08JA,ST353Q08JA,"During COVID closures, how often did family member: Teach you additional topics not part of your school assignments"
2022,estudiantes,ST354Q01JA,ST354Q01JA,"During COVID closures, agree/disagree: I felt lonely."
2022,estudiantes,ST354Q02JA,ST354Q02JA,"During COVID closures, agree/disagree: I enjoyed learning by myself."
2022,estudiantes,ST354Q03JA,ST354Q03JA,"During COVID closures, agree/disagree: My teachers were available when I needed help (e.g. through virtual office hours, email, chat)."
2022,estudiantes,ST354Q04JA,ST354Q04JA,"During COVID closures, agree/disagree: I felt anxious about school work."
2022,estudiantes,ST354Q05JA,ST354Q05JA,"During COVID closures, agree/disagree: I was motivated to learn."
2022,estudiantes,ST354Q06JA,ST354Q06JA,"During COVID closures, agree/disagree: I fell behind in my school work."
2022,estudiantes,ST354Q07JA,ST354Q07JA,"During COVID closures, agree/disagree: I improved my skills in using digital devices for learning purposes."
2022,estudiantes,ST354Q08JA,ST354Q08JA,"During COVID closures, agree/disagree: My teachers were well prepared to provide instruction remotely."
2022,estudiantes,ST354Q09JA,ST354Q09JA,"During COVID closures, agree/disagree: I was well prepared to learn on my own."
2022,estudiantes,ST354Q10JA,ST354Q10JA,"During COVID closures, agree/disagree: I missed sports and other physical activities organised by my school."
2022,estudiantes,ST355Q01JA,ST355Q01JA,"Confident can do in future: Using a learning management system or school learning platform (e.g. Blackboard®, Edmodo®, Moodle®, Google® Classroom™)"
2022,estudiantes,ST355Q02JA,ST355Q02JA,"Confident can do in future: Using a video communication program (e.g. Zoom™, Skype™, Google® Meet™, Microsoft® Teams)"
2022,estudiantes,ST355Q03JA,ST355Q03JA,Confident can do in future: : Finding learning resources online on my own
2022,estudiantes,ST355Q04JA,ST355Q04JA,Confident can do in future: Planning when to do school work on my own
2022,estudiantes,ST355Q05JA,ST355Q05JA,Confident can do in future: Motivating myself to do school work
2022,estudiantes,ST355Q06JA,ST355Q06JA,Confident can do in future: Focusing on school work without reminders
2022,estudiantes,ST355Q07JA,ST355Q07JA,Confident can do in future: Completing school work independently
2022,estudiantes,ST355Q08JA,ST355Q08JA,Confident can do in future: Assessing my progress with learning
2022,estudiantes,ST356Q01JA,ST356Q01JA,"Overall, how prepared feel for learning on own if school building closed again for extended period the future?"
2022,estudiantes,ST331Q01JA,ST331Q01JA,How much effort did you put into doing well on the PISA test?
2022,estudiantes,ST331Q02JA,ST331Q02JA,How much effort would you have invested if your results from the PISA test were counted in your [school marks]?
2022,estudiantes,ST331Q03JA,ST331Q03JA,How much effort did you put into giving accurate answers?
2022,estudiantes,FL150Q01TA,FL150Q01TA,"Have you learned to manage money in a course: At school, in a subject or course specifically about managing your money"
2022,estudiantes,FL150Q02TA,FL150Q02TA,Have you learned to manage money in a course: At school as part of another subject or course
2022,estudiantes,FL150Q03TA,FL150Q03TA,Have you learned to manage money in a course: In an activity outside school
2022,estudiantes,FL164Q01HA,FL164Q01HA,"In school lessons in last 12 months, have you heard of or learnt about: Interest payment"
2022,estudiantes,FL164Q02HA,FL164Q02HA,"In school lessons in last 12 months, have you heard of or learnt about: Compound interest"
2022,estudiantes,FL164Q03HA,FL164Q03HA,"In school lessons in last 12 months, have you heard of or learnt about: Exchange rate"
2022,estudiantes,FL164Q04HA,FL164Q04HA,"In school lessons in last 12 months, have you heard of or learnt about: Depreciation"
2022,estudiantes,FL164Q05HA,FL164Q05HA,"In school lessons in last 12 months, have you heard of or learnt about: Shares/stocks"
2022,estudiantes,FL164Q06HA,FL164Q06HA,"In school lessons in last 12 months, have you heard of or learnt about: Return on investment"
2022,estudiantes,FL164Q07HA,FL164Q07HA,"In school lessons in last 12 months, have you heard of or learnt about: Dividend"
2022,estudiantes,FL164Q08HA,FL164Q08HA,"In school lessons in last 12 months, have you heard of or learnt about: Diversification"
2022,estudiantes,FL164Q09HA,FL164Q09HA,"In school lessons in last 12 months, have you heard of or learnt about: Debit card"
2022,estudiantes,FL164Q10HA,FL164Q10HA,"In school lessons in last 12 months, have you heard of or learnt about: Bank loan"
2022,estudiantes,FL164Q11HA,FL164Q11HA,"In school lessons in last 12 months, have you heard of or learnt about: Pension plan"
2022,estudiantes,FL164Q12HA,FL164Q12HA,"In school lessons in last 12 months, have you heard of or learnt about: Budget"
2022,estudiantes,FL164Q13HA,FL164Q13HA,"In school lessons in last 12 months, have you heard of or learnt about: Wage"
2022,estudiantes,FL164Q14HA,FL164Q14HA,"In school lessons in last 12 months, have you heard of or learnt about: Entrepreneur"
2022,estudiantes,FL164Q15HA,FL164Q15HA,"In school lessons in last 12 months, have you heard of or learnt about: Central bank"
2022,estudiantes,FL164Q16HA,FL164Q16HA,"In school lessons in last 12 months, have you heard of or learnt about: Income tax"
2022,estudiantes,FL166Q01HA,FL166Q01HA,"In school, how often encountered: Describing the purpose and uses of money"
2022,estudiantes,FL166Q02HA,FL166Q02HA,"In school, how often encountered: Exploring the difference between spending money on needs and wants"
2022,estudiantes,FL166Q03HA,FL166Q03HA,"In school, how often encountered: Exploring ways of planning to pay an expense"
2022,estudiantes,FL166Q05HA,FL166Q05HA,"In school, how often encountered: Discussing the rights of consumers when dealing with financial institutions"
2022,estudiantes,FL166Q06HA,FL166Q06HA,"In school, how often encountered: Discussing the ways in which money invested in the stock market changes value over time"
2022,estudiantes,FL166Q07HA,FL166Q07HA,"In school, how often encountered: Analysing advertisements to understand how they encourage people to buy things"
2022,estudiantes,FL174Q01JA,FL174Q01JA,Encountered these during: During your mathematics class
2022,estudiantes,FL174Q02JA,FL174Q02JA,Encountered these during: During classes about social sciences ([national example])
2022,estudiantes,FL174Q03JA,FL174Q03JA,Encountered these during: During classes about citizenship ([civic education or 'the world around me' or other national example])
2022,estudiantes,FL174Q04JA,FL174Q04JA,Encountered these during: During classes about economics or business
2022,estudiantes,FL174Q05JA,FL174Q05JA,Encountered these during: During another class
2022,estudiantes,FL174Q06JA,FL174Q06JA,Encountered these during: During a one-off lesson or activity in school time from an outside visitor (not one of your teachers)
2022,estudiantes,FL174Q07JA,FL174Q07JA,Encountered these during: During extra-curricular activity outside of school time
2022,estudiantes,FL167Q01HA,FL167Q01HA,How often discuss with parents/guardians/relatives: Your spending decisions
2022,estudiantes,FL167Q02HA,FL167Q02HA,How often discuss with parents/guardians/relatives: Your savings decisions
2022,estudiantes,FL167Q06JA,FL167Q06JA,How often discuss with parents/guardians/relatives: How to use your allowance or pocket money
2022,estudiantes,FL167Q03HA,FL167Q03HA,How often discuss with parents/guardians/relatives: The family budget
2022,estudiantes,FL167Q04HA,FL167Q04HA,How often discuss with parents/guardians/relatives: Money for things you want to buy
2022,estudiantes,FL167Q05HA,FL167Q05HA,How often discuss with parents/guardians/relatives: News related to economics or finance
2022,estudiantes,FL167Q07JA,FL167Q07JA,How often discuss with parents/guardians/relatives: Shopping online
2022,estudiantes,FL170Q01JA,FL170Q01JA,"In last 12 months, how often get money from: An allowance or pocket money for doing chores at home"
2022,estudiantes,FL170Q02JA,FL170Q02JA,"In last 12 months, how often get money from: An allowance or pocket money, without having to do any chores"
2022,estudiantes,FL170Q03JA,FL170Q03JA,"In last 12 months, how often get money from: Working outside school hours (e.g. a holiday job, part-time work)"
2022,estudiantes,FL170Q04JA,FL170Q04JA,"In last 12 months, how often get money from: Working in a family business"
2022,estudiantes,FL170Q05JA,FL170Q05JA,"In last 12 months, how often get money from: Occasional informal jobs (e.g. baby-sitting or gardening)"
2022,estudiantes,FL170Q06JA,FL170Q06JA,"In last 12 months, how often get money from: Gifts from friends or relatives"
2022,estudiantes,FL170Q07JA,FL170Q07JA,"In last 12 months, how often get money from: Selling things (e.g. at local markets or on [eBay])"
2022,estudiantes,FL159Q01HA,FL159Q01HA,Agree/disagree: I can decide independently what to spend my money on.
2022,estudiantes,FL159Q02HA,FL159Q02HA,"Agree/disagree: I can spend small amounts of my money independently, but for larger amounts I need to ask my parents or guardians for permission."
2022,estudiantes,FL159Q03HA,FL159Q03HA,Agree/disagree: I need to ask my parents or guardians for permission before I spend any money on my own.
2022,estudiantes,FL159Q04HA,FL159Q04HA,Agree/disagree: I am responsible for my own money matters (e.g. for preventing theft).
2022,estudiantes,FL160Q01HA,FL160Q01HA,"When buying product, how often: Compare prices in different shops"
2022,estudiantes,FL160Q02HA,FL160Q02HA,"When buying product, how often: Compare prices between a shop and an online shop"
2022,estudiantes,FL160Q03HA,FL160Q03HA,"When buying product, how often: Buy the product without comparing prices"
2022,estudiantes,FL160Q04HA,FL160Q04HA,"When buying product, how often: Wait until the product gets cheaper before buying it"
2022,estudiantes,FL161Q01HA,FL161Q01HA,"Do you have any of the following things: An account with a [bank, building society, post office or credit union]"
2022,estudiantes,FL161Q02HA,FL161Q02HA,Do you have any of the following things: A payment card/debit card
2022,estudiantes,FL161Q03HA,FL161Q03HA,Do you have any of the following things: A mobile app to access your account
2022,estudiantes,FL162Q01HA,FL162Q01HA,How confident would you feel about: Making a money transfer (e.g. paying a bill)
2022,estudiantes,FL162Q02HA,FL162Q02HA,How confident would you feel about: Filling in forms at the bank
2022,estudiantes,FL162Q03HA,FL162Q03HA,How confident would you feel about: Understanding bank statements
2022,estudiantes,FL162Q04HA,FL162Q04HA,How confident would you feel about: Understanding a sales contract
2022,estudiantes,FL162Q05HA,FL162Q05HA,How confident would you feel about: Keeping track of my account balance
2022,estudiantes,FL162Q06HA,FL162Q06HA,How confident would you feel about: Planning my spending with consideration of my current financial situation
2022,estudiantes,FL163Q01HA,FL163Q01HA,Confident use digital device to: Transferring money
2022,estudiantes,FL163Q02HA,FL163Q02HA,Confident use digital device to: Keeping track of my balance
2022,estudiantes,FL163Q03HA,FL163Q03HA,Confident use digital device to: Paying with a debit card instead of using cash
2022,estudiantes,FL163Q04HA,FL163Q04HA,Confident use digital device to: Paying with a mobile device (e.g. mobile phone or tablet) instead of using cash
2022,estudiantes,FL163Q05HA,FL163Q05HA,Confident use digital device to: Ensuring the safety of sensitive information when making an electronic payment or using online banking
2022,estudiantes,FL171Q01JA,FL171Q01JA,How often: Checked that you were given the right change when you bought something with cash
2022,estudiantes,FL171Q02JA,FL171Q02JA,How often:  Felt that you did not have enough money for something you wanted to buy
2022,estudiantes,FL171Q03JA,FL171Q03JA,How often: Bought something online (alone or with a family member)
2022,estudiantes,FL171Q04JA,FL171Q04JA,How often: Made a payment using a smartphone (i.e. mobile phone with Internet access)
2022,estudiantes,FL171Q05JA,FL171Q05JA,How often: Made a payment using a bank card (e.g. [debit card])
2022,estudiantes,FL171Q07JA,FL171Q07JA,How often: Bought something that cost more money than you intended to spend
2022,estudiantes,FL171Q08JA,FL171Q08JA,How often:  Checked how much money you have
2022,estudiantes,FL171Q09JA,FL171Q09JA,How often:  Bought something because your friends have it
2022,estudiantes,FL171Q10JA,FL171Q10JA,How often: Sent money to other people with a smartphone (i.e. mobile phone with Internet access)
2022,estudiantes,FL171Q11JA,FL171Q11JA,"How often: Saved money in an account at a [bank, online bank, building society, post office or credit union]"
2022,estudiantes,FL171Q12JA,FL171Q12JA,How often: Saved money at home
2022,estudiantes,FL169Q01HA,FL169Q01HA,Agree/disagree:  I enjoy talking about money matters.
2022,estudiantes,FL169Q05JA,FL169Q05JA,Agree/disagree:  I know how to manage my money.
2022,estudiantes,FL169Q02HA,FL169Q02HA,Agree/disagree:  Young people should make their own decisions about how to spend their money.
2022,estudiantes,FL169Q06JA,FL169Q06JA,Agree/disagree:  I buy things according to how I feel at the moment.
2022,estudiantes,FL169Q07JA,FL169Q07JA,Agree/disagree:  Saving is something I do only if I have money left over.
2022,estudiantes,FL169Q03HA,FL169Q03HA,Agree/disagree:  Money matters are not relevant for me right now.
2022,estudiantes,FL169Q04HA,FL169Q04HA,Agree/disagree:  I would like to run my own business in the future.
2022,estudiantes,FL169Q08JA,FL169Q08JA,Agree/disagree:  I am able to work effectively towards long-term goals.
2022,estudiantes,FL169Q10JA,FL169Q10JA,Agree/disagree:  I make savings goals for certain things I want to buy or to do.
2022,estudiantes,FL169Q11JA,FL169Q11JA,Agree/disagree:  It is easier to monitor my spending when I pay by cash than when I pay with a bank card.
2022,estudiantes,FL172Q01JA,FL172Q01JA,Agree/disagree: My friends have a strong influence on my spending decisions.
2022,estudiantes,FL172Q03JA,FL172Q03JA,Agree/disagree: I want to keep up with my friends' life style.
2022,estudiantes,FL172Q05JA,FL172Q05JA,Agree/disagree: Sometimes I spend more than I would like when I am with my friends.
2022,estudiantes,FL172Q06JA,FL172Q06JA,Agree/disagree: I often buy what my friends recommend.
2022,estudiantes,IC170Q01JA,IC170Q01JA,How often use at school: Desktop or laptop computer
2022,estudiantes,IC170Q02JA,IC170Q02JA,How often use at school: Smartphone (i.e. mobile phone with internet access)
2022,estudiantes,IC170Q03JA,IC170Q03JA,"How often use at school: [Tablet device] (e.g. [iPad®], [Galaxy Book®],) or [e-book reader] (e.g. [Amazon Kindle™], [Kobo®])"
2022,estudiantes,IC170Q04JA,IC170Q04JA,How often use at school: Internet access (except on smartphones)
2022,estudiantes,IC170Q05JA,IC170Q05JA,"How often use at school: School portal (to consult timetable, absences, etc.)"
2022,estudiantes,IC170Q06JA,IC170Q06JA,"How often use at school: Educational software, games or apps, other learning tools (e.g. [CK-12™] or [Mathalicious®] online support)"
2022,estudiantes,IC170Q07JA,IC170Q07JA,"How often use at school: A learning management system or school learning platform (e.g. [Blackboard®], [Edmodo®], [Moodle®], [Google® Classroom™])"
2022,estudiantes,IC171Q01JA,IC171Q01JA,How often use out of school: Desktop or laptop computer
2022,estudiantes,IC171Q02JA,IC171Q02JA,How often use out of school: Smartphone (i.e. mobile phone with Internet access)
2022,estudiantes,IC171Q03JA,IC171Q03JA,"How often use out of school: Tablet device (e.g.iPad®, Galaxy Book®,) or e-book reader (e.g., Amazon® Kindle™, Kobo®)"
2022,estudiantes,IC171Q04JA,IC171Q04JA,How often use out of school: Internet access (except on smartphones)
2022,estudiantes,IC171Q05JA,IC171Q05JA,"How often use out of school: Educational software, games or Apps, other learning tools (e.g. CK-12™ or Mathalicious® online support)"
2022,estudiantes,IC171Q06JA,IC171Q06JA,"How often use out of school: Video or online games (e.g. used with game consoles such as a  Play Station 4® or Nintendo Wii®, online gaming platforms such as  Steam® or gaming Apps such as Angry Birds®)"
2022,estudiantes,IC172Q01JA,IC172Q01JA,Agree/disagree: There are enough [digital resources] for every student at my school.
2022,estudiantes,IC172Q02JA,IC172Q02JA,Agree/disagree: There are enough digital devices with access to the Internet at my school.
2022,estudiantes,IC172Q03JA,IC172Q03JA,Agree/disagree: The school's Internet speed is sufficient.
2022,estudiantes,IC172Q04JA,IC172Q04JA,Agree/disagree: [Digital resources] function properly at my school.
2022,estudiantes,IC172Q05JA,IC172Q05JA,Agree/disagree: [Digital resources] are easily accessible within the classroom.
2022,estudiantes,IC172Q06JA,IC172Q06JA,Agree/disagree: Digital learning resources available at my school make learning interesting.
2022,estudiantes,IC172Q07JA,IC172Q07JA,Agree/disagree: The school provides sufficient technical support to help students in their use of [digital resources].
2022,estudiantes,IC172Q08JA,IC172Q08JA,Agree/disagree: Teachers at my school have the necessary skills to use digital devices during instruction.
2022,estudiantes,IC172Q09JA,IC172Q09JA,Agree/disagree: Teachers at my school are willing to use [digital resources] for teaching.
2022,estudiantes,IC173Q01JA,IC173Q01JA,How often use [digital resources] in lessons in: [Test language]
2022,estudiantes,IC173Q02JA,IC173Q02JA,How often use [digital resources] in lessons in: [Mathematics]
2022,estudiantes,IC173Q03JA,IC173Q03JA,How often use [digital resources] in lessons in: [Science]
2022,estudiantes,IC173Q04JA,IC173Q04JA,"How often use [digital resources] in lessons in: [Computer science], [information technology], [informatics] or similar lessons."
2022,estudiantes,IC174Q01JA,IC174Q01JA,"How often used [digital resources] to: Create a multi-media presentation with pictures, sound or video"
2022,estudiantes,IC174Q02JA,IC174Q02JA,"How often used [digital resources] to: Write or edit text for a school assignment (e.g. using [Google® Docs™], [Microsoft® Word])"
2022,estudiantes,IC174Q03JA,IC174Q03JA,"How often used [digital resources] to: Find information online about real-world problems or phenomena (e.g. climate change, oil spills, measuring the height of a building)"
2022,estudiantes,IC174Q04JA,IC174Q04JA,"How often used [digital resources] to: Collect and record data (e.g. using data loggers, [Microsoft® Access™], [Google® Forms], spreadsheets)"
2022,estudiantes,IC174Q05JA,IC174Q05JA,How often: used [digital resources] to: Analyse data that you have collected yourself (e.g. using [Microsoft® Excel™])
2022,estudiantes,IC174Q06JA,IC174Q06JA,How often used [digital resources] to: Report or share your results from your own experiments or investigations
2022,estudiantes,IC174Q07JA,IC174Q07JA,"How often used [digital resources] to: Plan and manage work or projects (e.g. dividing tasks, managing deadlines)"
2022,estudiantes,IC174Q08JA,IC174Q08JA,How often used [digital resources] to: Track the progress of your own work projects
2022,estudiantes,IC174Q09JA,IC174Q09JA,"How often used [digital resources] to: Collaborate with other students to create digital content (e.g. presentation, etc.)"
2022,estudiantes,IC174Q10JA,IC174Q10JA,"How often used [digital resources] to: Play digital learning games (e.g. [Atlantis Remixed], [Duolingo®])"
2022,estudiantes,IC175Q01JA,IC175Q01JA,How often used [digital resources] to: Read or listen to feedback sent by my teachers regarding my work and academic results
2022,estudiantes,IC175Q02JA,IC175Q02JA,How often used [digital resources] to: Read or listen to feedback sent by other students on my work
2022,estudiantes,IC175Q03JA,IC175Q03JA,How often used [digital resources] to: Read or listen to feedback automatically selected for me by an educational software or app
2022,estudiantes,IC175Q05JA,IC175Q05JA,How often used [digital resources] to: Work on drill and practice exercises using an educational software or app
2022,estudiantes,IC176Q01JA,IC176Q01JA,How often used [digital resources] to: See my grades or results from specific assignments (e.g. homework or tests)
2022,estudiantes,IC176Q02JA,IC176Q02JA,How often used [digital resources] to: Browse the Internet for schoolwork (e.g. for preparing an essay or presentation)
2022,estudiantes,IC176Q03JA,IC176Q03JA,How often used [digital resources] to: Browse the Internet to follow up lessons (e.g. for finding explanations)
2022,estudiantes,IC176Q04JA,IC176Q04JA,How often used [digital resources] to: Receive or download assignments or instructions (via [digital resources]) from my teacher
2022,estudiantes,IC176Q05JA,IC176Q05JA,How often used [digital resources] to: Upload my work (e.g. documents or presentations) to a school portal or another platform to share materials with my teacher and/or students
2022,estudiantes,IC176Q06JA,IC176Q06JA,How often used [digital resources] to: Communicate with my teacher
2022,estudiantes,IC176Q07JA,IC176Q07JA,How often used [digital resources] to: Communicate with other students about schoolwork
2022,estudiantes,IC176Q08JA,IC176Q08JA,How often used [digital resources] to: Search for information on school-related activities or assignments
2022,estudiantes,IC184Q01JA,IC184Q01JA,How often: I use [digital resources] for simple calculations.
2022,estudiantes,IC184Q02JA,IC184Q02JA,How often: I use [digital resources] to solve equations.
2022,estudiantes,IC184Q03JA,IC184Q03JA,"How often: I use [digital resources] for simulations and modelling (e.g. [GeoGebra], [NetLogo]), virtual laboratories (e.g. [Labster])."
2022,estudiantes,IC184Q04JA,IC184Q04JA,"How often: I use [digital resources] for coding or algorithm activities (e.g. using [Scratch], etc.)"
2022,estudiantes,IC177Q01JA,IC177Q01JA,"How much time spent: Play video-games (using my smartphone, a gaming console or an online platform or apps)"
2022,estudiantes,IC177Q02JA,IC177Q02JA,"How much time spent: Browse social networks (e.g. [Instagram®], [Facebook®])"
2022,estudiantes,IC177Q03JA,IC177Q03JA,"How much time spent: Browse the Internet (excluding social networks) for fun (e.g. reading news, listening to podcasts and music or watching videos)"
2022,estudiantes,IC177Q04JA,IC177Q04JA,"How much time spent: Look for practical information online (e.g. find a place, book a train ticket, buy a product)"
2022,estudiantes,IC177Q05JA,IC177Q05JA,"How much time spent: Communicate and share digital content on social networks or any communication platform (e.g. [Facebook®], [Instagram®], [Twitter®], emails, chat)"
2022,estudiantes,IC177Q06JA,IC177Q06JA,"How much time spent: Read, listen to or view informational materials to learn how to do something (e.g. tutorial, podcast)"
2022,estudiantes,IC177Q07JA,IC177Q07JA,"How much time spent: Create or edit my own digital content (pictures, videos, music, videos, computer programs)"
2022,estudiantes,IC178Q01JA,IC178Q01JA,"How much time using [digital resources] to: Play video-games (using my smartphone, a gaming console or an online platform or apps)"
2022,estudiantes,IC178Q02JA,IC178Q02JA,"How much time using [digital resources] to: Browse social networks (e.g. Instagram®, Facebook®)"
2022,estudiantes,IC178Q03JA,IC178Q03JA,"How much time using [digital resources] to: Browse the Internet (excluding social networks) for fun  (e.g. reading news, listening to podcasts and music or watching videos)"
2022,estudiantes,IC178Q04JA,IC178Q04JA,"How much time using [digital resources] to: Look for practical information online (e.g. find a place, book a train ticket, buy a product)"
2022,estudiantes,IC178Q05JA,IC178Q05JA,"How much time using [digital resources] to: Communicate and share digital content on social networks or any communication platform (e.g. Facebook®, Instagram®, Twitter®, emails, chat)"
2022,estudiantes,IC178Q06JA,IC178Q06JA,"How much time using [digital resources] to: Read, listen to or view informational materials to learn how to do something (e.g. tutorial, podcast)"
2022,estudiantes,IC178Q07JA,IC178Q07JA,"How much time using [digital resources] to: Create or edit my own digital content (pictures, videos, music, videos, computer programs)"
2022,estudiantes,IC179Q01JA,IC179Q01JA,Agree/disagree: Students should not be allowed to bring mobile phones to class.
2022,estudiantes,IC179Q02JA,IC179Q02JA,Agree/disagree: Students should not be allowed to bring their own laptop (or tablet device) to class.
2022,estudiantes,IC179Q03JA,IC179Q03JA,Agree/disagree: Students should collaborate with teachers to decide on the rules regarding the use of digital devices during lessons.
2022,estudiantes,IC179Q04JA,IC179Q04JA,Agree/disagree: The school should set up filters to prevent students from going on social media.
2022,estudiantes,IC179Q05JA,IC179Q05JA,Agree/disagree: The school should set up filters to prevent students from playing games online.
2022,estudiantes,IC179Q06JA,IC179Q06JA,Agree/disagree: Teachers should monitor what students do on their laptops.
2022,estudiantes,IC180Q01JA,IC180Q01JA,Agree/disagree: I trust what I read online.
2022,estudiantes,IC180Q02JA,IC180Q02JA,Agree/disagree: When searching for information online I compare different sources.
2022,estudiantes,IC180Q03JA,IC180Q03JA,Agree/disagree: I check the accuracy of online information before sharing it on social networks.
2022,estudiantes,IC180Q04JA,IC180Q04JA,Agree/disagree: I discuss the accuracy of online information with my teachers or in class.
2022,estudiantes,IC180Q05JA,IC180Q05JA,Agree/disagree: I discuss the accuracy of online information with friends or other students.
2022,estudiantes,IC180Q06JA,IC180Q06JA,Agree/disagree: I discuss the accuracy of online information with my parents (or family).
2022,estudiantes,IC180Q07JA,IC180Q07JA,Agree/disagree: I try to flag wrong information when I encounter it online.
2022,estudiantes,IC180Q08JA,IC180Q08JA,Agree/disagree: I share made-up information on social networks without flagging its inaccuracy.
2022,estudiantes,IC181Q01JA,IC181Q01JA,How upset were you when: Encountering content online that was inappropriate for my age
2022,estudiantes,IC181Q02JA,IC181Q02JA,"How upset were you when: Encountering discriminatory content online (e.g. about race, gender, sexual orientation or physical appearance)"
2022,estudiantes,IC181Q03JA,IC181Q03JA,"How upset were you when: Receiving unkind, vulgar or offending messages, comments or videos"
2022,estudiantes,IC181Q04JA,IC181Q04JA,How upset were you when: Information about me was publicly displayed online without my consent
2022,estudiantes,IC182Q01JA,IC182Q01JA,Agree/disagree: I am interested in learning more about [digital resources].
2022,estudiantes,IC182Q02JA,IC182Q02JA,Agree/disagree: I am interested in learning [computer programming].
2022,estudiantes,IC182Q03JA,IC182Q03JA,Agree/disagree: I am interested in learning [digital resources] because it could be useful in a job.
2022,estudiantes,IC183Q01JA,IC183Q01JA,Can do with [digital resources]: Search for and find relevant information online
2022,estudiantes,IC183Q02JA,IC183Q02JA,Can do with [digital resources]: Assess the quality of information you found online
2022,estudiantes,IC183Q03JA,IC183Q03JA,Can do with [digital resources]: Share practical information with a group of students
2022,estudiantes,IC183Q04JA,IC183Q04JA,Can do with [digital resources]: Collaborate with other students on a group assignment
2022,estudiantes,IC183Q05JA,IC183Q05JA,Can do with [digital resources]: Explain to other students how to share digital content online or on a school platform
2022,estudiantes,IC183Q07JA,IC183Q07JA,Can do with [digital resources]: Write or edit text for a school assignment
2022,estudiantes,IC183Q08JA,IC183Q08JA,"Can do with [digital resources]: Collect and record data (e.g. using data loggers, [Microsoft® Access™], [Google® Forms], spreadsheets)"
2022,estudiantes,IC183Q09JA,IC183Q09JA,"Can do with [digital resources]: Create a multi-media presentation (with sound, pictures, or video)"
2022,estudiantes,IC183Q10JA,IC183Q10JA,"Can do with [digital resources]: Create, update and maintain a webpage or a blog"
2022,estudiantes,IC183Q12JA,IC183Q12JA,Can do with [digital resources]: Change the settings of a device or app in order to protect my data and privacy
2022,estudiantes,IC183Q13JA,IC183Q13JA,Can do with [digital resources]: Select the most efficient programme or app that allows me to carry out a specific task
2022,estudiantes,IC183Q14JA,IC183Q14JA,"Can do with [digital resources]: Create a computer program (e.g., in [Scratch®], [Python®], [Java®])"
2022,estudiantes,IC183Q15JA,IC183Q15JA,Can do with [digital resources]: Identify the source of an error in a software after considering a list of potential causes
2022,estudiantes,IC183Q16JA,IC183Q16JA,"Can do with [digital resources]: Break down a problem and represent a solution as a series of logical steps, such as an algorithm"
2022,estudiantes,WB150Q01HA,WB150Q01HA,How is your health?
2022,estudiantes,WB151Q01HA,WB151Q01HA,How much do you weigh?
2022,estudiantes,WB152Q01HA,WB152Q01HA,How tall are you?
2022,estudiantes,WB153Q01HA,WB153Q01HA,"Thinking about yourself, how much do you agree: I like my look just the way it is."
2022,estudiantes,WB153Q02HA,WB153Q02HA,"Thinking about yourself, how much do you agree: I consider myself to be attractive."
2022,estudiantes,WB153Q03HA,WB153Q03HA,"Thinking about yourself, how much do you agree: I am not concerned about my weight."
2022,estudiantes,WB153Q04HA,WB153Q04HA,"Thinking about yourself, how much do you agree: I like my body."
2022,estudiantes,WB153Q05HA,WB153Q05HA,"Thinking about yourself, how much do you agree: I like the way my clothes fit me."
2022,estudiantes,WB154Q01HA,WB154Q01HA,"In the past six months, how often have you had the following: Headache"
2022,estudiantes,WB154Q02HA,WB154Q02HA,"In the past six months, how often have you had the following: Stomach pain"
2022,estudiantes,WB154Q03HA,WB154Q03HA,"In the past six months, how often have you had the following: Back pain"
2022,estudiantes,WB154Q04HA,WB154Q04HA,"In the past six months, how often have you had the following: Feeling depressed"
2022,estudiantes,WB154Q05HA,WB154Q05HA,"In the past six months, how often have you had the following: Irritability or bad temper"
2022,estudiantes,WB154Q06HA,WB154Q06HA,"In the past six months, how often have you had the following: Feeling nervous"
2022,estudiantes,WB154Q07HA,WB154Q07HA,"In the past six months, how often have you had the following: Difficulties in getting to sleep"
2022,estudiantes,WB154Q08HA,WB154Q08HA,"In the past six months, how often have you had the following: Feeling dizzy"
2022,estudiantes,WB154Q09HA,WB154Q09HA,"In the past six months, how often have you had the following: Feeling anxious"
2022,estudiantes,WB155Q01HA,WB155Q01HA,How satisfied are you with each of the following: Your health
2022,estudiantes,WB155Q02HA,WB155Q02HA,How satisfied are you with each of the following: The way that you look
2022,estudiantes,WB155Q03HA,WB155Q03HA,How satisfied are you with each of the following: What you learn at school
2022,estudiantes,WB155Q04HA,WB155Q04HA,How satisfied are you with each of the following: The friends you have
2022,estudiantes,WB155Q05HA,WB155Q05HA,How satisfied are you with each of the following: The neighbourhood you live in
2022,estudiantes,WB155Q06HA,WB155Q06HA,How satisfied are you with each of the following: All the things you have
2022,estudiantes,WB155Q07HA,WB155Q07HA,How satisfied are you with each of the following: How you use your time
2022,estudiantes,WB155Q08HA,WB155Q08HA,How satisfied are you with each of the following: Your relationship with your parents/guardians
2022,estudiantes,WB155Q09HA,WB155Q09HA,How satisfied are you with each of the following: Your relationship with your teachers
2022,estudiantes,WB155Q10HA,WB155Q10HA,How satisfied are you with each of the following: Your life at school
2022,estudiantes,WB156Q01HA,WB156Q01HA,"At present, how many close friends do you have?"
2022,estudiantes,WB158Q01HA,WB158Q01HA,How many days a week do you usually spend time with your friends right after school?
2022,estudiantes,WB160Q01HA,WB160Q01HA,"How often do you talk to your friends on the phone, send them text messages or have contact through social media?"
2022,estudiantes,WB161Q01HA,WB161Q01HA,Are your friends well accepted by your parents or guardians?
2022,estudiantes,WB162Q01HA,WB162Q01HA,How easy is it for you to talk to the following people about things that really bother you: Your father
2022,estudiantes,WB162Q02HA,WB162Q02HA,How easy is it for you to talk to the following people about things that really bother you: Your mother's partner
2022,estudiantes,WB162Q03HA,WB162Q03HA,How easy is it for you to talk to the following people about things that really bother you: Your mother
2022,estudiantes,WB162Q04HA,WB162Q04HA,How easy is it for you to talk to the following people about things that really bother you: Your father's partner
2022,estudiantes,WB162Q05HA,WB162Q05HA,How easy is it for you to talk to the following people about things that really bother you: Your brother(s)
2022,estudiantes,WB162Q06HA,WB162Q06HA,How easy is it for you to talk to the following people about things that really bother you: Your sister(s)
2022,estudiantes,WB162Q07HA,WB162Q07HA,How easy is it for you to talk to the following people about things that really bother you: Your close friend(s)
2022,estudiantes,WB162Q08HA,WB162Q08HA,How easy is it for you to talk to the following people about things that really bother you: Your teachers
2022,estudiantes,WB162Q09HA,WB162Q09HA,How easy is it for you to talk to the following people about things that really bother you: Other family members
2022,estudiantes,WB163Q01HA,WB163Q01HA,"Thinking about your parents or guardians, how often do they: Help me as much as I need"
2022,estudiantes,WB163Q02HA,WB163Q02HA,"Thinking about your parents or guardians, how often do they: Let me do the things I like doing"
2022,estudiantes,WB163Q03HA,WB163Q03HA,"Thinking about your parents or guardians, how often do they: Show that they care"
2022,estudiantes,WB163Q04HA,WB163Q04HA,"Thinking about your parents or guardians, how often do they: Try to understand my problems and worries"
2022,estudiantes,WB163Q05HA,WB163Q05HA,"Thinking about your parents or guardians, how often do they: Encourage me to make my own decisions"
2022,estudiantes,WB163Q06HA,WB163Q06HA,"Thinking about your parents or guardians, how often do they: Try to control everything I do"
2022,estudiantes,WB163Q07HA,WB163Q07HA,"Thinking about your parents or guardians, how often do they: Treat me like a baby"
2022,estudiantes,WB163Q08HA,WB163Q08HA,"Thinking about your parents or guardians, how often do they: Make me feel better when I am upset"
2022,estudiantes,WB164Q01HA,WB164Q01HA,How often do you worry about how much money your family has?
2022,estudiantes,WB165Q01HA,WB165Q01HA,When was the last time you attended a mathematics class at school?
2022,estudiantes,WB166Q01HA,WB166Q01HA,How did you feel the last time you attended a mathematics class at school: Bored
2022,estudiantes,WB166Q02HA,WB166Q02HA,How did you feel the last time you attended a mathematics class at school: Challenged
2022,estudiantes,WB166Q03HA,WB166Q03HA,How did you feel the last time you attended a mathematics class at school: Nervous or tense
2022,estudiantes,WB166Q04HA,WB166Q04HA,How did you feel the last time you attended a mathematics class at school: Motivated or inspired
2022,estudiantes,WB167Q01HA,WB167Q01HA,When was the last time you attended a [test language lesson] at school?
2022,estudiantes,WB168Q01HA,WB168Q01HA,How did you feel the last time you attended a [test language lesson] at school: Bored
2022,estudiantes,WB168Q02HA,WB168Q02HA,How did you feel the last time you attended a [test language lesson] at school: Challenged
2022,estudiantes,WB168Q03HA,WB168Q03HA,How did you feel the last time you attended a [test language lesson] at school: Nervous or tense
2022,estudiantes,WB168Q04HA,WB168Q04HA,How did you feel the last time you attended a [test language lesson] at school: Motivated or inspired
2022,estudiantes,WB171Q01HA,WB171Q01HA,Now think of the last time you had a break between classes at school: How did you feel: Happy
2022,estudiantes,WB171Q02HA,WB171Q02HA,Now think of the last time you had a break between classes at school: How did you feel: Lonely
2022,estudiantes,WB171Q03HA,WB171Q03HA,Now think of the last time you had a break between classes at school: How did you feel: Nervous or tense
2022,estudiantes,WB171Q04HA,WB171Q04HA,Now think of the last time you had a break between classes at school: How did you feel: Full of energy
2022,estudiantes,WB172Q01HA,WB172Q01HA,When was the last time you spent time outside your home with your friends?
2022,estudiantes,WB173Q01HA,WB173Q01HA,How did you feel the last time you spent time outside your home with your friends: Bored
2022,estudiantes,WB173Q02HA,WB173Q02HA,How did you feel the last time you spent time outside your home with your friends: Happy
2022,estudiantes,WB173Q03HA,WB173Q03HA,How did you feel the last time you spent time outside your home with your friends: Nervous or tense
2022,estudiantes,WB173Q04HA,WB173Q04HA,How did you feel the last time you spent time outside your home with your friends: Full of energy
2022,estudiantes,WB176Q01HA,WB176Q01HA,When was the very last time you did your homework/studied for school?
2022,estudiantes,WB177Q01HA,WB177Q01HA,How did you feel the last time you did your homework/studied for school: Bored
2022,estudiantes,WB177Q02HA,WB177Q02HA,How did you feel the last time you did your homework/studied for school: Challenged
2022,estudiantes,WB177Q03HA,WB177Q03HA,How did you feel the last time you did your homework/studied for school: Nervous or tense
2022,estudiantes,WB177Q04HA,WB177Q04HA,How did you feel the last time you did your homework/studied for school: Motivated or inspired
2022,estudiantes,WB032Q01NA,WB032Q01NA,"How often: Moderate physical activities for a total of at least 60 minutes per day (e.g., walking, climbing stairs, riding a bike to school, [country-specific])"
2022,estudiantes,WB032Q02NA,WB032Q02NA,"How often: Vigorous physical activities for at least 20 minutes per day that made you sweat and breathe hard (e.g. running, cycling, aerobics, soccer, skating, [country-specific])"
2022,estudiantes,WB031Q01NA,WB031Q01NA,"This school year, on average, on how many days do you attend physical education classes each week?"
2022,estudiantes,WB178Q01HA,WB178Q01HA,"The following questions refer to your day yesterday. Overall, did you feel that you accomplished something yesterday?"
2022,estudiantes,WB178Q02HA,WB178Q02HA,The following questions refer to your day yesterday. Were you treated with respect all day yesterday?
2022,estudiantes,WB178Q03HA,WB178Q03HA,The following questions refer to your day yesterday. Did you smile or laugh a lot yesterday?
2022,estudiantes,WB178Q04HA,WB178Q04HA,The following questions refer to your day yesterday. Did you learn or do something interesting yesterday?
2022,estudiantes,WB178Q05HA,WB178Q05HA,The following questions refer to your day yesterday. Did you have enough energy to get things done yesterday?
2022,estudiantes,WB178Q06HA,WB178Q06HA,"The following questions refer to your day yesterday. Overall, are you satisfied with how you spent your time yesterday?"
2022,estudiantes,WB178Q07HA,WB178Q07HA,The following questions refer to your day yesterday. Was yesterday a typical day?
2022,estudiantes,PA001Q01TA,PA001Q01TA,Who will complete this questionnaire? Mother or other female guardian
2022,estudiantes,PA001Q02TA,PA001Q02TA,Who will complete this questionnaire? Father or other male guardian
2022,estudiantes,PA001Q03TA,PA001Q03TA,Who will complete this questionnaire? Other
2022,estudiantes,PA003Q01TA,PA003Q01TA,How often someone in home does? Discuss how well my child is doing at school
2022,estudiantes,PA003Q02TA,PA003Q02TA,How often someone in home does? Eat [the main meal] with my child around a table
2022,estudiantes,PA003Q03TA,PA003Q03TA,How often someone in home does? Spend time just talking to my child
2022,estudiantes,PA003Q05IA,PA003Q05IA,How often someone in home does? Discuss political or social issues with my child
2022,estudiantes,PA003Q18WA,PA003Q18WA,How often someone in home does? Help my child with his/her mathematics homework
2022,estudiantes,PA003Q19WA,PA003Q19WA,"How often someone in home does? Obtain mathematics materials (e.g. applications, software, study guides etc.) for my child"
2022,estudiantes,PA003Q20WA,PA003Q20WA,How often someone in home does? Discuss with my child how mathematics can be applied in everyday life
2022,estudiantes,PA003Q11JA,PA003Q11JA,How often someone in home does? Talk to my child about the importance of [completing ISCED 3]
2022,estudiantes,PA003Q12JA,PA003Q12JA,How often: someone in home does? Talk to my child about any problems he/she may have at school
2022,estudiantes,PA003Q13JA,PA003Q13JA,How often someone in home does? Ask my child about how he/she is getting along with other students at school
2022,estudiantes,PA003Q14JA,PA003Q14JA,How often someone in home does? Encourage my child to get good [marks]
2022,estudiantes,PA003Q15JA,PA003Q15JA,How often someone in home does? Take an interest in what my child is learning at school
2022,estudiantes,PA003Q16JA,PA003Q16JA,How often someone in home does? Talk to my child about his/her future education
2022,estudiantes,PA003Q17JA,PA003Q17JA,How often someone in home does? Ask my child what he/she did in school that day
2022,estudiantes,PA196Q01WA,PA196Q01WA,Agree/disagree: It is important to have good mathematics knowledge and skills in order to get any good job in today's world.
2022,estudiantes,PA196Q02WA,PA196Q02WA,Agree/disagree: Employers generally appreciate strong mathematics knowledge and skills among their employees.
2022,estudiantes,PA196Q03WA,PA196Q03WA,Agree/disagree: Most jobs today require some mathematics knowledge and skills.
2022,estudiantes,PA196Q04WA,PA196Q04WA,Agree/disagree: It is an advantage in the job market to have good mathematics knowledge and skills.
2022,estudiantes,PA197Q01WA,PA197Q01WA,Please answer: Does anybody in your family (including you) work in a [mathematics-related career]?
2022,estudiantes,PA197Q02WA,PA197Q02WA,Please answer: Does your child show an interest in working in a [mathematics-related career]?
2022,estudiantes,PA197Q03WA,PA197Q03WA,Please answer: Do you expect your child will go into a [mathematics-related career]?
2022,estudiantes,PA197Q04WA,PA197Q04WA,Please answer: Has your child shown interest in studying mathematics after completing [secondary school]?
2022,estudiantes,PA197Q05WA,PA197Q05WA,Please answer: Do you expect your child will study mathematics after completing [secondary school]?
2022,estudiantes,PA008Q01TA,PA008Q01TA,"Last year, have you? Discussed my child’s behaviour with a teacher on my own initiative."
2022,estudiantes,PA008Q02TA,PA008Q02TA,"Last year, have you? Discussed my child’s behaviour on the initiative of one of his/her teachers."
2022,estudiantes,PA008Q03TA,PA008Q03TA,"Last year, have you? Discussed my child’s progress with a teacher on my own initiative."
2022,estudiantes,PA008Q04TA,PA008Q04TA,"Last year, have you? Discussed my child’s progress on the initiative of one of their teachers."
2022,estudiantes,PA008Q05TA,PA008Q05TA,"Last year, have you? Participated in local school government, e.g. parent council or school management committee."
2022,estudiantes,PA008Q06NA,PA008Q06NA,"Last year, have you? Volunteered in physical or extra-curricular activities (e.g. building maintenance, carpentry, gardening or yard work, school play, sports, field trip)"
2022,estudiantes,PA008Q07NA,PA008Q07NA,"Last year, have you? Volunteered to support school activities (volunteered in the school library, media centre, or canteen, assisted a teacher, appeared as a guest speaker)"
2022,estudiantes,PA008Q08NA,PA008Q08NA,"Last year, have you? Attended a scheduled meeting or conferences for parents."
2022,estudiantes,PA008Q09NA,PA008Q09NA,"Last year, have you? Talked about how to support learning at home and homework with my child’s teachers."
2022,estudiantes,PA008Q10NA,PA008Q10NA,"Last year, have you? Exchanged ideas on parenting, family support, or the child’s development with my child’s teachers."
2022,estudiantes,PA009Q01NA,PA009Q01NA,"Last year, was your participation at child’s school hindered by? The meeting times were inconvenient."
2022,estudiantes,PA009Q02NA,PA009Q02NA,"Last year, was your participation at child’s school hindered by? I was not able to get off from work."
2022,estudiantes,PA009Q03NA,PA009Q03NA,"Last year, was your participation at child’s school hindered by? I had no one to take care of my child/ children."
2022,estudiantes,PA009Q04NA,PA009Q04NA,"Last year, was your participation at child’s school hindered by? The way to school is unsafe."
2022,estudiantes,PA009Q05NA,PA009Q05NA,"Last year, was your participation at child’s school hindered by? I had problems with transportation."
2022,estudiantes,PA009Q06NA,PA009Q06NA,"Last year, was your participation at child’s school hindered by? I felt unwelcome at my child’s school."
2022,estudiantes,PA009Q07NA,PA009Q07NA,"Last year, was your participation at child’s school hindered by? I feel generally awkward in a school."
2022,estudiantes,PA009Q08NA,PA009Q08NA,"Last year, was your participation at child’s school hindered by? My [language skills] were not sufficient."
2022,estudiantes,PA009Q09NA,PA009Q09NA,"Last year, was your participation at child’s school hindered by? I think participation is not relevant for my child’s development."
2022,estudiantes,PA009Q10NA,PA009Q10NA,"Last year, was your participation at child’s school hindered by? I do not know how I could participate in school activities."
2022,estudiantes,PA009Q11NA,PA009Q11NA,"Last year, was your participation at child’s school hindered by? My child does not want me to participate."
2022,estudiantes,PA007Q01TA,PA007Q01TA,Agree/disagree? Most of my child’s school teachers seem competent and dedicated.
2022,estudiantes,PA007Q02TA,PA007Q02TA,Agree/disagree? Standards of achievement are high in my child’s school.
2022,estudiantes,PA007Q03TA,PA007Q03TA,Agree/disagree? I am happy with the content taught and the instructional methods used in my child’s school.
2022,estudiantes,PA007Q04TA,PA007Q04TA,Agree/disagree? I am satisfied with the disciplinary atmosphere in my child’s school.
2022,estudiantes,PA007Q05TA,PA007Q05TA,Agree/disagree? My child’s progress is carefully monitored by the school.
2022,estudiantes,PA007Q06TA,PA007Q06TA,Agree/disagree? My child’s school provides regular and useful information on my child’s progress.
2022,estudiantes,PA007Q07TA,PA007Q07TA,Agree/disagree? My child’s school does a good job in educating students.
2022,estudiantes,PA007Q09NA,PA007Q09NA,Agree/disagree? My child’s school provides an inviting atmosphere for parents to get involved.
2022,estudiantes,PA007Q11NA,PA007Q11NA,Agree/disagree? My child’s school provides effective communication between the school and families.
2022,estudiantes,PA007Q12NA,PA007Q12NA,Agree/disagree? My child’s school involves parents in the school’s decision-making process.
2022,estudiantes,PA007Q13NA,PA007Q13NA,"Agree/disagree? My child’s school offers parent education (e.g. [courses on family literacy]) or family support programmes (e.g. [to assist with health, nutrition])."
2022,estudiantes,PA007Q14NA,PA007Q14NA,Agree/disagree? My child’s school informs families about how to help students with homework and other school-related activities.
2022,estudiantes,PA007Q15NA,PA007Q15NA,Agree/disagree? My child’s school cooperates with [community services] to strengthen school programmes and student development.
2022,estudiantes,PA005Q01TA,PA005Q01TA,Which of the following statements best describes the schooling available to students in your location?
2022,estudiantes,PA006Q01TA,PA006Q01TA,"When choosing school, how important: The school is at a short distance to home."
2022,estudiantes,PA006Q02TA,PA006Q02TA,"When choosing school, how important: The school has a good reputation."
2022,estudiantes,PA006Q03TA,PA006Q03TA,"When choosing school, how important: The school offers particular courses or school subjects."
2022,estudiantes,PA006Q04TA,PA006Q04TA,"When choosing school, how important: The school adheres to a particular [religious philosophy]."
2022,estudiantes,PA006Q05TA,PA006Q05TA,"When choosing school, how important: The school has a particular approach to [pedagogy/didactics, e.g. example]."
2022,estudiantes,PA006Q06TA,PA006Q06TA,"When choosing school, how important: Other family members attended the school."
2022,estudiantes,PA006Q07TA,PA006Q07TA,"When choosing school, how important: Expenses are low (e.g. tuition, books, room and board)."
2022,estudiantes,PA006Q08TA,PA006Q08TA,"When choosing school, how important: The school has financial aid available, such as a school loan, scholarship, or grant."
2022,estudiantes,PA006Q09TA,PA006Q09TA,"When choosing school, how important: The school has an active and pleasant school climate."
2022,estudiantes,PA006Q10TA,PA006Q10TA,"When choosing school, how important: The academic achievements of students in the school are high."
2022,estudiantes,PA006Q11TA,PA006Q11TA,"When choosing school, how important: There is a safe school environment."
2022,estudiantes,PA006Q12HA,PA006Q12HA,"When choosing school, how important: The school has an international student body."
2022,estudiantes,PA006Q13HA,PA006Q13HA,"When choosing school, how important: The school offers exchange programmes with schools in other countries."
2022,estudiantes,PA006Q14HA,PA006Q14HA,"When choosing school, how important: The school has a focus on foreign language instruction."
2022,estudiantes,PA166Q01HA,PA166Q01HA,"How many languages, including the language(s) you speak at home, do you speak well enough to converse with others?"
2022,estudiantes,PA167Q02HA,PA167Q02HA,Agree/disagree: Immigrant children should have the same opportunities for education that other children in the country have.
2022,estudiantes,PA167Q03HA,PA167Q03HA,Agree/disagree: Immigrants who live in a country for several years should have the opportunity to vote in elections.
2022,estudiantes,PA167Q04HA,PA167Q04HA,Agree/disagree: Immigrants should have the opportunity to continue their own customs and lifestyle.
2022,estudiantes,PA167Q05HA,PA167Q05HA,Agree/disagree: Immigrants should have all the same rights that everyone else in the country has.
2022,estudiantes,PA183Q01JA,PA183Q01JA,Which qualification do you expect your child to complete? [ISCED level 2]
2022,estudiantes,PA183Q02JA,PA183Q02JA,Which qualification do you expect your child to complete? [ISCED level 3.3]
2022,estudiantes,PA183Q03JA,PA183Q03JA,Which qualification do you expect your child to complete? [ISCED level 3.4]
2022,estudiantes,PA183Q04JA,PA183Q04JA,Which qualification do you expect your child to complete? [ISCED level 4]
2022,estudiantes,PA183Q05JA,PA183Q05JA,Which qualification do you expect your child to complete? [ISCED level 5]
2022,estudiantes,PA183Q06JA,PA183Q06JA,Which qualification do you expect your child to complete? [ISCED level 6]
2022,estudiantes,PA183Q07JA,PA183Q07JA,Which qualification do you expect your child to complete? [ISCED level 7]
2022,estudiantes,PA183Q08JA,PA183Q08JA,Which qualification do you expect your child to complete? [ISCED level 8]
2022,estudiantes,PA018Q01NA,PA018Q01NA,"Prior to [grade 1 in ISCED 1], did child attend: Supervision and care (e.g. [national examples])"
2022,estudiantes,PA018Q02NA,PA018Q02NA,"Prior to [grade 1 in ISCED 1], did child attend: Early childhood educational development (e.g. [national examples])"
2022,estudiantes,PA018Q03NA,PA018Q03NA,"Prior to [grade 1 in ISCED 1], did child attend: Pre-primary education (e.g. [national examples])"
2022,estudiantes,PA177Q01HA,PA177Q01HA,"Prior to [grade 1 in ISCED 1], ages child attended [early childhood education and care arrangement]: Up to age 1"
2022,estudiantes,PA177Q02HA,PA177Q02HA,"Prior to [grade 1 in ISCED 1], ages child attended [early childhood education and care arrangement]: Age 1"
2022,estudiantes,PA177Q03HA,PA177Q03HA,"Prior to [grade 1 in ISCED 1], ages child attended [early childhood education and care arrangement]: Age 2"
2022,estudiantes,PA177Q04HA,PA177Q04HA,"Prior to [grade 1 in ISCED 1], ages child attended [early childhood education and care arrangement]: Age 3"
2022,estudiantes,PA177Q05HA,PA177Q05HA,"Prior to [grade 1 in ISCED 1], ages child attended [early childhood education and care arrangement]: Age 4"
2022,estudiantes,PA177Q06HA,PA177Q06HA,"Prior to [grade 1 in ISCED 1], ages child attended [early childhood education and care arrangement]: Age 5"
2022,estudiantes,PA177Q07HA,PA177Q07HA,"Prior to [grade 1 in ISCED 1], ages child attended [early childhood education and care arrangement]: Age 6"
2022,estudiantes,PA177Q08HA,PA177Q08HA,"Prior to [grade 1 in ISCED 1], ages child attended [early childhood education and care arrangement]: Age 7"
2022,estudiantes,PA180Q01HA,PA180Q01HA,What was the most important reason why your child attended an [early childhood education and care arrangement]?
2022,estudiantes,PA182Q01HA,PA182Q01HA,How many hours per week did your child attend a [early childhood education and care arrangement] at age of three years?
2022,estudiantes,PA175Q01HA,PA175Q01HA,"During [ISCED 1], did child attend: [Enrichment lessons] in [test language]"
2022,estudiantes,PA175Q02HA,PA175Q02HA,"During [ISCED 1], did child attend: [Remedial lessons] in [test language]"
2022,estudiantes,PA175Q03JA,PA175Q03JA,"During [ISCED 1], did child attend: [Enrichment lessons] in mathematics"
2022,estudiantes,PA175Q04JA,PA175Q04JA,"During [ISCED 1], did child attend: [Remedial lessons] in mathematics"
2022,estudiantes,PA185Q01JA,PA185Q01JA,"Agree/disagree: In our family, we encourage participating in extracurricular activities that require creativity."
2022,estudiantes,PA185Q02JA,PA185Q02JA,"Agree/disagree: At home, we are open to new ideas."
2022,estudiantes,PA185Q03JA,PA185Q03JA,"Agree/disagree: At home, we encourage trying new things"
2022,estudiantes,PA185Q04JA,PA185Q04JA,"Agree/disagree: At home, we encourage being imaginative."
2022,estudiantes,PA185Q05JA,PA185Q05JA,Agree/disagree: Discussions we have at home help with developing new ideas.
2022,estudiantes,PA185Q07JA,PA185Q07JA,"Agree/disagree: At home, we create works of art together (e.g. paintings, sculptures)."
2022,estudiantes,PA185Q08JA,PA185Q08JA,"Agree/disagree: At home, we discuss the books we are reading."
2022,estudiantes,PA185Q09JA,PA185Q09JA,"Agree/disagree: At home, we try to fix things that are broken."
2022,estudiantes,PA185Q10JA,PA185Q10JA,"Agree/disagree: At home, we discuss different solutions to social problems (e.g. unemployment, pollution)."
2022,estudiantes,PA186Q01JA,PA186Q01JA,"Out of school, how often child does: Art classes/activities (e.g. painting, drawing)"
2022,estudiantes,PA186Q02JA,PA186Q02JA,"Out of school, how often child does: Creative writing classes/activities"
2022,estudiantes,PA186Q03JA,PA186Q03JA,"Out of school, how often child does: Music classes/activities (e.g. chorus, band)"
2022,estudiantes,PA186Q04JA,PA186Q04JA,"Out of school, how often child does: Debate [club]"
2022,estudiantes,PA186Q05JA,PA186Q05JA,"Out of school, how often child does: Dramatics, theatre class/activities"
2022,estudiantes,PA186Q06JA,PA186Q06JA,"Out of school, how often child does: Publications (e.g. newspaper, [yearbooks], literary magazine)"
2022,estudiantes,PA186Q07JA,PA186Q07JA,"Out of school, how often child does: Science [club]"
2022,estudiantes,PA186Q08JA,PA186Q08JA,"Out of school, how often child does: Computer programming classes/activities"
2022,estudiantes,PA187Q04JA,PA187Q04JA,"Agree/disagree: Creativity can only be expressed through the arts (e.g. drawing, music, writing)."
2022,estudiantes,PA187Q06JA,PA187Q06JA,Agree/disagree: It is possible to be creative in nearly any subject.
2022,estudiantes,PA188Q01JA,PA188Q01JA,Agree/disagree: I am very creative.
2022,estudiantes,PA188Q02JA,PA188Q02JA,Agree/disagree: I enjoy projects that require creative solutions.
2022,estudiantes,PA188Q03JA,PA188Q03JA,Agree/disagree: I enjoy solving complex problems
2022,estudiantes,PA188Q04JA,PA188Q04JA,Agree/disagree: I enjoy learning new things.
2022,estudiantes,PA188Q05JA,PA188Q05JA,Agree/disagree: I enjoy artistic activities.
2022,estudiantes,PA188Q06JA,PA188Q06JA,Agree/disagree: I express myself through art.
2022,estudiantes,PA188Q08JA,PA188Q08JA,Agree/disagree: I have difficulty using my imagination.
2022,estudiantes,PA188Q09JA,PA188Q09JA,Agree/disagree: I have a good imagination.
2022,estudiantes,PA188Q10JA,PA188Q10JA,Agree/disagree: I like to be spontaneous
2022,estudiantes,PA189Q01JA,PA189Q01JA,Agree/disagree: My child is very creative.
2022,estudiantes,PA189Q02JA,PA189Q02JA,Agree/disagree: My child enjoys projects that require creative solutions.
2022,estudiantes,PA189Q03JA,PA189Q03JA,Agree/disagree: My child enjoys solving complex problems.
2022,estudiantes,PA189Q04JA,PA189Q04JA,Agree/disagree: My child enjoys learning new things.
2022,estudiantes,PA189Q05JA,PA189Q05JA,Agree/disagree: My child enjoys artistic activities.
2022,estudiantes,PA189Q06JA,PA189Q06JA,Agree/disagree: My child expresses him/herself through art.
2022,estudiantes,PA189Q09JA,PA189Q09JA,Agree/disagree: My child has a good imagination
2022,estudiantes,PA189Q10JA,PA189Q10JA,Agree/disagree: My child likes to be spontaneous.
2022,estudiantes,PA194Q01JA,PA194Q01JA,How many [digital devices] with screens are there in your home?
2022,estudiantes,PA195Q01JA,PA195Q01JA,How many books are there in your home?
2022,estudiantes,PA041Q01TA,PA041Q01TA,"In the last twelve months, about how much would you have paid to educational providers for services?"
2022,estudiantes,PA042Q01TA,PA042Q01TA,What is your annual household income?
2022,estudiantes,EFFORT1,EFFORT1,How much effort did you put into this test? (after cognitive assessment)
2022,estudiantes,EFFORT2,EFFORT2,How much effort would you have invested? (after cognitive assessment)
2022,estudiantes,OCOD1,OCOD1,ISCO-08 Occupation code - Mother
2022,estudiantes,OCOD2,OCOD2,ISCO-08 Occupation code - Father
2022,estudiantes,OCOD3,OCOD3,ISCO-08 Occupation code - Self
2022,estudiantes,PROGN,PROGN,Unique national study programme code
2022,estudiantes,AGE,AGE,Students' age
2022,estudiantes,GRADE,GRADE,Grade compared to modal grade in country
2022,estudiantes,ISCEDP,ISCEDP,Levels of education programmes (ISCED 2011)
2022,estudiantes,IMMIG,IMMIG,Index on immigrant background (OECD definition)
2022,estudiantes,COBN_S,COBN_S,Student's county of birth
2022,estudiantes,COBN_M,COBN_M,Student mother's country of birth
2022,estudiantes,COBN_F,COBN_F,Student father's country of birth
2022,estudiantes,LANGN,LANGN,Language spoken at home
2022,estudiantes,REPEAT,REPEAT,Grade repetition
2022,estudiantes,MISSSC,MISSSC,Missing school for more than 3 months
2022,estudiantes,SKIPPING,SKIPPING,Skipping classes or days of school
2022,estudiantes,TARDYSD,TARDYSD,Arriving late for school stricter definition
2022,estudiantes,EXERPRAC,EXERPRAC,Exercise or practice a sport before or after school
2022,estudiantes,STUDYHMW,STUDYHMW,Studying for school or homework before or after school
2022,estudiantes,WORKPAY,WORKPAY,Working for pay before or after school
2022,estudiantes,WORKHOME,WORKHOME,Working in household/take care of family members before or after school
2022,estudiantes,EXPECEDU,EXPECEDU,Highest expected educational level
2022,estudiantes,MATHPREF,MATHPREF,Preference of Math over other core subjects
2022,estudiantes,MATHEASE,MATHEASE,Perception of Mathematics as easier than other subjects
2022,estudiantes,MATHMOT,MATHMOT,Motivation to do well in mathematics
2022,estudiantes,DURECEC,DURECEC,Duration in early childhood education and care
2022,estudiantes,BSMJ,BSMJ,Expected occupation status (free response)- 4 digits
2022,estudiantes,SISCO,SISCO,Clear idea about future job
2022,estudiantes,RELATST,RELATST,Quality of student-teacher relationships (WLE)
2022,estudiantes,BELONG,BELONG,Sense of belonging (WLE)
2022,estudiantes,BEINGBULLIED,BULLIED,Being bullied (WLE)
2022,estudiantes,FEELSAFE,FEELSAFE,Feeling safe (WLE)
2022,estudiantes,SCHRISK,SCHRISK,School safety risks (WLE)
2022,estudiantes,PERSEVAGR,PERSEVAGR,Perseverance (agreement) (WLE)
2022,estudiantes,CURIOAGR,CURIOAGR,Curiosity (agreement) (WLE)
2022,estudiantes,COOPAGR,COOPAGR,Cooperation (agreement) (WLE)
2022,estudiantes,EMPATAGR,EMPATAGR,Empathy (agreement) (WLE)
2022,estudiantes,ASSERAGR,ASSERAGR,Assertiveness (agreement) (WLE)
2022,estudiantes,STRESAGR,STRESAGR,Stress resistance (agreement) (WLE)
2022,estudiantes,EMOCOAGR,EMOCOAGR,Emotional control (agreement) (WLE)
2022,estudiantes,GROSAGR,GROSAGR,Growth Mindset (WLE)
2022,estudiantes,INFOSEEK,INFOSEEK,Information seeking about future careers (WLE)
2022,estudiantes,FAMSUP,FAMSUP,Family support (WLE)
2022,estudiantes,DISCLIM,DISCLIM,Disciplinary climate in mathematics (WLE)
2022,estudiantes,TEACHSUP,TEACHSUP,Mathematics Teacher Support (WLE)
2022,estudiantes,COGACRCO,COGACRCO,Cognitive activation in mathematics: Foster reasoning Version B (WLE)
2022,estudiantes,COGACMCO,COGACMCO,Cognitive activation in mathematics: Encourage mathematical thinking Version B (WLE)
2022,estudiantes,EXPOFA,EXPOFA,Exposure to Formal and Applied Mathematics Tasks (WLE)
2022,estudiantes,EXPO21ST,EXPO21ST,Exposure to Mathematical Reasoning and 21st century mathematics tasks (WLE)
2022,estudiantes,MATHEFF,MATHEFF,Mathematics self-efficacy: formal and applied mathematics - response options reversed in 2022 (WLE)
2022,estudiantes,MATHEF21,MATHEF21,Mathematics self-efficacy: mathematical reasoning and 21st century skills (WLE)
2022,estudiantes,FAMCON,FAMCON,Subjective familiarity with mathematics concepts (WLE)
2022,estudiantes,ANXMAT,ANXMAT,Mathematics Anxiety (WLE)
2022,estudiantes,MATHPERS,MATHPERS,Effort and Persistence in Mathematics  (WLE)
2022,estudiantes,CREATEFF,CREATEFF,Creative self-efficacy (WLE)
2022,estudiantes,CREATSCH,CREATSCH,Creative school and class environment (WLE)
2022,estudiantes,CREATFAM,CREATFAM,Creative peers and family environment (WLE)
2022,estudiantes,CREATAS,CREATAS,Creative Activities at school (WLE)
2022,estudiantes,CREATOOS,CREATOOS,Creative Activities outside of school (WLE)
2022,estudiantes,CREATOP,CREATOP,Creativity and Openness to Intellect TBD (WLE)
2022,estudiantes,OPENART,OPENART,Openness to Art and Reflection TBD (WLE)
2022,estudiantes,IMAGINE,IMAGINE,Imagination and Adventurousness TBD (WLE)
2022,estudiantes,SCHSUST,SCHSUST,School actions/activities to sustain learning  (WLE)
2022,estudiantes,LEARRES,LEARRES,Types of learning resources used while school was closed (WLE)
2022,estudiantes,PROBSELF,PROBSELF,Problems with self-directed learning (WLE)
2022,estudiantes,FAMSUPSL,FAMSUPSL,Family support for self-directed learning (WLE)
2022,estudiantes,FEELLAH,FEELLAH,Feelings about learning at home (WLE)
2022,estudiantes,SDLEFF,SDLEFF,Self-directed learning self-efficacy (WLE)
2022,estudiantes,MISCED,MISCED,Mother’s level of education (ISCED)
2022,estudiantes,FISCED,FISCED,Father’s level of education (ISCED)
2022,estudiantes,HISCED,HISCED,Highest level of education of parents (ISCED)
2022,estudiantes,PAREDINT,PAREDINT,Index highest parental education (international years of schooling scale)
2022,estudiantes,BMMJ1,BMMJ1,Mother’s occupational status (ISEI) based on 4-digit human coded ISCO
2022,estudiantes,BFMJ2,BFMJ2,Father’s occupational status (ISEI) based on 4-digit human coded ISCO
2022,estudiantes,HISEI,HISEI,Highest parental occupational status (ISEI) based on 4-digit human coded ISCO
2022,estudiantes,ICTRES,ICTRES,ICT Resources (WLE)
2022,estudiantes,HOMEPOS,HOMEPOS,Home possessions (WLE)
2022,estudiantes,ESCS,ESCS,"Index of economic, social and cultural status"
2022,estudiantes,FCFMLRTY,FCFMLRTY,Familiarity with concepts of finance
2022,estudiantes,FLSCHOOL,FLSCHOOL,Financial education in school lessons (WLE)
2022,estudiantes,FLMULTSB,FLMULTSB,"Financial education in school lessons, multiple subjects (WLE)"
2022,estudiantes,FLFAMILY,FLFAMILY,Parental involvement in matters of FL (WLE)
2022,estudiantes,ACCESSFP,ACCESSFP,"Access to money and financial products, sources of money (WLE)"
2022,estudiantes,FLCONFIN,FLCONFIN,Confidence about financial matters (WLE)
2022,estudiantes,FLCONICT,FLCONICT,Confidence about financial matters using digital devices (WLE)
2022,estudiantes,ACCESSFA,ACCESSFA,"Access to money and financial products, financial activities (WLE)"
2022,estudiantes,ATTCONFM,ATTCONFM,Attitudes towards and confidence about financial matters (WLE)
2022,estudiantes,FRINFLFM,FRINFLFM,Friends’ influence on financial matters (WLE)
2022,estudiantes,ICTSCH,ICTSCH,ICT availability at school  (WLE)
2022,estudiantes,ICTAVSCH,ICTAVSCH,Availability and Usage of ICT at School
2022,estudiantes,ICTHOME,ICTHOME,ICT availability outside of school (WLE)
2022,estudiantes,ICTAVHOM,ICTAVHOM,Availability and Usage of ICT at Home
2022,estudiantes,ICTQUAL,ICTQUAL,Quality of access to ICT (WLE)
2022,estudiantes,ICTSUBJ,ICTSUBJ,Subject-related ICT Use During Lessons (WLE)
2022,estudiantes,ICTENQ,ICTENQ,Use of ICT in enquiry-based learning activities (WLE)
2022,estudiantes,ICTFEED,ICTFEED,Support or feedback via ICT  (WLE)
2022,estudiantes,ICTOUT,ICTOUT,Use of ICT for school activities outside of the classroom (WLE)
2022,estudiantes,ICTWKDY,ICTWKDY,Frequency of ICT activity (weekday) (WLE)
2022,estudiantes,ICTWKEND,ICTWKEND,Frequency of ICT activity (weekend) (WLE)
2022,estudiantes,ICTREG,ICTREG,Views of regulated ICT use in school (WLE)
2022,estudiantes,ICTINFO,ICTINFO,Students’ practices regarding online information (WLE)
2022,estudiantes,ICTDISTR,ICTDISTR,Distress from online content and cyberbullying
2022,estudiantes,ICTEFFIC,ICTEFFIC,Self-efficacy in digital competencies (WLE)
2022,estudiantes,STUBMI,STUBMI,Body Mass Index (BMI)
2022,estudiantes,BODYIMA,BODYIMA,Body Image (WLE)
2022,estudiantes,SOCONPA,SOCONPA,Social connection to Parents (WLE)
2022,estudiantes,LIFESAT,LIFESAT,Students' Life Satisfaction across Domains (WLE)
2022,estudiantes,PSYCHSYM,PSYCHSYM,Psychosomatic Symptoms (WLE)
2022,estudiantes,SOCCON,SOCCON,Social Connections: Ease of Communication About Worries and Concerns (WLE)
2022,estudiantes,EXPWB,EXPWB,Experienced Well-being (Previous Day) (WLE)
2022,estudiantes,CURSUPP,CURSUPP,Current Parental/guardian Support (WLE)
2022,estudiantes,PQMIMP,PQMIMP,Parent Attitudes Toward Mathematics (WLE)
2022,estudiantes,PQMCAR,PQMCAR,Mathematics Career (WLE)
2022,estudiantes,PARINVOL,PARINVOL,Parental Involvement (WLE)
2022,estudiantes,PQSCHOOL,PQSCHOOL,School quality (WLE)
2022,estudiantes,PASCHPOL,PASCHPOL,School Policies for Parental Involvement  (WLE)
2022,estudiantes,ATTIMMP,ATTIMMP,Parents' Attitudes towards Immigrants (WLE)
2022,estudiantes,PAREXPT,PAREXPT,Parent’s expectations in child’s career
2022,estudiantes,CREATHME,CREATHME,Creative Home Environment (WLE)
2022,estudiantes,CREATACT,CREATACT,Participation in creative activities outside of school (WLE)
2022,estudiantes,CREATOPN,CREATOPN,Creativity and Openness to Intellect (WLE)
2022,estudiantes,CREATOR,CREATOR,Openness to creativity: Other’s report (WLE)
2022,estudiantes,W_FSTUWT,W_FSTUWT,FINAL TRIMMED NONRESPONSE ADJUSTED STUDENT WEIGHT
2022,estudiantes,W_FSTURWT1,W_FSTURWT1,FINAL TRIMMED NONRESPONSE ADJUSTED STUDENT REPLICATE BRR-FAY WEIGHTS 1
2022,estudiantes,W_FSTURWT2,W_FSTURWT2,FINAL TRIMMED NONRESPONSE ADJUSTED STUDENT REPLICATE BRR-FAY WEIGHTS 2
2022,estudiantes,W_FSTURWT3,W_FSTURWT3,FINAL TRIMMED NONRESPONSE ADJUSTED STUDENT REPLICATE BRR-FAY WEIGHTS 3
2022,estudiantes,W_FSTURWT4,W_FSTURWT4,FINAL TRIMMED NONRESPONSE ADJUSTED STUDENT REPLICATE BRR-FAY WEIGHTS 4
2022,estudiantes,W_FSTURWT5,W_FSTURWT5,FINAL TRIMMED NONRESPONSE ADJUSTED STUDENT REPLICATE BRR-FAY WEIGHTS 5
2022,estudiantes,W_FSTURWT6,W_FSTURWT6,FINAL TRIMMED NONRESPONSE ADJUSTED STUDENT REPLICATE BRR-FAY WEIGHTS 6
2022,estudiantes,W_FSTURWT7,W_FSTURWT7,FINAL TRIMMED NONRESPONSE ADJUSTED STUDENT REPLICATE BRR-FAY WEIGHTS 7
2022,estudiantes,W_FSTURWT8,W_FSTURWT8,FINAL TRIMMED NONRESPONSE ADJUSTED STUDENT REPLICATE BRR-FAY WEIGHTS 8
2022,estudiantes,W_FSTURWT9,W_FSTURWT9,FINAL TRIMMED NONRESPONSE ADJUSTED STUDENT REPLICATE BRR-FAY WEIGHTS 9
2022,estudiantes,W_FSTURWT10,W_FSTURWT10,FINAL TRIMMED NONRESPONSE ADJUSTED STUDENT REPLICATE BRR-FAY WEIGHTS 10
2022,estudiantes,W_FSTURWT11,W_FSTURWT11,FINAL TRIMMED NONRESPONSE ADJUSTED STUDENT REPLICATE BRR-FAY WEIGHTS 11
2022,estudiantes,W_FSTURWT12,W_FSTURWT12,FINAL TRIMMED NONRESPONSE ADJUSTED STUDENT REPLICATE BRR-FAY WEIGHTS 12
2022,estudiantes,W_FSTURWT13,W_FSTURWT13,FINAL TRIMMED NONRESPONSE ADJUSTED STUDENT REPLICATE BRR-FAY WEIGHTS 13
2022,estudiantes,W_FSTURWT14,W_FSTURWT14,FINAL TRIMMED NONRESPONSE ADJUSTED STUDENT REPLICATE BRR-FAY WEIGHTS 14
2022,estudiantes,W_FSTURWT15,W_FSTURWT15,FINAL TRIMMED NONRESPONSE ADJUSTED STUDENT REPLICATE BRR-FAY WEIGHTS 15
2022,estudiantes,W_FSTURWT16,W_FSTURWT16,FINAL TRIMMED NONRESPONSE ADJUSTED STUDENT REPLICATE BRR-FAY WEIGHTS 16
2022,estudiantes,W_FSTURWT17,W_FSTURWT17,FINAL TRIMMED NONRESPONSE ADJUSTED STUDENT REPLICATE BRR-FAY WEIGHTS 17
2022,estudiantes,W_FSTURWT18,W_FSTURWT18,FINAL TRIMMED NONRESPONSE ADJUSTED STUDENT REPLICATE BRR-FAY WEIGHTS 18
2022,estudiantes,W_FSTURWT19,W_FSTURWT19,FINAL TRIMMED NONRESPONSE ADJUSTED STUDENT REPLICATE BRR-FAY WEIGHTS 19
2022,estudiantes,W_FSTURWT20,W_FSTURWT20,FINAL TRIMMED NONRESPONSE ADJUSTED STUDENT REPLICATE BRR-FAY WEIGHTS 20
2022,estudiantes,W_FSTURWT21,W_FSTURWT21,FINAL TRIMMED NONRESPONSE ADJUSTED STUDENT REPLICATE BRR-FAY WEIGHTS 21
2022,estudiantes,W_FSTURWT22,W_FSTURWT22,FINAL TRIMMED NONRESPONSE ADJUSTED STUDENT REPLICATE BRR-FAY WEIGHTS 22
2022,estudiantes,W_FSTURWT23,W_FSTURWT23,FINAL TRIMMED NONRESPONSE ADJUSTED STUDENT REPLICATE BRR-FAY WEIGHTS 23
2022,estudiantes,W_FSTURWT24,W_FSTURWT24,FINAL TRIMMED NONRESPONSE ADJUSTED STUDENT REPLICATE BRR-FAY WEIGHTS 24
2022,estudiantes,W_FSTURWT25,W_FSTURWT25,FINAL TRIMMED NONRESPONSE ADJUSTED STUDENT REPLICATE BRR-FAY WEIGHTS 25
2022,estudiantes,W_FSTURWT26,W_FSTURWT26,FINAL TRIMMED NONRESPONSE ADJUSTED STUDENT REPLICATE BRR-FAY WEIGHTS 26
2022,estudiantes,W_FSTURWT27,W_FSTURWT27,FINAL TRIMMED NONRESPONSE ADJUSTED STUDENT REPLICATE BRR-FAY WEIGHTS 27
2022,estudiantes,W_FSTURWT28,W_FSTURWT28,FINAL TRIMMED NONRESPONSE ADJUSTED STUDENT REPLICATE BRR-FAY WEIGHTS 28
2022,estudiantes,W_FSTURWT29,W_FSTURWT29,FINAL TRIMMED NONRESPONSE ADJUSTED STUDENT REPLICATE BRR-FAY WEIGHTS 29
2022,estudiantes,W_FSTURWT30,W_FSTURWT30,FINAL TRIMMED NONRESPONSE ADJUSTED STUDENT REPLICATE BRR-FAY WEIGHTS 30
2022,estudiantes,W_FSTURWT31,W_FSTURWT31,FINAL TRIMMED NONRESPONSE ADJUSTED STUDENT REPLICATE BRR-FAY WEIGHTS 31
2022,estudiantes,W_FSTURWT32,W_FSTURWT32,FINAL TRIMMED NONRESPONSE ADJUSTED STUDENT REPLICATE BRR-FAY WEIGHTS 32
2022,estudiantes,W_FSTURWT33,W_FSTURWT33,FINAL TRIMMED NONRESPONSE ADJUSTED STUDENT REPLICATE BRR-FAY WEIGHTS 33
2022,estudiantes,W_FSTURWT34,W_FSTURWT34,FINAL TRIMMED NONRESPONSE ADJUSTED STUDENT REPLICATE BRR-FAY WEIGHTS 34
2022,estudiantes,W_FSTURWT35,W_FSTURWT35,FINAL TRIMMED NONRESPONSE ADJUSTED STUDENT REPLICATE BRR-FAY WEIGHTS 35
2022,estudiantes,W_FSTURWT36,W_FSTURWT36,FINAL TRIMMED NONRESPONSE ADJUSTED STUDENT REPLICATE BRR-FAY WEIGHTS 36
2022,estudiantes,W_FSTURWT37,W_FSTURWT37,FINAL TRIMMED NONRESPONSE ADJUSTED STUDENT REPLICATE BRR-FAY WEIGHTS 37
2022,estudiantes,W_FSTURWT38,W_FSTURWT38,FINAL TRIMMED NONRESPONSE ADJUSTED STUDENT REPLICATE BRR-FAY WEIGHTS 38
2022,estudiantes,W_FSTURWT39,W_FSTURWT39,FINAL TRIMMED NONRESPONSE ADJUSTED STUDENT REPLICATE BRR-FAY WEIGHTS 39
2022,estudiantes,W_FSTURWT40,W_FSTURWT40,FINAL TRIMMED NONRESPONSE ADJUSTED STUDENT REPLICATE BRR-FAY WEIGHTS 40
2022,estudiantes,W_FSTURWT41,W_FSTURWT41,FINAL TRIMMED NONRESPONSE ADJUSTED STUDENT REPLICATE BRR-FAY WEIGHTS 41
2022,estudiantes,W_FSTURWT42,W_FSTURWT42,FINAL TRIMMED NONRESPONSE ADJUSTED STUDENT REPLICATE BRR-FAY WEIGHTS 42
2022,estudiantes,W_FSTURWT43,W_FSTURWT43,FINAL TRIMMED NONRESPONSE ADJUSTED STUDENT REPLICATE BRR-FAY WEIGHTS 43
2022,estudiantes,W_FSTURWT44,W_FSTURWT44,FINAL TRIMMED NONRESPONSE ADJUSTED STUDENT REPLICATE BRR-FAY WEIGHTS 44
2022,estudiantes,W_FSTURWT45,W_FSTURWT45,FINAL TRIMMED NONRESPONSE ADJUSTED STUDENT REPLICATE BRR-FAY WEIGHTS 45
2022,estudiantes,W_FSTURWT46,W_FSTURWT46,FINAL TRIMMED NONRESPONSE ADJUSTED STUDENT REPLICATE BRR-FAY WEIGHTS 46
2022,estudiantes,W_FSTURWT47,W_FSTURWT47,FINAL TRIMMED NONRESPONSE ADJUSTED STUDENT REPLICATE BRR-FAY WEIGHTS 47
2022,estudiantes,W_FSTURWT48,W_FSTURWT48,FINAL TRIMMED NONRESPONSE ADJUSTED STUDENT REPLICATE BRR-FAY WEIGHTS 48
2022,estudiantes,W_FSTURWT49,W_FSTURWT49,FINAL TRIMMED NONRESPONSE ADJUSTED STUDENT REPLICATE BRR-FAY WEIGHTS 49
2022,estudiantes,W_FSTURWT50,W_FSTURWT50,FINAL TRIMMED NONRESPONSE ADJUSTED STUDENT REPLICATE BRR-FAY WEIGHTS 50
2022,estudiantes,W_FSTURWT51,W_FSTURWT51,FINAL TRIMMED NONRESPONSE ADJUSTED STUDENT REPLICATE BRR-FAY WEIGHTS 51
2022,estudiantes,W_FSTURWT52,W_FSTURWT52,FINAL TRIMMED NONRESPONSE ADJUSTED STUDENT REPLICATE BRR-FAY WEIGHTS 52
2022,estudiantes,W_FSTURWT53,W_FSTURWT53,FINAL TRIMMED NONRESPONSE ADJUSTED STUDENT REPLICATE BRR-FAY WEIGHTS 53
2022,estudiantes,W_FSTURWT54,W_FSTURWT54,FINAL TRIMMED NONRESPONSE ADJUSTED STUDENT REPLICATE BRR-FAY WEIGHTS 54
2022,estudiantes,W_FSTURWT55,W_FSTURWT55,FINAL TRIMMED NONRESPONSE ADJUSTED STUDENT REPLICATE BRR-FAY WEIGHTS 55
2022,estudiantes,W_FSTURWT56,W_FSTURWT56,FINAL TRIMMED NONRESPONSE ADJUSTED STUDENT REPLICATE BRR-FAY WEIGHTS 56
2022,estudiantes,W_FSTURWT57,W_FSTURWT57,FINAL TRIMMED NONRESPONSE ADJUSTED STUDENT REPLICATE BRR-FAY WEIGHTS 57
2022,estudiantes,W_FSTURWT58,W_FSTURWT58,FINAL TRIMMED NONRESPONSE ADJUSTED STUDENT REPLICATE BRR-FAY WEIGHTS 58
2022,estudiantes,W_FSTURWT59,W_FSTURWT59,FINAL TRIMMED NONRESPONSE ADJUSTED STUDENT REPLICATE BRR-FAY WEIGHTS 59
2022,estudiantes,W_FSTURWT60,W_FSTURWT60,FINAL TRIMMED NONRESPONSE ADJUSTED STUDENT REPLICATE BRR-FAY WEIGHTS 60
2022,estudiantes,W_FSTURWT61,W_FSTURWT61,FINAL TRIMMED NONRESPONSE ADJUSTED STUDENT REPLICATE BRR-FAY WEIGHTS 61
2022,estudiantes,W_FSTURWT62,W_FSTURWT62,FINAL TRIMMED NONRESPONSE ADJUSTED STUDENT REPLICATE BRR-FAY WEIGHTS 62
2022,estudiantes,W_FSTURWT63,W_FSTURWT63,FINAL TRIMMED NONRESPONSE ADJUSTED STUDENT REPLICATE BRR-FAY WEIGHTS 63
2022,estudiantes,W_FSTURWT64,W_FSTURWT64,FINAL TRIMMED NONRESPONSE ADJUSTED STUDENT REPLICATE BRR-FAY WEIGHTS 64
2022,estudiantes,W_FSTURWT65,W_FSTURWT65,FINAL TRIMMED NONRESPONSE ADJUSTED STUDENT REPLICATE BRR-FAY WEIGHTS 65
2022,estudiantes,W_FSTURWT66,W_FSTURWT66,FINAL TRIMMED NONRESPONSE ADJUSTED STUDENT REPLICATE BRR-FAY WEIGHTS 66
2022,estudiantes,W_FSTURWT67,W_FSTURWT67,FINAL TRIMMED NONRESPONSE ADJUSTED STUDENT REPLICATE BRR-FAY WEIGHTS 67
2022,estudiantes,W_FSTURWT68,W_FSTURWT68,FINAL TRIMMED NONRESPONSE ADJUSTED STUDENT REPLICATE BRR-FAY WEIGHTS 68
2022,estudiantes,W_FSTURWT69,W_FSTURWT69,FINAL TRIMMED NONRESPONSE ADJUSTED STUDENT REPLICATE BRR-FAY WEIGHTS 69
2022,estudiantes,W_FSTURWT70,W_FSTURWT70,FINAL TRIMMED NONRESPONSE ADJUSTED STUDENT REPLICATE BRR-FAY WEIGHTS 70
2022,estudiantes,W_FSTURWT71,W_FSTURWT71,FINAL TRIMMED NONRESPONSE ADJUSTED STUDENT REPLICATE BRR-FAY WEIGHTS 71
2022,estudiantes,W_FSTURWT72,W_FSTURWT72,FINAL TRIMMED NONRESPONSE ADJUSTED STUDENT REPLICATE BRR-FAY WEIGHTS 72
2022,estudiantes,W_FSTURWT73,W_FSTURWT73,FINAL TRIMMED NONRESPONSE ADJUSTED STUDENT REPLICATE BRR-FAY WEIGHTS 73
2022,estudiantes,W_FSTURWT74,W_FSTURWT74,FINAL TRIMMED NONRESPONSE ADJUSTED STUDENT REPLICATE BRR-FAY WEIGHTS 74
2022,estudiantes,W_FSTURWT75,W_FSTURWT75,FINAL TRIMMED NONRESPONSE ADJUSTED STUDENT REPLICATE BRR-FAY WEIGHTS 75
2022,estudiantes,W_FSTURWT76,W_FSTURWT76,FINAL TRIMMED NONRESPONSE ADJUSTED STUDENT REPLICATE BRR-FAY WEIGHTS 76
2022,estudiantes,W_FSTURWT77,W_FSTURWT77,FINAL TRIMMED NONRESPONSE ADJUSTED STUDENT REPLICATE BRR-FAY WEIGHTS 77
2022,estudiantes,W_FSTURWT78,W_FSTURWT78,FINAL TRIMMED NONRESPONSE ADJUSTED STUDENT REPLICATE BRR-FAY WEIGHTS 78
2022,estudiantes,W_FSTURWT79,W_FSTURWT79,FINAL TRIMMED NONRESPONSE ADJUSTED STUDENT REPLICATE BRR-FAY WEIGHTS 79
2022,estudiantes,W_FSTURWT80,W_FSTURWT80,FINAL TRIMMED NONRESPONSE ADJUSTED STUDENT REPLICATE BRR-FAY WEIGHTS 80
2022,estudiantes,UNIT,UNIT,REP_BWGT: RANDOMLY ASSIGNED UNIT NUMBER
2022,estudiantes,WVARSTRR,WVARSTRR,RANDOMIZED FINAL VARIANCE STRATUM (1-80)
2022,estudiantes,PV1MATH,PV1MATH,Plausible Value 1 in Mathematics
2022,estudiantes,PV2MATH,PV2MATH,Plausible Value 2 in Mathematics
2022,estudiantes,PV3MATH,PV3MATH,Plausible Value 3 in Mathematics
2022,estudiantes,PV4MATH,PV4MATH,Plausible Value 4 in Mathematics
2022,estudiantes,PV5MATH,PV5MATH,Plausible Value 5 in Mathematics
2022,estudiantes,PV6MATH,PV6MATH,Plausible Value 6 in Mathematics
2022,estudiantes,PV7MATH,PV7MATH,Plausible Value 7 in Mathematics
2022,estudiantes,PV8MATH,PV8MATH,Plausible Value 8 in Mathematics
2022,estudiantes,PV9MATH,PV9MATH,Plausible Value 9 in Mathematics
2022,estudiantes,PV10MATH,PV10MATH,Plausible Value 10 in Mathematics
2022,estudiantes,PV1READ,PV1READ,Plausible Value 1 in Reading
2022,estudiantes,PV2READ,PV2READ,Plausible Value 2 in Reading
2022,estudiantes,PV3READ,PV3READ,Plausible Value 3 in Reading
2022,estudiantes,PV4READ,PV4READ,Plausible Value 4 in Reading
2022,estudiantes,PV5READ,PV5READ,Plausible Value 5 in Reading
2022,estudiantes,PV6READ,PV6READ,Plausible Value 6 in Reading
2022,estudiantes,PV7READ,PV7READ,Plausible Value 7 in Reading
2022,estudiantes,PV8READ,PV8READ,Plausible Value 8 in Reading
2022,estudiantes,PV9READ,PV9READ,Plausible Value 9 in Reading
2022,estudiantes,PV10READ,PV10READ,Plausible Value 10 in Reading
2022,estudiantes,PV1SCIE,PV1SCIE,Plausible Value 1 in Science
2022,estudiantes,PV2SCIE,PV2SCIE,Plausible Value 2 in Science
2022,estudiantes,PV3SCIE,PV3SCIE,Plausible Value 3 in Science
2022,estudiantes,PV4SCIE,PV4SCIE,Plausible Value 4 in Science
2022,estudiantes,PV5SCIE,PV5SCIE,Plausible Value 5 in Science
2022,estudiantes,PV6SCIE,PV6SCIE,Plausible Value 6 in Science
2022,estudiantes,PV7SCIE,PV7SCIE,Plausible Value 7 in Science
2022,estudiantes,PV8SCIE,PV8SCIE,Plausible Value 8 in Science
2022,estudiantes,PV9SCIE,PV9SCIE,Plausible Value 9 in Science
2022,estudiantes,PV10SCIE,PV10SCIE,Plausible Value 10 in Science
2022,estudiantes,PV1MCCR,PV1MCCR,Plausible Value 1 in Content Subscale of Mathematics - Change and Relationships
2022,estudiantes,PV2MCCR,PV2MCCR,Plausible Value 2 in Content Subscale of Mathematics - Change and Relationships
2022,estudiantes,PV3MCCR,PV3MCCR,Plausible Value 3 in Content Subscale of Mathematics - Change and Relationships
2022,estudiantes,PV4MCCR,PV4MCCR,Plausible Value 4 in Content Subscale of Mathematics - Change and Relationships
2022,estudiantes,PV5MCCR,PV5MCCR,Plausible Value 5 in Content Subscale of Mathematics - Change and Relationships
2022,estudiantes,PV6MCCR,PV6MCCR,Plausible Value 6 in Content Subscale of Mathematics - Change and Relationships
2022,estudiantes,PV7MCCR,PV7MCCR,Plausible Value 7 in Content Subscale of Mathematics - Change and Relationships
2022,estudiantes,PV8MCCR,PV8MCCR,Plausible Value 8 in Content Subscale of Mathematics - Change and Relationships
2022,estudiantes,PV9MCCR,PV9MCCR,Plausible Value 9 in Content Subscale of Mathematics - Change and Relationships
2022,estudiantes,PV10MCCR,PV10MCCR,Plausible Value 10 in Content Subscale of Mathematics - Change and Relationships
2022,estudiantes,PV1MCQN,PV1MCQN,Plausible Value 1 in Content Subscale of Mathematics - Quantity
2022,estudiantes,PV2MCQN,PV2MCQN,Plausible Value 2 in Content Subscale of Mathematics - Quantity
2022,estudiantes,PV3MCQN,PV3MCQN,Plausible Value 3 in Content Subscale of Mathematics - Quantity
2022,estudiantes,PV4MCQN,PV4MCQN,Plausible Value 4 in Content Subscale of Mathematics - Quantity
2022,estudiantes,PV5MCQN,PV5MCQN,Plausible Value 5 in Content Subscale of Mathematics - Quantity
2022,estudiantes,PV6MCQN,PV6MCQN,Plausible Value 6 in Content Subscale of Mathematics - Quantity
2022,estudiantes,PV7MCQN,PV7MCQN,Plausible Value 7 in Content Subscale of Mathematics - Quantity
2022,estudiantes,PV8MCQN,PV8MCQN,Plausible Value 8 in Content Subscale of Mathematics - Quantity
2022,estudiantes,PV9MCQN,PV9MCQN,Plausible Value 9 in Content Subscale of Mathematics - Quantity
2022,estudiantes,PV10MCQN,PV10MCQN,Plausible Value 10 in Content Subscale of Mathematics - Quantity
2022,estudiantes,PV1MCSS,PV1MCSS,Plausible Value 1 in Content Subscale of Mathematics - Space and Shape
2022,estudiantes,PV2MCSS,PV2MCSS,Plausible Value 2 in Content Subscale of Mathematics - Space and Shape
2022,estudiantes,PV3MCSS,PV3MCSS,Plausible Value 3 in Content Subscale of Mathematics - Space and Shape
2022,estudiantes,PV4MCSS,PV4MCSS,Plausible Value 4 in Content Subscale of Mathematics - Space and Shape
2022,estudiantes,PV5MCSS,PV5MCSS,Plausible Value 5 in Content Subscale of Mathematics - Space and Shape
2022,estudiantes,PV6MCSS,PV6MCSS,Plausible Value 6 in Content Subscale of Mathematics - Space and Shape
2022,estudiantes,PV7MCSS,PV7MCSS,Plausible Value 7 in Content Subscale of Mathematics - Space and Shape
2022,estudiantes,PV8MCSS,PV8MCSS,Plausible Value 8 in Content Subscale of Mathematics - Space and Shape
2022,estudiantes,PV9MCSS,PV9MCSS,Plausible Value 9 in Content Subscale of Mathematics - Space and Shape
2022,estudiantes,PV10MCSS,PV10MCSS,Plausible Value 10 in Content Subscale of Mathematics - Space and Shape
2022,estudiantes,PV1MCUD,PV1MCUD,Plausible Value 1 in Content Subscale of Mathematics - Uncertainty and Data
2022,estudiantes,PV2MCUD,PV2MCUD,Plausible Value 2 in Content Subscale of Mathematics - Uncertainty and Data
2022,estudiantes,PV3MCUD,PV3MCUD,Plausible Value 3 in Content Subscale of Mathematics - Uncertainty and Data
2022,estudiantes,PV4MCUD,PV4MCUD,Plausible Value 4 in Content Subscale of Mathematics - Uncertainty and Data
2022,estudiantes,PV5MCUD,PV5MCUD,Plausible Value 5 in Content Subscale of Mathematics - Uncertainty and Data
2022,estudiantes,PV6MCUD,PV6MCUD,Plausible Value 6 in Content Subscale of Mathematics - Uncertainty and Data
2022,estudiantes,PV7MCUD,PV7MCUD,Plausible Value 7 in Content Subscale of Mathematics - Uncertainty and Data
2022,estudiantes,PV8MCUD,PV8MCUD,Plausible Value 8 in Content Subscale of Mathematics - Uncertainty and Data
2022,estudiantes,PV9MCUD,PV9MCUD,Plausible Value 9 in Content Subscale of Mathematics - Uncertainty and Data
2022,estudiantes,PV10MCUD,PV10MCUD,Plausible Value 10 in Content Subscale of Mathematics - Uncertainty and Data
2022,estudiantes,PV1MPEM,PV1MPEM,"Plausible Value 1 in Process Subscale of Mathematics - Employing Mathematical Concepts, Facts, and Procedures"
2022,estudiantes,PV2MPEM,PV2MPEM,"Plausible Value 2 in Process Subscale of Mathematics - Employing Mathematical Concepts, Facts, and Procedures"
2022,estudiantes,PV3MPEM,PV3MPEM,"Plausible Value 3 in Process Subscale of Mathematics - Employing Mathematical Concepts, Facts, and Procedures"
2022,estudiantes,PV4MPEM,PV4MPEM,"Plausible Value 4 in Process Subscale of Mathematics - Employing Mathematical Concepts, Facts, and Procedures"
2022,estudiantes,PV5MPEM,PV5MPEM,"Plausible Value 5 in Process Subscale of Mathematics - Employing Mathematical Concepts, Facts, and Procedures"
2022,estudiantes,PV6MPEM,PV6MPEM,"Plausible Value 6 in Process Subscale of Mathematics - Employing Mathematical Concepts, Facts, and Procedures"
2022,estudiantes,PV7MPEM,PV7MPEM,"Plausible Value 7 in Process Subscale of Mathematics - Employing Mathematical Concepts, Facts, and Procedures"
2022,estudiantes,PV8MPEM,PV8MPEM,"Plausible Value 8 in Process Subscale of Mathematics - Employing Mathematical Concepts, Facts, and Procedures"
2022,estudiantes,PV9MPEM,PV9MPEM,"Plausible Value 9 in Process Subscale of Mathematics - Employing Mathematical Concepts, Facts, and Procedures"
2022,estudiantes,PV10MPEM,PV10MPEM,"Plausible Value 10 in Process Subscale of Mathematics - Employing Mathematical Concepts, Facts, and Procedures"
2022,estudiantes,PV1MPFS,PV1MPFS,Plausible Value 1 in Process Subscale of Mathematics - Formulating Situations Mathematically
2022,estudiantes,PV2MPFS,PV2MPFS,Plausible Value 2 in Process Subscale of Mathematics - Formulating Situations Mathematically
2022,estudiantes,PV3MPFS,PV3MPFS,Plausible Value 3 in Process Subscale of Mathematics - Formulating Situations Mathematically
2022,estudiantes,PV4MPFS,PV4MPFS,Plausible Value 4 in Process Subscale of Mathematics - Formulating Situations Mathematically
2022,estudiantes,PV5MPFS,PV5MPFS,Plausible Value 5 in Process Subscale of Mathematics - Formulating Situations Mathematically
2022,estudiantes,PV6MPFS,PV6MPFS,Plausible Value 6 in Process Subscale of Mathematics - Formulating Situations Mathematically
2022,estudiantes,PV7MPFS,PV7MPFS,Plausible Value 7 in Process Subscale of Mathematics - Formulating Situations Mathematically
2022,estudiantes,PV8MPFS,PV8MPFS,Plausible Value 8 in Process Subscale of Mathematics - Formulating Situations Mathematically
2022,estudiantes,PV9MPFS,PV9MPFS,Plausible Value 9 in Process Subscale of Mathematics - Formulating Situations Mathematically
2022,estudiantes,PV10MPFS,PV10MPFS,Plausible Value 10 in Process Subscale of Mathematics - Formulating Situations Mathematically
2022,estudiantes,PV1MPIN,PV1MPIN,"Plausible Value 1 in Process Subscale of Mathematics - Interpreting, Applying, and Evaluating Mathematical Outcomes"
2022,estudiantes,PV2MPIN,PV2MPIN,"Plausible Value 2 in Process Subscale of Mathematics - Interpreting, Applying, and Evaluating Mathematical Outcomes"
2022,estudiantes,PV3MPIN,PV3MPIN,"Plausible Value 3 in Process Subscale of Mathematics - Interpreting, Applying, and Evaluating Mathematical Outcomes"
2022,estudiantes,PV4MPIN,PV4MPIN,"Plausible Value 4 in Process Subscale of Mathematics - Interpreting, Applying, and Evaluating Mathematical Outcomes"
2022,estudiantes,PV5MPIN,PV5MPIN,"Plausible Value 5 in Process Subscale of Mathematics - Interpreting, Applying, and Evaluating Mathematical Outcomes"
2022,estudiantes,PV6MPIN,PV6MPIN,"Plausible Value 6 in Process Subscale of Mathematics - Interpreting, Applying, and Evaluating Mathematical Outcomes"
2022,estudiantes,PV7MPIN,PV7MPIN,"Plausible Value 7 in Process Subscale of Mathematics - Interpreting, Applying, and Evaluating Mathematical Outcomes"
2022,estudiantes,PV8MPIN,PV8MPIN,"Plausible Value 8 in Process Subscale of Mathematics - Interpreting, Applying, and Evaluating Mathematical Outcomes"
2022,estudiantes,PV9MPIN,PV9MPIN,"Plausible Value 9 in Process Subscale of Mathematics - Interpreting, Applying, and Evaluating Mathematical Outcomes"
2022,estudiantes,PV10MPIN,PV10MPIN,"Plausible Value 10 in Process Subscale of Mathematics - Interpreting, Applying, and Evaluating Mathematical Outcomes"
2022,estudiantes,PV1MPRE,PV1MPRE,Plausible Value 1 in Process Subscale of Mathematics - Reasoning
2022,estudiantes,PV2MPRE,PV2MPRE,Plausible Value 2 in Process Subscale of Mathematics - Reasoning
2022,estudiantes,PV3MPRE,PV3MPRE,Plausible Value 3 in Process Subscale of Mathematics - Reasoning
2022,estudiantes,PV4MPRE,PV4MPRE,Plausible Value 4 in Process Subscale of Mathematics - Reasoning
2022,estudiantes,PV5MPRE,PV5MPRE,Plausible Value 5 in Process Subscale of Mathematics - Reasoning
2022,estudiantes,PV6MPRE,PV6MPRE,Plausible Value 6 in Process Subscale of Mathematics - Reasoning
2022,estudiantes,PV7MPRE,PV7MPRE,Plausible Value 7 in Process Subscale of Mathematics - Reasoning
2022,estudiantes,PV8MPRE,PV8MPRE,Plausible Value 8 in Process Subscale of Mathematics - Reasoning
2022,estudiantes,PV9MPRE,PV9MPRE,Plausible Value 9 in Process Subscale of Mathematics - Reasoning
2022,estudiantes,PV10MPRE,PV10MPRE,Plausible Value 10 in Process Subscale of Mathematics - Reasoning
2022,estudiantes,SENWT,SENWT,Senate Weight (sum of 5000 per country)
2022,estudiantes,VER_DAT,VER_DAT,Date of the database creation
2022,estudiantes,EDICION,,Añadida por el pipeline: año de la edición
2022,colegios,CNT,CNT,Country code 3-character
2022,colegios,CNTRYID,CNTRYID,Country Identifier
2022,colegios,CNTSCHID,CNTSCHID,Intl. School ID
2022,colegios,CYC,CYC,PISA Assessment Cycle (2 digits + 2 character Assessment type - MS/FT)
2022,colegios,NatCen,NatCen,National Centre 6-digit Code
2022,colegios,STRATUM,STRATUM,Stratum ID 5-character (cnt + original stratum ID)
2022,colegios,SUBNATIO,SUBNATIO,Adjudicated sub-region code 7-digit code (3-digit country code + region ID + stratum ID)
2022,colegios,REGION,REGION,REGION
2022,colegios,OECD,OECD,OECD country
2022,colegios,ADMINMODE,ADMINMODE,Mode of Respondent
2022,colegios,LANGTEST_QQQ,LANGTEST_QQQ,Language of Questionnaire
2022,colegios,SC001Q01TA,SC001Q01TA,Which of the following definitions best describes the community in which your school is located?
2022,colegios,SC013Q01TA,SC013Q01TA,Is your school a public or a private school?
2022,colegios,SC014Q01TA,SC014Q01TA,What kind of organisation runs your school?
2022,colegios,SC016Q01TA,SC016Q01TA,"Percentage of schoolyr funding comes from: Government (includes departments, local, regional, state and national)"
2022,colegios,SC016Q02TA,SC016Q02TA,Percentage of schoolyr funding comes from: Student fees or school charges paid by parents or guardians
2022,colegios,SC016Q03TA,SC016Q03TA,"Percentage of schoolyr funding comes from: Benefactors, donations, bequests, sponsorships, parent or guardian fundraising"
2022,colegios,SC016Q04TA,SC016Q04TA,Percentage of schoolyr funding comes from: Other
2022,colegios,SC011Q01TA,SC011Q01TA,Which of the following statements best describes the schooling available to students in your location?
2022,colegios,SC002Q01TA,SC002Q01TA,"As of [February 1, 2021], what was the total school enrolment (number of students): Number of boys:"
2022,colegios,SC002Q02TA,SC002Q02TA,"As of [February 1, 2021], what was the total school enrolment (number of students): Number of girls:"
2022,colegios,SC211Q01JA,SC211Q01JA,Percentage [15-year-old modal grade] students who: Students whose [heritage language] is different from [test language]
2022,colegios,SC211Q02JA,SC211Q02JA,Percentage [15-year-old modal grade] students who: Students with special learning needs
2022,colegios,SC211Q03JA,SC211Q03JA,Percentage [15-year-old modal grade] students who: Students from socioeconomically disadvantaged homes
2022,colegios,SC211Q04JA,SC211Q04JA,Percentage [15-year-old modal grade] students who: Students who are immigrants (not including refugees)
2022,colegios,SC211Q05JA,SC211Q05JA,Percentage [15-year-old modal grade] students who: Students who have parents who have immigrated
2022,colegios,SC211Q06JA,SC211Q06JA,Percentage [15-year-old modal grade] students who: Students who are refugees
2022,colegios,SC018Q01TA01,SC018Q01TA01,Teachers in TOTAL: Full-time
2022,colegios,SC018Q01TA02,SC018Q01TA02,Teachers in TOTAL: Part-time
2022,colegios,SC018Q02TA01,SC018Q02TA01,Teachers [fully certified] by [the appropriate authority]: Full-time
2022,colegios,SC018Q02TA02,SC018Q02TA02,Teachers [fully certified] by [the appropriate authority]: Part-time
2022,colegios,SC018Q08JA01,SC018Q08JA01,Teachers with an [ISCED Level 6 - Bachelor's or equivalent level] qualification: Full-time
2022,colegios,SC018Q08JA02,SC018Q08JA02,Teachers with an [ISCED Level 6 - Bachelor's or equivalent level] qualification: Part-time
2022,colegios,SC018Q09JA01,SC018Q09JA01,Teachers with an [ISCED Level 7 - Master's or equivalent level] qualification: Full-time
2022,colegios,SC018Q09JA02,SC018Q09JA02,Teachers with an [ISCED Level 7 - Master's or equivalent level] qualification: Part-time
2022,colegios,SC018Q10JA01,SC018Q10JA01,Teachers with an [ISCED Level 8 - Doctoral or equivalent level] qualification: Full-time
2022,colegios,SC018Q10JA02,SC018Q10JA02,Teachers with an [ISCED Level 8 - Doctoral or equivalent level] qualification: Part-time
2022,colegios,SC182Q01WA01,SC182Q01WA01,Teachers of mathematics in TOTAL: Full-time
2022,colegios,SC182Q01WA02,SC182Q01WA02,Teachers of mathematics in TOTAL: Part-time
2022,colegios,SC182Q06WA01,SC182Q06WA01,Teachers of math [fully certified] by [the appropriate authority]: Full-time
2022,colegios,SC182Q06WA02,SC182Q06WA02,Teachers of math [fully certified] by [the appropriate authority]: Part-time
2022,colegios,SC182Q07JA01,SC182Q07JA01,Teachers of math with at least an [ISCED Level 6 ] qualification: Full-time
2022,colegios,SC182Q07JA02,SC182Q07JA02,Teachers of math with at least an [ISCED Level 6 ] qualification: Part-time
2022,colegios,SC182Q08JA01,SC182Q08JA01,Teachers of math with at least an [ISCED Level 6 ] qualification [with a major] in mathematics: Full-time
2022,colegios,SC182Q08JA02,SC182Q08JA02,Teachers of math with at least an [ISCED Level 6 ] qualification [with a major] in mathematics: Part-time
2022,colegios,SC182Q09JA01,SC182Q09JA01,Teachers of math with at least an [ISCED Level 6 ] qualification in [pedagogy]: Full-time
2022,colegios,SC182Q09JA02,SC182Q09JA02,Teachers of math with at least an [ISCED Level 6 ] qualification in [pedagogy]: Part-time
2022,colegios,SC182Q10JA01,SC182Q10JA01,Teachers of math with an [ISCED Level 5] but not an [ISCED Level 6] qualification: Full-time
2022,colegios,SC182Q10JA02,SC182Q10JA02,Teachers of math with an [ISCED Level 5] but not an [ISCED Level 6] qualification: Part-time
2022,colegios,SC168Q01JA,SC168Q01JA,"Number of non-teaching staff working in school who are: Personnel for pedagogical support, irrespective of the [grade levels]/ages they support"
2022,colegios,SC168Q02JA,SC168Q02JA,Number of non-teaching staff working in school who are: School administrative personnel
2022,colegios,SC168Q03JA,SC168Q03JA,Number of non-teaching staff working in school who are: School management personnel
2022,colegios,SC168Q04JA,SC168Q04JA,Number of non-teaching staff working in school who are: Other non-teaching staff
2022,colegios,SC012Q01TA,SC012Q01TA,"During admission, how often consider: Student's record of academic performance (including placement tests)"
2022,colegios,SC012Q02TA,SC012Q02TA,"During admission, how often consider: Recommendation of feeder schools"
2022,colegios,SC012Q03TA,SC012Q03TA,"During admission, how often consider: Parents' or guardians' endorsement of the instructional or religious philosophy of the school"
2022,colegios,SC012Q04TA,SC012Q04TA,"During admission, how often consider: Whether the student requires or is interested in a special programme"
2022,colegios,SC012Q05TA,SC012Q05TA,"During admission, how often consider: Preference given to family members of current or former students"
2022,colegios,SC012Q06TA,SC012Q06TA,"During admission, how often consider: Residence in a particular area"
2022,colegios,SC012Q08JA,SC012Q08JA,"During admission, how often consider: Student's disciplinary record in this or another school"
2022,colegios,SC012Q10JA,SC012Q10JA,"During admission, how often consider: Student's parental status or pregnancy"
2022,colegios,SC012Q11JA,SC012Q11JA,"During admission, how often consider: Student's working status"
2022,colegios,SC012Q12JA,SC012Q12JA,"During admission, how often consider: Student's cultural or ethnic background"
2022,colegios,SC185Q01WA,SC185Q01WA,How likely a student in your school would be transferred to another school for: Low academic achievement
2022,colegios,SC185Q02WA,SC185Q02WA,How likely a student in your school would be transferred to another school for: High academic achievement
2022,colegios,SC185Q03WA,SC185Q03WA,How likely a student in your school would be transferred to another school for: Behavioural problems
2022,colegios,SC185Q04WA,SC185Q04WA,How likely a student in your school would be transferred to another school for: Special learning needs
2022,colegios,SC185Q05WA,SC185Q05WA,How likely a student in your school would be transferred to another school for: Parents' or guardians' request
2022,colegios,SC202Q01JA,SC202Q01JA,"At your school, who is responsible for: Appointing or hiring teachers"
2022,colegios,SC202Q02JA,SC202Q02JA,"At your school, who is responsible for: Dismissing or suspending teachers from employment"
2022,colegios,SC202Q03JA,SC202Q03JA,"At your school, who is responsible for: Establishing teachers' starting salaries, including setting pay scales"
2022,colegios,SC202Q04JA,SC202Q04JA,"At your school, who is responsible for: Determining teachers' salary increases"
2022,colegios,SC202Q05JA,SC202Q05JA,"At your school, who is responsible for: Formulating the school budget"
2022,colegios,SC202Q06JA,SC202Q06JA,"At your school, who is responsible for: Deciding on budget allocations"
2022,colegios,SC202Q07JA,SC202Q07JA,"At your school, who is responsible for: Establishing student disciplinary policies and procedures"
2022,colegios,SC202Q08JA,SC202Q08JA,"At your school, who is responsible for: Establishing student assessment policies, including [national/regional] assessments"
2022,colegios,SC202Q09JA,SC202Q09JA,"At your school, who is responsible for: Approving students for admission to the school"
2022,colegios,SC202Q10JA,SC202Q10JA,"At your school, who is responsible for: Choosing which learning materials are used"
2022,colegios,SC202Q11JA,SC202Q11JA,"At your school, who is responsible for: Determining course content, including [national/regional] curricula"
2022,colegios,SC202Q12JA,SC202Q12JA,"At your school, who is responsible for: Deciding which courses are offered"
2022,colegios,SC201Q01JA,SC201Q01JA,How often you/others in [school management team]: Collaborating with teachers to solve classroom discipline problems
2022,colegios,SC201Q03JA,SC201Q03JA,How often you/others in [school management team]: Providing feedback to teachers based on observations of instruction in the classroom
2022,colegios,SC201Q04JA,SC201Q04JA,How often you/others in [school management team]: Taking actions to support co-operation among teachers to develop new teaching practices
2022,colegios,SC201Q05JA,SC201Q05JA,How often you/others in [school management team]: Taking actions to ensure that teachers take responsibility for improving their teaching skills
2022,colegios,SC201Q06JA,SC201Q06JA,How often you/others in [school management team]: Taking actions to ensure that teachers feel responsible for their students' learning outcomes
2022,colegios,SC201Q07JA,SC201Q07JA,How often you/others in [school management team]: Providing parents or guardians with information on the school and student performance
2022,colegios,SC201Q11JA,SC201Q11JA,How often you/others in [school management team]: Working on a professional development plan for this school
2022,colegios,SC004Q01TA,SC004Q01TA,"[Stem] At your school, what is the total number of students in the [national modal grade for 15-year-olds]?"
2022,colegios,SC004Q02TA,SC004Q02TA,"[Stem] Approximately, how many desktop or laptop computers are available for these students for educational purposes?"
2022,colegios,SC004Q03TA,SC004Q03TA,"[Stem] Approximately, how many of these desktop or laptop computers are connected to the Internet?"
2022,colegios,SC004Q08JA,SC004Q08JA,"[Stem] Approximately, how many tablet devices (e.g. [iPad®], [Galaxy Book®], [Fire®]) or e-book readers (i.e. portable device for reading books on screen, e.g. [Amazon® KindleTM], [Kobo]) are available for these students for educational purposes?"
2022,colegios,SC004Q05NA,SC004Q05NA,"[Stem] Approximately, how many interactive whiteboards are available in the school altogether?"
2022,colegios,SC004Q06NA,SC004Q06NA,"[Stem] Approximately, how many data projectors are available in the school altogether?"
2022,colegios,SC004Q07NA,SC004Q07NA,"[Stem] Approximately, how many desktop or laptop computers with internet connection are available for teachers in your school?"
2022,colegios,SC190Q01JA,SC190Q01JA,Apply to your school: The school has a written statement about the general use of digital devices on the school premises.
2022,colegios,SC190Q02JA,SC190Q02JA,Apply to your school: The use of [cell phones] is not allowed on the school premises.
2022,colegios,SC190Q05JA,SC190Q05JA,Apply to your school: The school has formal guidelines for the use of digital devices for teaching and learning in specific subjects.
2022,colegios,SC190Q06JA,SC190Q06JA,Apply to your school: Teachers establish rules for when students may use digital devices during lessons.
2022,colegios,SC190Q07JA,SC190Q07JA,Apply to your school: Teachers establish rules in collaboration with students about their use of [digital resources] at school or in class.
2022,colegios,SC190Q08JA,SC190Q08JA,Apply to your school: The school has a specific programme to prepare students for responsible internet behaviour.
2022,colegios,SC190Q09JA,SC190Q09JA,Apply to your school: The school has a specific policy about using social networks (e.g. [Facebook®]) in teaching and learning.
2022,colegios,SC190Q10JA,SC190Q10JA,Apply to your school: The school has a specific programme to promote collaboration on the use of digital devices among teachers.
2022,colegios,SC190Q11JA,SC190Q11JA,"Apply to your school: The school has a scheduled time for teachers to meet to share, evaluate or develop instructional materials and approaches that employ digital devices."
2022,colegios,SC037Q01TA,SC037Q01TA,Exist at your school: Internal evaluation / Self-evaluation
2022,colegios,SC037Q02TA,SC037Q02TA,Exist at your school: External evaluation
2022,colegios,SC037Q03TA,SC037Q03TA,Exist at your school: Written specification of the school's curricular profile and educational goals
2022,colegios,SC037Q04TA,SC037Q04TA,Exist at your school: Written specification of student performance standards
2022,colegios,SC037Q05NA,SC037Q05NA,Exist at your school: Systematic recording of data such as teacher or student attendance and professional development
2022,colegios,SC037Q06NA,SC037Q06NA,Exist at your school: Systematic recording of student test results and graduation rates
2022,colegios,SC037Q07TA,SC037Q07TA,"Exist at your school: Seeking written feedback from students (e.g. regarding lessons, teachers or resources)"
2022,colegios,SC037Q08TA,SC037Q08TA,Exist at your school: Teacher mentoring
2022,colegios,SC037Q09TA,SC037Q09TA,Exist at your school: Regular consultation aimed at school improvement with one or more experts over a period of at least six months
2022,colegios,SC037Q11JA,SC037Q11JA,Exist at your school: Implementation of a standardised policy for mathematics subjects (i.e. school curriculum with shared instructional materials accompanied by staff development and training)
2022,colegios,SC200Q01JA,SC200Q01JA,Occur in school's external evals:  The results of external evaluation led to changes in school policies.
2022,colegios,SC200Q02JA,SC200Q02JA,Occur in school's external evals:  We used the data to plan specific action for school development.
2022,colegios,SC200Q03JA,SC200Q03JA,Occur in school's external evals:  We used the data to plan specific action for the improvement of teaching.
2022,colegios,SC200Q04JA,SC200Q04JA,Occur in school's external evals:  We put measures derived from the results of external evaluations into practice.
2022,colegios,SC032Q01TA,SC032Q01TA,"Last school yr, teachers monitored by? Tests or assessments of student achievement"
2022,colegios,SC032Q02TA,SC032Q02TA,"Last school yr, teachers monitored by? Teacher peer review (of lesson plans, assessment instruments, lessons)"
2022,colegios,SC032Q03TA,SC032Q03TA,"Last school yr, teachers monitored by? Principal or senior staff observations of lessons"
2022,colegios,SC032Q04TA,SC032Q04TA,"Last school yr, teachers monitored by? Observation of classes by inspectors or other persons external to the school"
2022,colegios,SC193Q01WA,SC193Q01WA,Do teacher evals impact: A change in salary
2022,colegios,SC193Q02WA,SC193Q02WA,Do teacher evals impact: A financial bonus or another kind of monetary reward
2022,colegios,SC193Q03WA,SC193Q03WA,Do teacher evals impact: Opportunities for professional development activities
2022,colegios,SC193Q04WA,SC193Q04WA,Do teacher evals impact: A change in the likelihood of career advancement
2022,colegios,SC193Q05WA,SC193Q05WA,Do teacher evals impact: Public recognition from you
2022,colegios,SC193Q06WA,SC193Q06WA,Do teacher evals impact: Changes in work responsibilities that make the job more attractive
2022,colegios,SC193Q07WA,SC193Q07WA,"Do teacher evals impact: A role in school development initiatives (e.g. curriculum development group, development of school objectives)"
2022,colegios,SC025Q01NA,SC025Q01NA,"Last 3 mnths, percentage teaching staff attended professional dev: All teaching staff at your school"
2022,colegios,SC025Q02NA,SC025Q02NA,"Last 3 mnths, percentage teaching staff attended professional dev:  Staff who teach mathematics at your school"
2022,colegios,SC027Q02NA,SC027Q02NA,In-house professional dev: Our school invites specialists to conduct in-service training for teachers.
2022,colegios,SC027Q03NA,SC027Q03NA,In-house professional dev: Our school organises in-service workshops which deal with specific issues that our school faces.
2022,colegios,SC027Q04NA,SC027Q04NA,In-house professional dev: Our school organises in-service workshops for specific groups of teachers (e.g. newly appointed teachers).
2022,colegios,SC183Q02JA,SC183Q02JA,In-house professional dev for math teachers: Our school invites specialists to conduct in-service training for mathematics teachers.
2022,colegios,SC183Q03JA,SC183Q03JA,"In-house professional dev for math teachers: Our school organises in-service workshops, which deal with specific issues that our mathematics teachers face."
2022,colegios,SC183Q04JA,SC183Q04JA,In-house professional dev for math teachers: Our school organises in-service workshops for specific mathematics teachers (e.g. newly appointed teachers).
2022,colegios,SC184Q01JA,SC184Q01JA,Offers math teachers professional dev in: Mathematics content
2022,colegios,SC184Q02JA,SC184Q02JA,Offers math teachers professional dev in: Mathematics pedagogy/instruction
2022,colegios,SC184Q03JA,SC184Q03JA,Offers math teachers professional dev in: Mathematics curriculum
2022,colegios,SC184Q04JA,SC184Q04JA,Offers math teachers professional dev in: Integrating digital resources into mathematics instruction
2022,colegios,SC184Q05JA,SC184Q05JA,Offers math teachers professional dev in: Improving students' critical thinking or problem solving skills
2022,colegios,SC184Q06JA,SC184Q06JA,Offers math teachers professional dev in: Mathematics assessment
2022,colegios,SC184Q07JA,SC184Q07JA,"Offers math teachers professional dev in: Addressing individual students' needs (e.g. differentiated learning, differentiated instruction)"
2022,colegios,SC017Q01NA,SC017Q01NA,Instruction hindered by: A lack of teaching staff
2022,colegios,SC017Q02NA,SC017Q02NA,Instruction hindered by: Inadequate or poorly qualified teaching staff
2022,colegios,SC017Q03NA,SC017Q03NA,Instruction hindered by: A lack of assisting staff
2022,colegios,SC017Q04NA,SC017Q04NA,Instruction hindered by: Inadequate or poorly qualified assisting staff
2022,colegios,SC017Q05NA,SC017Q05NA,"Instruction hindered by: A lack of educational material (e.g. textbooks, IT equipment, library or laboratory material)"
2022,colegios,SC017Q06NA,SC017Q06NA,"Instruction hindered by: Inadequate or poor quality educational material (e.g. textbooks, IT equipment, library or laboratory material)"
2022,colegios,SC017Q07NA,SC017Q07NA,"Instruction hindered by: A lack of physical infrastructure (e.g. building, grounds, heating/cooling, lighting and acoustic systems)"
2022,colegios,SC017Q08NA,SC017Q08NA,"Instruction hindered by: Inadequate or poor quality physical infrastructure (e.g. building, grounds, heating/cooling, lighting and acoustic systems)"
2022,colegios,SC017Q09JA,SC017Q09JA,"Instruction hindered by: A lack of [digital resources] (e.g. desktop or laptop computers, internet access, learning management systems or school learning platforms)"
2022,colegios,SC017Q10JA,SC017Q10JA,"Instruction hindered by: Inadequate or poor quality [digital resources] (e.g. desktop or laptop computers, internet access, learning management systems or school learning platforms)"
2022,colegios,SC061Q01TA,SC061Q01TA,Learning hindered by: Student truancy
2022,colegios,SC061Q02TA,SC061Q02TA,Learning hindered by: Students skipping classes
2022,colegios,SC061Q03TA,SC061Q03TA,Learning hindered by: Students lacking respect for teachers
2022,colegios,SC061Q04TA,SC061Q04TA,Learning hindered by: Student use of alcohol or illegal drugs
2022,colegios,SC061Q05TA,SC061Q05TA,Learning hindered by: Students intimidating or bullying other students
2022,colegios,SC061Q11HA,SC061Q11HA,Learning hindered by: Students not being attentive
2022,colegios,SC061Q06TA,SC061Q06TA,Learning hindered by: Teachers not meeting individual students' needs
2022,colegios,SC061Q07TA,SC061Q07TA,Learning hindered by: Teacher absenteeism
2022,colegios,SC061Q08TA,SC061Q08TA,Learning hindered by: Staff resisting change
2022,colegios,SC061Q09TA,SC061Q09TA,Learning hindered by: Teachers being too strict with students
2022,colegios,SC061Q10TA,SC061Q10TA,Learning hindered by: Teachers not being well prepared for classes
2022,colegios,SC172Q02JA,SC172Q02JA,Extent a problem in your school: Profanity
2022,colegios,SC172Q03JA,SC172Q03JA,Extent a problem in your school: Vandalism
2022,colegios,SC172Q04JA,SC172Q04JA,Extent a problem in your school: Theft
2022,colegios,SC172Q05JA,SC172Q05JA,"Extent a problem in your school: Intimidation or verbal abuse among students (including texting, emailing, etc.)"
2022,colegios,SC172Q06JA,SC172Q06JA,Extent a problem in your school: Physical injury caused by students to other students
2022,colegios,SC172Q07JA,SC172Q07JA,"Extent a problem in your school: Intimidation or verbal abuse of teachers or non-teaching staff (including texting, emailing, etc.)"
2022,colegios,SC173Q01JA,SC173Q01JA,"Last yr, how often staff: They helped students of different backgrounds to recognise the similarities that exist between them."
2022,colegios,SC173Q02JA,SC173Q02JA,"Last yr, how often staff: They encouraged students of different backgrounds to resolve disagreements by finding common ground."
2022,colegios,SC173Q03JA,SC173Q03JA,"Last yr, how often staff: They supported activities or organisations that encourage students' expression of diverse identities."
2022,colegios,SC173Q04JA,SC173Q04JA,"Last yr, how often staff: They taught students how to respond to discrimination."
2022,colegios,SC173Q05JA,SC173Q05JA,"Last yr, how often staff: They taught students to be inclusive of others with different backgrounds."
2022,colegios,SC173Q06JA,SC173Q06JA,"Last yr, how often staff: They provided additional support for students from disadvantaged backgrounds."
2022,colegios,SC064Q05WA,SC064Q05WA,Proportion parent/guardians who: Discussed their child's behaviour with a teacher on the parents' or guardians' own initiative
2022,colegios,SC064Q06WA,SC064Q06WA,Proportion parent/guardians who: Discussed their child's behaviour on the initiative of one of their child's teachers
2022,colegios,SC064Q01TA,SC064Q01TA,Proportion parent/guardians who: Discussed their child's progress with a teacher on the parents' or guardians' own initiative
2022,colegios,SC064Q02TA,SC064Q02TA,Proportion parent/guardians who: Discussed their child's progress on the initiative of one of their child's teachers
2022,colegios,SC064Q04NA,SC064Q04NA,"Proportion parent/guardians who: Volunteered in physical or extra-curricular activities, (e.g. building maintenance, carpentry, gardening or yard work, school play, sports, field trip)"
2022,colegios,SC064Q03TA,SC064Q03TA,Proportion parent/guardians who: Participated in local school government (e.g. parent council or school management committee)
2022,colegios,SC064Q07WA,SC064Q07WA,Proportion parent/guardians who: Assisted in fundraising for the school
2022,colegios,SC192Q01JA,SC192Q01JA,"Last school yr, how often has school staff: Invited parents or guardians to volunteer for school activities"
2022,colegios,SC192Q02JA,SC192Q02JA,"Last school yr, how often has school staff: Initiated communications with parents or guardians about school programmes"
2022,colegios,SC192Q03JA,SC192Q03JA,"Last school yr, how often has school staff: Initiated communications with parents or guardians about their child's progress"
2022,colegios,SC192Q04JA,SC192Q04JA,"Last school yr, how often has school staff: Included parents or guardians in making school decisions"
2022,colegios,SC192Q05JA,SC192Q05JA,"Last school yr, how often has school staff: Provided information to parents or guardians about how to help students with homework and other curriculum-related activities"
2022,colegios,SC192Q06JA,SC192Q06JA,"Last school yr, how often has school staff: Provided information to parents or guardians about how to help students improve their skills in mathematics"
2022,colegios,SC175Q01JA,SC175Q01JA,Minutes in [class period] for: Mathematics
2022,colegios,SC175Q02JA,SC175Q02JA,"Minutes in [class period] for: Average minutes in a [class period] across all subjects, including Mathematics"
2022,colegios,SC176Q01JA,SC176Q01JA,What is the average size of mathematics classes in <national modal grade for 15-year-olds> in your school?
2022,colegios,SC003Q01TA,SC003Q01TA,What is the average size of <test language> classes in <national modal grade for 15-year-olds> in your school?
2022,colegios,SC174Q01JA,SC174Q01JA,How many foreign languages are being taught at your school <this academic year>?
2022,colegios,SC053Q01TA,SC053Q01TA,"Does school offer this school yr: Band, orchestra or choir"
2022,colegios,SC053Q02TA,SC053Q02TA,Does school offer this school yr: School play or school musical
2022,colegios,SC053Q03TA,SC053Q03TA,"Does school offer this school yr: School yearbook, newspaper or magazine"
2022,colegios,SC053Q04TA,SC053Q04TA,"Does school offer this school yr: Volunteering or service activities, e.g. [national examples]"
2022,colegios,SC053Q05NA,SC053Q05NA,Does school offer this school yr: Mathematics club
2022,colegios,SC053Q06NA,SC053Q06NA,"Does school offer this school yr: Mathematics competitions, e.g. [national examples]"
2022,colegios,SC053Q07TA,SC053Q07TA,Does school offer this school yr: Chess club
2022,colegios,SC053Q08TA,SC053Q08TA,Does school offer this school yr: Club with a focus on computers (e.g. programming or coding)
2022,colegios,SC053Q09TA,SC053Q09TA,Does school offer this school yr: Art club or art activities
2022,colegios,SC053Q10TA,SC053Q10TA,Does school offer this school yr: Sporting team or sporting activities
2022,colegios,SC053D11TA,SC053D11TA,"<This academic year>,follow. activities/school offers<national modal grade for 15-year-olds>? <country specific item>"
2022,colegios,SC212Q01JA,SC212Q01JA,Study help for [national modal grade for 15-year-olds] students: Room(s) where the students can do their homework
2022,colegios,SC212Q02JA,SC212Q02JA,Study help for [national modal grade for 15-year-olds] students: Staff help with homework
2022,colegios,SC212Q03JA,SC212Q03JA,Study help for [national modal grade for 15-year-olds] students: Peer-to-peer tutoring
2022,colegios,SC034Q01NA,SC034Q01NA,"How often students assessed by: Mandatory [standardised tests], e.g. [country specific example]"
2022,colegios,SC034Q02NA,SC034Q02NA,How often students assessed by: Non-mandatory [standardised tests] (e.g. publicly or commercially available standardised test material like [country specific example])
2022,colegios,SC034Q03TA,SC034Q03TA,How often students assessed by: Teacher-developed tests
2022,colegios,SC034Q04TA,SC034Q04TA,How often students assessed by: Teachers' judgmental ratings
2022,colegios,SC035Q01NA,SC035Q01NA,How student tests are used: [Standardised tests]: To guide students' learning
2022,colegios,SC035Q01NB,SC035Q01NB,How student tests are used: Teacher-developed tests: To guide students' learning
2022,colegios,SC035Q02TA,SC035Q02TA,How student tests are used: [Standardised tests]: To inform parents or guardians about their child's progress
2022,colegios,SC035Q02TB,SC035Q02TB,How student tests are used: Teacher-developed tests: To inform parents or guardians about their child's progress
2022,colegios,SC035Q03TA,SC035Q03TA,How student tests are used: [Standardised tests]: To make decisions about students' retention or promotion
2022,colegios,SC035Q03TB,SC035Q03TB,How student tests are used: Teacher-developed tests: To make decisions about students' retention or promotion
2022,colegios,SC035Q04TA,SC035Q04TA,How student tests are used: [Standardised tests]: To group students for instructional purposes
2022,colegios,SC035Q04TB,SC035Q04TB,How student tests are used: Teacher-developed tests: To group students for instructional purposes
2022,colegios,SC035Q05TA,SC035Q05TA,How student tests are used: [Standardised tests]: To compare the school to [district or national] performance
2022,colegios,SC035Q05TB,SC035Q05TB,How student tests are used: Teacher-developed tests: To compare the school to [district or national] performance
2022,colegios,SC035Q06TA,SC035Q06TA,How student tests are used: [Standardised tests]: To monitor the school's progress from year to year
2022,colegios,SC035Q06TB,SC035Q06TB,How student tests are used: Teacher-developed tests: To monitor the school's progress from year to year
2022,colegios,SC035Q07TA,SC035Q07TA,How student tests are used: [Standardised tests]: To make judgements about teachers' effectiveness
2022,colegios,SC035Q07TB,SC035Q07TB,How student tests are used: Teacher-developed tests: To make judgements about teachers' effectiveness
2022,colegios,SC035Q08TA,SC035Q08TA,How student tests are used: [Standardised tests]: To identify aspects of instruction or the curriculum that could be improved
2022,colegios,SC035Q08TB,SC035Q08TB,How student tests are used: Teacher-developed tests: To identify aspects of instruction or the curriculum that could be improved
2022,colegios,SC035Q09NA,SC035Q09NA,How student tests are used: [Standardised tests]: To adapt teaching to the students' needs
2022,colegios,SC035Q09NB,SC035Q09NB,How student tests are used: Teacher-developed tests: To adapt teaching to the students' needs
2022,colegios,SC035Q10TA,SC035Q10TA,How student tests are used: [Standardised tests]: To compare the school with other schools
2022,colegios,SC035Q10TB,SC035Q10TB,How student tests are used: Teacher-developed tests: To compare the school with other schools
2022,colegios,SC035Q11NA,SC035Q11NA,How student tests are used: [Standardised tests]: To award certificates to students
2022,colegios,SC035Q11NB,SC035Q11NB,How student tests are used: Teacher-developed tests: To award certificates to students
2022,colegios,SC042Q01TA,SC042Q01TA,School's policy for [national modal grade for 15-year-olds] students: Students are grouped by ability into different classes.
2022,colegios,SC042Q02TA,SC042Q02TA,School's policy for [national modal grade for 15-year-olds] students: Students are grouped by ability within their classes.
2022,colegios,SC187Q01WA,SC187Q01WA,"Which describes school's math classes: Mathematics classes study similar content, but at different levels of difficulty."
2022,colegios,SC187Q02WA,SC187Q02WA,Which describes school's math classes: Different classes study different content or sets of mathematics topics that have different levels of difficulty.
2022,colegios,SC187Q03WA,SC187Q03WA,Which describes school's math classes: Students are grouped by ability within their mathematics classes.
2022,colegios,SC187Q04WA,SC187Q04WA,"Which describes school's math classes: In mathematics classes, teachers use pedagogy suitable for students with heterogeneous abilities (i.e. students are not grouped by ability)."
2022,colegios,SC177Q01JA,SC177Q01JA,Who is responsible for this at your school: Choosing a student's mathematics course(s)
2022,colegios,SC177Q02JA,SC177Q02JA,Who is responsible for this at your school: Choosing the level of difficulty of a student's mathematics course(s)
2022,colegios,SC177Q03JA,SC177Q03JA,Who is responsible for this at your school: Choosing the number of mathematics courses or [class periods] that a student takes
2022,colegios,SC188Q01JA,SC188Q01JA,Extent structures your school's math programme: [Local or municipal] curriculum standards or curriculum guides
2022,colegios,SC188Q02JA,SC188Q02JA,Extent structures your school's math programme: [Regional or state] curriculum standards or curriculum guides
2022,colegios,SC188Q03JA,SC188Q03JA,Extent structures your school's math programme: [National or federal] curriculum standards or frameworks
2022,colegios,SC188Q04JA,SC188Q04JA,Extent structures your school's math programme: In-school curriculum frameworks and standards for learning
2022,colegios,SC188Q05JA,SC188Q05JA,Extent structures your school's math programme: Results from [local or municipal] assessments
2022,colegios,SC188Q06JA,SC188Q06JA,Extent structures your school's math programme: Results from [regional or state] assessments
2022,colegios,SC188Q07JA,SC188Q07JA,Extent structures your school's math programme: Results from [national or federal ] assessments
2022,colegios,SC188Q08JA,SC188Q08JA,Extent structures your school's math programme: Recommendations from school mathematics department
2022,colegios,SC188Q09JA,SC188Q09JA,Extent structures your school's math programme: Discretion of individual teachers
2022,colegios,SC188Q10JA,SC188Q10JA,Extent structures your school's math programme: Results from school assessments (e.g. quizzes or tests created by teachers)
2022,colegios,SC188Q11JA,SC188Q11JA,Extent structures your school's math programme: Commercially designed programmes
2022,colegios,SC195Q01JA,SC195Q01JA,"How often students assessed by: Mandatory [standardised tests], e.g. [country specific example]"
2022,colegios,SC195Q02JA,SC195Q02JA,How often students assessed by: Non-mandatory [standardised tests] (e.g. publicly or commercially available standardised test material like [country specific example])
2022,colegios,SC195Q03JA,SC195Q03JA,How often students assessed by: Teacher-developed tests
2022,colegios,SC195Q04JA,SC195Q04JA,How often students assessed by: Teachers' judgmental ratings
2022,colegios,SC198Q01JA,SC198Q01JA,Use of math achievement data in your school: Mathematics achievement data are posted publicly (e.g. in the media)
2022,colegios,SC198Q02JA,SC198Q02JA,Use of math achievement data in your school: Mathematics achievement data are tracked over time by an administrative authority
2022,colegios,SC198Q03JA,SC198Q03JA,Use of math achievement data in your school: Mathematics achievement data are provided directly to parents or guardians
2022,colegios,SC178Q01JA,SC178Q01JA,Percentage of students who received these [marks] in math in last [school report]: [Marks] at or above the [pass mark]
2022,colegios,SC178Q02JA,SC178Q02JA,Percentage of students who received these [marks] in math in last [school report]: [Marks] below the [pass mark]
2022,colegios,SC180Q01JA,SC180Q01JA,Does your school offer additional math lessons apart from math lessons offered during the usual school hours?
2022,colegios,SC181Q01JA,SC181Q01JA,Other types of math lessons offered: [Enrichment]
2022,colegios,SC181Q02JA,SC181Q02JA,Other types of math lessons offered: [Remedial]
2022,colegios,SC181Q03JA,SC181Q03JA,Other types of math lessons offered: Without differentiation depending on the prior achievement level of the students
2022,colegios,SC189Q02WA,SC189Q02WA,"Applies to your school? The school has a policy on how to use [digital devices] in mathematics instruction (e.g. amount of computer use in mathematics lessons, use of specific mathematics computer programs)."
2022,colegios,SC189Q03WA,SC189Q03WA,Applies to your school? All [national modal grade for 15-year-olds] mathematics classes in the school use the same textbook.
2022,colegios,SC189Q04WA,SC189Q04WA,Applies to your school? Mathematics teachers in the school follow a standardised curriculum that specifies content at least on a monthly basis.
2022,colegios,SC189Q01JA,SC189Q01JA,Applies to your school? The school has a specific policy to encourage the teaching and learning of [social and emotional skills].
2022,colegios,SC189Q05JA,SC189Q05JA,Applies to your school? There is a mission statement describing the [social and emotional skills] we aim to foster in our school.
2022,colegios,SC189Q06JA,SC189Q06JA,Applies to your school? Teachers are asked to evaluate students' [social and emotional skills] as a part of their grading.
2022,colegios,SC169Q01JA,SC169Q01JA,Does your school offer career guidance to students in <national modal grade for 15-year-olds>?
2022,colegios,SC210Q01JA,SC210Q01JA,Which statements best describe the situation for [national modal grade for 15-year-olds] students at your school?
2022,colegios,SC170Q01JA,SC170Q01JA,Who has main responsibility for career guidance for [national modal grade for 15-year-olds] students at your school?
2022,colegios,SC171Q01JA,SC171Q01JA,Does school offer this info to [national modal grade for 15-year-olds] students: Information about internships
2022,colegios,SC171Q02JA,SC171Q02JA,Does school offer this info to [national modal grade for 15-year-olds] students: Information about future careers
2022,colegios,SC171Q03JA,SC171Q03JA,Does school offer this info to [national modal grade for 15-year-olds] students: Information about future educational opportunities
2022,colegios,SC171Q04JA,SC171Q04JA,Does school offer this info to [national modal grade for 15-year-olds] students: Information about student financing (e.g. student loans or grants)
2022,colegios,SC204Q01JA,SC204Q01JA,Agree/disagree: Creativity can be trained.
2022,colegios,SC204Q02JA,SC204Q02JA,Agree/disagree: People can be creative if they keep trying.
2022,colegios,SC204Q05JA,SC204Q05JA,Agree/disagree: There are many different ways to be creative.
2022,colegios,SC204Q06JA,SC204Q06JA,Agree/disagree: It is possible to be creative in nearly any subject.
2022,colegios,SC205Q01JA,SC205Q01JA,Agree/disagree: Teachers in our school give students enough time to come up with creative solutions on assignments.
2022,colegios,SC205Q02JA,SC205Q02JA,Agree/disagree: Teachers in our school value students' creativity.
2022,colegios,SC205Q03JA,SC205Q03JA,Agree/disagree: Class activities in our school help students think about new ways to solve complex tasks.
2022,colegios,SC205Q05JA,SC205Q05JA,Agree/disagree: Mathematics assignments at our school require students to come up with different solutions for a complex task.
2022,colegios,SC205Q06JA,SC205Q06JA,Agree/disagree: Teachers in our school encourage students to come up with original answers.
2022,colegios,SC205Q07JA,SC205Q07JA,"Agree/disagree: At our school, students are given a chance to express their ideas."
2022,colegios,SC207Q01JA,SC207Q01JA,"Is this offered at your school, and how often offered: Art classes/activities (e.g. painting, drawing)"
2022,colegios,SC207Q02JA,SC207Q02JA,"Is this offered at your school, and how often offered: Creative writing classes/activities"
2022,colegios,SC207Q03JA,SC207Q03JA,"Is this offered at your school, and how often offered: Music classes/activities (e.g. chorus, band)"
2022,colegios,SC207Q04JA,SC207Q04JA,"Is this offered at your school, and how often offered: Debate [club]"
2022,colegios,SC207Q05JA,SC207Q05JA,"Is this offered at your school, and how often offered: Dramatics, theatre class/activities"
2022,colegios,SC207Q06JA,SC207Q06JA,"Is this offered at your school, and how often offered: Publications (e.g. newspaper, [yearbooks], literary magazine)"
2022,colegios,SC207Q07JA,SC207Q07JA,"Is this offered at your school, and how often offered: Science [club]"
2022,colegios,SC207Q08JA,SC207Q08JA,"Is this offered at your school, and how often offered: Computer programming classes/activities"
2022,colegios,SC208Q01JA,SC208Q01JA,Agree/disagree: Most students at my school are creative.
2022,colegios,SC208Q02JA,SC208Q02JA,Agree/disagree: Most students at my school enjoy doing creative projects.
2022,colegios,SC208Q03JA,SC208Q03JA,Agree/disagree: Most students at my school perform well when given the freedom to be creative.
2022,colegios,SC208Q04JA,SC208Q04JA,Agree/disagree: Most students at my school enjoy work that is challenging.
2022,colegios,SC208Q05JA,SC208Q05JA,Agree/disagree: Most students at my school enjoy learning new things.
2022,colegios,SC208Q06JA,SC208Q06JA,Agree/disagree: Most students at my school perform well when given complex problems to solve.
2022,colegios,SC208Q07JA,SC208Q07JA,Agree/disagree: Most students at my school are artistic.
2022,colegios,SC208Q08JA,SC208Q08JA,Agree/disagree: Most students at my school are imaginative.
2022,colegios,SC208Q09JA,SC208Q09JA,Agree/disagree: Most students at my school are able to think of many new ideas.
2022,colegios,SC213Q01JA,SC213Q01JA,"In last 3 yrs, how many school days was school closed due to: Number of school days closed because of COVID-19:"
2022,colegios,SC213Q02JA,SC213Q02JA,"In last 3 yrs, how many school days was school closed due to: Number of school days closed for another reason (e.g. a natural disaster, strikes or demonstrations, air pollution):"
2022,colegios,SC214Q01JA,SC214Q01JA,"During COVID closures, instruction organized: Classes were taught remotely using digital devices."
2022,colegios,SC214Q02JA,SC214Q02JA,"During COVID closures, instruction organized: Students were asked to complete classes on their own based on materials distributed to them."
2022,colegios,SC214Q03JA,SC214Q03JA,"During COVID closures, instruction organized: Classes were cancelled and not replaced by remote instruction."
2022,colegios,SC215Q01JA,SC215Q01JA,"During COVID closures, did school offer students: Paper textbooks, workbooks, or worksheets"
2022,colegios,SC215Q02JA,SC215Q02JA,"During COVID closures, did school offer students: Digital textbooks, workbooks, or worksheets"
2022,colegios,SC215Q03JA,SC215Q03JA,"During COVID closures, did school offer students: Real-time lessons by a teacher from my school on a video communication program (e.g. [ZoomTM], [SkypeTM], [Google® MeetTM], [Microsoft® Teams])"
2022,colegios,SC215Q04JA,SC215Q04JA,"During COVID closures, did school offer students: Recorded lessons or other digital material created by teachers from my school"
2022,colegios,SC215Q05JA,SC215Q05JA,"During COVID closures, did school offer students: Recorded lessons or other digital material created by others outside of school"
2022,colegios,SC215Q06JA,SC215Q06JA,"During COVID closures, did school offer students: Additional instructional resources for students with special learning needs"
2022,colegios,SC215Q07JA,SC215Q07JA,"During COVID closures, did school offer students: Additional instructional resources for students whose [heritage language] is different from [test language]"
2022,colegios,SC215Q08JA,SC215Q08JA,"During COVID closures, did school offer students: Lessons broadcast over television or radio"
2022,colegios,SC216Q01JA,SC216Q01JA,"During COVID closures, remote instruction hindered by: Lack of access to digital devices among students"
2022,colegios,SC216Q02JA,SC216Q02JA,"During COVID closures, remote instruction hindered by: Lack of access to digital devices among teachers"
2022,colegios,SC216Q03JA,SC216Q03JA,"During COVID closures, remote instruction hindered by: Lack of access to the Internet among students"
2022,colegios,SC216Q04JA,SC216Q04JA,"During COVID closures, remote instruction hindered by: Lack of access to the Internet among teachers"
2022,colegios,SC216Q05JA,SC216Q05JA,"During COVID closures, remote instruction hindered by: Lack of learning management systems or school learning platforms (e.g. [Blackboard®], [Edmodo®], [Moodle®], [Google® Classroom™])"
2022,colegios,SC216Q06JA,SC216Q06JA,"During COVID closures, remote instruction hindered by: Lack of educational materials for distance learning (e.g. textbooks, workbooks, worksheets, instructional videos)"
2022,colegios,SC216Q07JA,SC216Q07JA,"During COVID closures, remote instruction hindered by: Difficulty getting in touch with students while school buildings were closed"
2022,colegios,SC216Q08JA,SC216Q08JA,"During COVID closures, remote instruction hindered by: Shortage of teachers available to provide remote instruction"
2022,colegios,SC216Q09JA,SC216Q09JA,"During COVID closures, remote instruction hindered by: Lack of experience in providing remote instruction among teachers"
2022,colegios,SC217Q01JA,SC217Q01JA,"During COVID closures, were teachers asked to: Communicate with students through written notes or letters"
2022,colegios,SC217Q02JA,SC217Q02JA,"During COVID closures, were teachers asked to: Communicate with students through email"
2022,colegios,SC217Q03JA,SC217Q03JA,"During COVID closures, were teachers asked to: Conduct virtual office hours or meetings with students"
2022,colegios,SC217Q04JA,SC217Q04JA,"During COVID closures, were teachers asked to: Answer students' questions over the phone"
2022,colegios,SC217Q05JA,SC217Q05JA,"During COVID closures, were teachers asked to: Initiate calls to students (e.g. phone, Skype™)"
2022,colegios,SC217Q06JA,SC217Q06JA,"During COVID closures, were teachers asked to: Ask parents or guardians for their help with their child's distance learning"
2022,colegios,SC217Q07JA,SC217Q07JA,"During COVID closures, were teachers asked to:  Initiate communications (e.g. email, phone, [SkypeTM]) with parents or guardians about their child's progress"
2022,colegios,SC217Q08JA,SC217Q08JA,"During COVID closures, were teachers asked to: Provide information to parents or guardians about how to help their child with school work"
2022,colegios,SC217Q10JA,SC217Q10JA,"During COVID closures, were teachers asked to: Keep track of students' completion of distance learning assignments"
2022,colegios,SC218Q01JA,SC218Q01JA,"During COVID closures, did the school keep track of students' attendance in distance learning activities?"
2022,colegios,SC219Q01JA,SC219Q01JA,"During COVID closures, approximately what percentage of students attended distance learning activities in a typical week?"
2022,colegios,SC220Q01JA,SC220Q01JA,"During COVID closures, approximately what percentage of students did not attend any distance learning activities?"
2022,colegios,SC221Q01JA,SC221Q01JA,"During COVID closures, resources for teachers' remote instruction: Regular meetings with other teachers and staff"
2022,colegios,SC221Q02JA,SC221Q02JA,"During COVID closures, resources for teachers' remote instruction: Online platforms and tools for self-directed or collaborative learning (e.g. online forums, discussion boards, professional communities)"
2022,colegios,SC221Q03JA,SC221Q03JA,"During COVID closures, resources for teachers' remote instruction: Tools that help teachers develop remote instruction plans (e.g. digital lesson planners, compiled resources and guides offered by organisations)"
2022,colegios,SC221Q04JA,SC221Q04JA,"During COVID closures, resources for teachers' remote instruction: Professional development activities focused on how to provide remote instruction"
2022,colegios,SC222Q01JA,SC222Q01JA,"During COVID closures, extent you felt these groups supported your school:  A national educational authority"
2022,colegios,SC222Q02JA,SC222Q02JA,"During COVID closures, extent you felt these groups supported your school:  A regional educational authority"
2022,colegios,SC222Q03JA,SC222Q03JA,"During COVID closures, extent you felt these groups supported your school:  A local educational authority"
2022,colegios,SC222Q04JA,SC222Q04JA,"During COVID closures, extent you felt these groups supported your school:  Students' parents or guardians"
2022,colegios,SC222Q05JA,SC222Q05JA,"During COVID closures, extent you felt these groups supported your school:  Private donors"
2022,colegios,SC223Q01JA,SC223Q01JA,"School prepare by? Training teaching staff on the use of video communication programs (e.g. Zoom™, Skype™, Google® Meet™, Microsoft® Teams) for remote instruction"
2022,colegios,SC223Q02JA,SC223Q02JA,"School prepare by? Training students on the use of video communication programs (e.g. Zoom™, Skype™, Google® Meet™, Microsoft® Teams) for remote instruction"
2022,colegios,SC223Q03JA,SC223Q03JA,"School prepare by? Preparing digital material for remote instruction (e.g. reorganising existing resources, designing new resources)"
2022,colegios,SC223Q04JA,SC223Q04JA,"School prepare by? Preparing paper-based material for remote instruction (e.g. reorganising existing resources, designing new resources)"
2022,colegios,SC223Q05JA,SC223Q05JA,"School prepare by? Adapting existing curriculum plans for remote instruction (e.g. modifying course requirements, sequence of lessons, grading policies)"
2022,colegios,SC223Q06JA,SC223Q06JA,"School prepare by? Preparing digital materials for assessing student learning via online assessment (e.g. quizzes, tests)"
2022,colegios,SC223Q07JA,SC223Q07JA,School prepare by? Compiling instructional resources for parents or guardians to support their child's learning outside the school
2022,colegios,SC223Q08JA,SC223Q08JA,School prepare by? Ensuring that students have access to digital devices for remote instruction
2022,colegios,SC223Q09JA,SC223Q09JA,School prepare by? Ensuring that teaching staff have access to digital resources for remote instruction
2022,colegios,SC223Q10JA,SC223Q10JA,School prepare by? Preparing a plan for transitioning students and teachers from classroom-based instruction to remote instruction
2022,colegios,SC155Q06HA,SC155Q06HA,Agree/disagree: Teachers have the necessary technical and pedagogical skills to integrate digital devices in instruction.
2022,colegios,SC155Q07HA,SC155Q07HA,Agree/disagree: Teachers have sufficient time to prepare lessons integrating digital devices.
2022,colegios,SC155Q08HA,SC155Q08HA,Agree/disagree: Effective professional resources for teachers to learn how to use digital devices are available.
2022,colegios,SC155Q09HA,SC155Q09HA,Agree/disagree: An effective online learning support platform is available.
2022,colegios,SC155Q10HA,SC155Q10HA,Agree/disagree: Teachers are provided with incentives to integrate digital devices in their teaching.
2022,colegios,SC155Q11HA,SC155Q11HA,Agree/disagree: The school has sufficient qualified technical assistant staff.
2022,colegios,SC224Q01JA,SC224Q01JA,How prepared is your school to provide remote instruction if closed to students for an extended period in the future?
2022,colegios,SC209Q04JA,SC209Q04JA,Have you: I have spoken to teachers at my school about the importance of the PISA test.
2022,colegios,SC209Q05JA,SC209Q05JA,Have you: I have spoken to parents or guardians about the importance of the PISA test.
2022,colegios,SC209Q06JA,SC209Q06JA,Have you: I have encouraged the students at my school to do their best during the PISA test.
2022,colegios,PRIVATESCH,PRIVATESCH,"School type derived from sampling information; values = public, private, missing"
2022,colegios,SCHLTYPE,SCHLTYPE,School type
2022,colegios,SCHSIZE,SCHSIZE,School size (Sum)
2022,colegios,TOTAT,TOTAT,Total number of all teachers at school (Sum)
2022,colegios,PROATCE,PROATCE,Proportion of all teachers fully certified
2022,colegios,PROPAT6,PROPAT6,Proportion of all teachers with at least ISCED level 6 Bachelor qualification
2022,colegios,PROPAT7,PROPAT7,Proportion of all teachers with at least ISCED level 7 Master qualification
2022,colegios,PROPAT8,PROPAT8,Proportion of all teachers with ISCED level 8 Doctoral qualification
2022,colegios,STRATIO,STRATIO,Student-teacher ratio
2022,colegios,TOTMATH,TOTMATH,Total number of mathematics teachers at school (Sum)
2022,colegios,PROPMATH,PROPMATH,Proportion of mathematics teachers at school
2022,colegios,SMRATIO,SMRATIO,Student-mathematics teacher ratio
2022,colegios,TOTSTAFF,TOTSTAFF,Total number of non-teaching staff at school
2022,colegios,PROPSUPP,PROPSUPP,Proportion of personnel for pedagogical support
2022,colegios,PROADMIN,PROADMIN,Proportion of school administrative personnel
2022,colegios,PROMGMT,PROMGMT,Proportion of school management personnel
2022,colegios,PROOSTAF,PROOSTAF,Proportion of other non-teaching staff
2022,colegios,SCHSEL,SCHSEL,School selectivity
2022,colegios,SCHAUTO,SCHAUTO,School autonomy (WLE)
2022,colegios,TCHPART,TCHPART,Teacher participation (WLE)
2022,colegios,SRESPCUR,SRESPCUR,School responsibility for curriculum
2022,colegios,SRESPRES,SRESPRES,School responsibility for resources
2022,colegios,EDULEAD,EDULEAD,Educational leadership (WLE)
2022,colegios,INSTLEAD,INSTLEAD,Instructional leadership (WLE)
2022,colegios,ENCOURPG,ENCOURPG,School encouragement of parent or guardian involvement (WLE)
2022,colegios,RATCMP1,RATCMP1,Availability of computers
2022,colegios,RATCMP2,RATCMP2,Computers connected to the Internet
2022,colegios,RATTAB,RATTAB,Availability of tablet devices
2022,colegios,DIGDVPOL,DIGDVPOL,Digital device policies at school (WLE)
2022,colegios,TEAFDBK,TEAFDBK,Feedback to teachers (WLE)
2022,colegios,MTTRAIN,MTTRAIN,Mathematics teacher training (WLE)
2022,colegios,DMCVIEWS,DMCVIEWS,School diversity and multi-cultural views (WLE)
2022,colegios,NEGSCLIM,NEGSCLIM,Negative school climate (WLE)
2022,colegios,STAFFSHORT,STAFFSHORT,Shortage of educational staff (WLE)
2022,colegios,EDUSHORT,EDUSHORT,Shortage of educational material (WLE)
2022,colegios,STUBEHA,STUBEHA,Student-related factors affecting school climate (WLE)
2022,colegios,TEACHBEHA,TEACHBEHA,Teacher-related factors affecting school climate (WLE)
2022,colegios,MCLSIZE,MCLSIZE,Math class size
2022,colegios,CLSIZE,CLSIZE,Class size (test language class)
2022,colegios,STDTEST,STDTEST,Use of standardized tests (WLE)
2022,colegios,TDTEST,TDTEST,Use of teacher-developed tests (WLE)
2022,colegios,CREACTIV,CREACTIV,Creative extra-curricular activities (3 activities)
2022,colegios,ALLACTIV,ALLACTIV,Extra-curricular activities offered (all) (WLE)
2022,colegios,MACTIV,MACTIV,Mathematics-related extra-curricular activities at school
2022,colegios,MATHEXC,MATHEXC,Mathematics extension courses offered at school
2022,colegios,ABGMATH,ABGMATH,Ability grouping for mathematics classes
2022,colegios,BCREATSC,BCREATSC,Beliefs about creativity (WLE)
2022,colegios,CREENVSC,CREENVSC,Creative school environment (WLE)
2022,colegios,ACTCRESC,ACTCRESC,Creative school activities offered (WLE)
2022,colegios,OPENCUL,OPENCUL,Openness culture/climate (WLE)
2022,colegios,SCSUPRTED,SCSUPRTED,School Closure Support from Education Authorities
2022,colegios,SCSUPRT,SCSUPRT,School Closure Support from Other Sources
2022,colegios,PROBSCRI,PROBSCRI,Problems with Schools’ Capacity to Provide Remote Instruction (WLE)
2022,colegios,SCPREPBP,SCPREPBP,"School Preparation for Remote Instruction, Before Pandemic (WLE)"
2022,colegios,SCPREPAP,SCPREPAP,"School Preparation for Remote Instruction, In Response to Pandemic (WLE)"
2022,colegios,DIGPREP,DIGPREP,Preparedness for Digital Learning (WLE)
2022,colegios,W_SCHGRNRABWT,W_SCHGRNRABWT,GRADE NONRESPONSE ADJUSTED SCHOOL BASE WEIGHT
2022,colegios,W_FSTUWT_SCH_SUM,W_FSTUWT_SCH_SUM,Sum of W_FSTUWT
2022,colegios,W_FSTUWT_SCH_N,W_FSTUWT_SCH_N,N of W_FSTUWT
2022,colegios,SENWT,SENWT,Senate Weight (sum of 5000 per country)
2022,colegios,VER_DAT,VER_DAT,Date of the database creation
2022,colegios,EDICION,,Añadida por el pipeline: año de la edición
2022,estudiantes,DOMINIO_PRINCIPAL,,Añadida por el pipeline: dominio focal del ciclo
2022,estudiantes,ESCS_TREND,,Añadida por el pipeline: ESCS copia del original (2022 es la escala de referencia)
2022,estudiantes,HISEI_TREND,,Añadida por el pipeline: HISEI copia del original (2022 es la escala de referencia)
2022,estudiantes,HOMEPOS_TREND,,Añadida por el pipeline: HOMEPOS copia del original (2022 es la escala de referencia)
2022,estudiantes,PAREDINT_TREND,,Añadida por el pipeline: PAREDINT copia del original (2022 es la escala de referencia)
